report_date,item,low_price,high_price,wtd_avg_price,volume,wtd_avg_price_prev,volume_prev,price_change,price_unit,volume_unit
2023-01-01,ALL Items,122.0,122.0,122.0,15,123.69,39336,-1.69,Cents Per Lb,Pounds
2023-01-01,All Items,96.0,159.0,126.33,10780,129.2,11219,-2.87,Cents Per Lb,Pounds
2023-01-01,Backs and Necks Stripped,7.0,14.0,12.01,5573,12.69,5410,-0.68,Cents Per Lb,Pounds
2023-01-01,Breast - B/S,67.0,265.0,100.68,10252,95.77,11065,4.91,Cents Per Lb,Pounds
2023-01-01,Breast - Line Run,97.0,115.0,105.97,751,104.38,788,1.59,Cents Per Lb,Pounds
2023-01-01,Breast With Ribs,101.0,147.0,120.0,698,114.01,800,5.99,Cents Per Lb,Pounds
2023-01-01,Drumsticks,28.0,59.0,40.29,5145,39.67,5631,0.62,Cents Per Lb,Pounds
2023-01-01,Frames,3.0,8.0,5.22,6320,4.38,5640,0.84,Cents Per Lb,Pounds
2023-01-01,Gizzards and Hearts,45.0,75.0,64.77,512,66.01,614,-1.24,Cents Per Lb,Pounds
2023-01-01,Leg Quarters - 4/10,29.0,35.0,31.99,116,30.07,371,1.92,Cents Per Lb,Pounds
2023-01-01,Leg quarters - Bulk,24.0,33.0,27.16,308,22.11,1120,5.05,Cents Per Lb,Pounds
2023-01-01,Legs - Bone-in,31.0,50.0,34.87,1945,40.59,1303,-5.72,Cents Per Lb,Pounds
2023-01-01,Livers,59.0,64.0,60.73,400,61.72,980,-0.99,Cents Per Lb,Pounds
2023-01-01,Mechanically Separated,28.0,37.0,32.85,2214,37.76,1944,-4.91,Cents Per Lb,Pounds
2023-01-01,RTC Broiler/Fryer,122.0,122.0,122.0,15,129.46,11862,-7.46,Cents Per Lb,Pounds
2023-01-01,Tenderloins,88.0,154.0,105.98,4198,103.81,3912,2.17,Cents Per Lb,Pounds
2023-01-01,Thighs - B/S,62.0,97.0,78.34,3259,76.18,4219,2.16,Cents Per Lb,Pounds
2023-01-01,Thighs - Bone-in,40.0,57.0,47.93,437,47.13,494,0.8,Cents Per Lb,Pounds
2023-01-01,WOG,96.0,157.0,125.62,10220,127.78,10485,-2.16,Cents Per Lb,Pounds
2023-01-01,Wings - Cut,77.0,105.0,84.61,662,89.97,816,-5.36,Cents Per Lb,Pounds
2023-01-01,Wings - Whole,76.0,111.0,91.36,3257,89.0,2876,2.36,Cents Per Lb,Pounds
2023-02-01,ALL Items,80.0,160.0,121.68,40691,121.84,39557,-0.16,Cents Per Lb,Pounds
2023-02-01,All Items,95.0,160.0,126.77,11693,126.33,10780,0.44,Cents Per Lb,Pounds
2023-02-01,Backs and Necks Stripped,9.0,14.0,11.83,6093,12.01,5573,-0.18,Cents Per Lb,Pounds
2023-02-01,Breast - B/S,85.0,267.0,122.81,10536,100.68,10252,22.13,Cents Per Lb,Pounds
2023-02-01,Breast - Line Run,106.0,123.0,114.41,698,105.97,751,8.44,Cents Per Lb,Pounds
2023-02-01,Breast With Ribs,111.0,155.0,134.38,433,120.0,698,14.38,Cents Per Lb,Pounds
2023-02-01,Drumsticks,26.0,57.0,40.21,7819,40.29,5145,-0.08,Cents Per Lb,Pounds
2023-02-01,Frames,2.0,6.0,4.27,6600,5.22,6320,-0.95,Cents Per Lb,Pounds
2023-02-01,Gizzards and Hearts,52.0,74.0,66.24,502,64.77,512,1.47,Cents Per Lb,Pounds
2023-02-01,Leg quarters - Bulk,28.0,45.0,35.59,9823,27.16,308,8.43,Cents Per Lb,Pounds
2023-02-01,Legs - Bone-in,38.0,65.0,53.57,1354,,,,Cents Per Lb,Pounds
2023-02-01,Livers,60.0,63.0,61.41,360,60.73,400,0.68,Cents Per Lb,Pounds
2023-02-01,Mechanically Separated,30.0,36.0,33.34,1971,32.85,2214,0.49,Cents Per Lb,Pounds
2023-02-01,RTC Broiler/Fryer,80.0,158.0,125.98,12753,126.69,12310,-0.71,Cents Per Lb,Pounds
2023-02-01,Tenderloins,90.0,161.0,116.48,4062,105.98,4198,10.5,Cents Per Lb,Pounds
2023-02-01,Thighs - B/S,57.0,116.0,90.22,3573,78.34,3259,11.88,Cents Per Lb,Pounds
2023-02-01,Thighs - Bone-in,41.0,69.0,53.58,358,47.93,437,5.65,Cents Per Lb,Pounds
2023-02-01,WOG,98.0,160.0,126.21,10790,125.62,10220,0.59,Cents Per Lb,Pounds
2023-02-01,Wings - Cut,77.0,120.0,91.99,677,84.61,662,7.38,Cents Per Lb,Pounds
2023-02-01,Wings - Whole,82.0,141.0,110.33,3421,91.36,3257,18.97,Cents Per Lb,Pounds
2023-03-01,ALL Items,87.0,163.0,130.05,51541,121.68,40691,8.37,Cents Per Lb,Pounds
2023-03-01,All Items,99.0,163.0,135.25,14800,126.77,11693,8.48,Cents Per Lb,Pounds
2023-03-01,Backs and Necks Stripped,8.0,14.0,11.43,7281,11.83,6093,-0.4,Cents Per Lb,Pounds
2023-03-01,Breast - B/S,118.0,267.0,136.57,12664,122.81,10536,13.76,Cents Per Lb,Pounds
2023-03-01,Breast - Line Run,112.0,123.0,116.74,874,114.41,698,2.33,Cents Per Lb,Pounds
2023-03-01,Breast With Ribs,112.0,159.0,136.86,625,134.38,433,2.48,Cents Per Lb,Pounds
2023-03-01,Drumsticks,28.0,44.0,41.85,3158,,,,Cents Per Lb,Pounds
2023-03-01,Frames,4.0,11.0,6.63,6748,4.27,6600,2.36,Cents Per Lb,Pounds
2023-03-01,Gizzards and Hearts,52.0,77.0,70.96,542,66.24,502,4.72,Cents Per Lb,Pounds
2023-03-01,Leg Quarters - 4/10,42.0,44.0,43.5,160,,,,Cents Per Lb,Pounds
2023-03-01,Leg quarters - Bulk,38.0,48.0,41.97,6676,35.59,9823,6.38,Cents Per Lb,Pounds
2023-03-01,Legs - Bone-in,55.0,59.0,56.54,702,53.57,1354,2.97,Cents Per Lb,Pounds
2023-03-01,Livers,60.0,68.0,62.82,463,61.41,360,1.41,Cents Per Lb,Pounds
2023-03-01,Mechanically Separated,28.0,36.5,32.8,3591,33.34,1971,-0.54,Cents Per Lb,Pounds
2023-03-01,RTC Broiler/Fryer,93.0,159.0,130.91,16089,125.98,12753,4.93,Cents Per Lb,Pounds
2023-03-01,Tenderloins,106.0,185.0,130.51,5288,116.48,4062,14.03,Cents Per Lb,Pounds
2023-03-01,Thighs - B/S,60.0,142.0,110.91,3951,90.22,3573,20.69,Cents Per Lb,Pounds
2023-03-01,Thighs - Bone-in,52.0,72.0,62.04,356,53.58,358,8.46,Cents Per Lb,Pounds
2023-03-01,WOG,102.0,163.0,134.74,13820,126.21,10790,8.53,Cents Per Lb,Pounds
2023-03-01,Wings - Cut,84.0,133.0,103.49,714,91.99,677,11.5,Cents Per Lb,Pounds
2023-03-01,Wings - Whole,85.0,135.0,107.77,3711,110.33,3421,-2.56,Cents Per Lb,Pounds
2023-04-01,ALL Items,105.0,170.0,140.15,41949,130.05,51541,10.1,Cents Per Lb,Pounds
2023-04-01,All Items,120.0,170.0,145.26,12145,135.25,14800,10.01,Cents Per Lb,Pounds
2023-04-01,Backs and Necks Stripped,8.0,14.0,11.26,5939,11.43,7281,-0.17,Cents Per Lb,Pounds
2023-04-01,Breast - B/S,115.0,267.0,131.28,8422,136.57,12664,-5.29,Cents Per Lb,Pounds
2023-04-01,Breast - Line Run,115.0,123.0,118.04,649,116.74,874,1.3,Cents Per Lb,Pounds
2023-04-01,Breast With Ribs,116.0,156.0,139.67,412,136.86,625,2.81,Cents Per Lb,Pounds
2023-04-01,Drumsticks,39.0,42.0,40.73,1620,41.85,3158,-1.12,Cents Per Lb,Pounds
2023-04-01,Frames,7.0,13.0,10.33,7600,6.63,6748,3.7,Cents Per Lb,Pounds
2023-04-01,Gizzards and Hearts,52.0,76.0,73.62,308,70.96,542,2.66,Cents Per Lb,Pounds
2023-04-01,Leg quarters - Bulk,43.0,52.0,47.31,11800,41.97,6676,5.34,Cents Per Lb,Pounds
2023-04-01,Legs - Bone-in,61.0,67.0,63.33,162,56.54,702,6.79,Cents Per Lb,Pounds
2023-04-01,Livers,61.0,64.0,62.42,364,62.82,463,-0.4,Cents Per Lb,Pounds
2023-04-01,Mechanically Separated,28.0,36.0,33.43,2368,32.8,3591,0.63,Cents Per Lb,Pounds
2023-04-01,RTC Broiler/Fryer,105.0,170.0,138.12,12583,130.91,16089,7.21,Cents Per Lb,Pounds
2023-04-01,Tenderloins,130.0,201.0,159.96,3972,130.51,5288,29.45,Cents Per Lb,Pounds
2023-04-01,Thighs - B/S,70.0,152.0,130.54,2912,110.91,3951,19.63,Cents Per Lb,Pounds
2023-04-01,Thighs - Bone-in,60.0,68.0,65.82,158,62.04,356,3.78,Cents Per Lb,Pounds
2023-04-01,WOG,120.0,163.0,144.96,11560,134.74,13820,10.22,Cents Per Lb,Pounds
2023-04-01,Wings - Cut,90.0,133.0,117.18,1014,103.49,714,13.69,Cents Per Lb,Pounds
2023-04-01,Wings - Whole,88.0,119.0,102.22,3076,107.77,3711,-5.55,Cents Per Lb,Pounds
2023-05-01,ALL Items,118.0,170.0,142.43,52930,140.15,41949,2.28,Cents Per Lb,Pounds
2023-05-01,All Items,128.0,170.0,147.06,14858,145.26,12145,1.8,Cents Per Lb,Pounds
2023-05-01,Backs and Necks Stripped,9.0,13.0,11.86,7605,11.26,5939,0.6,Cents Per Lb,Pounds
2023-05-01,Breast - B/S,125.0,150.0,143.24,148,,,,Cents Per Lb,Pounds
2023-05-01,Breast - Line Run,114.0,122.0,119.58,820,118.04,649,1.54,Cents Per Lb,Pounds
2023-05-01,Breast With Ribs,117.0,167.0,144.17,542,139.67,412,4.5,Cents Per Lb,Pounds
2023-05-01,Drumsticks,36.5,42.0,37.53,12670,40.73,1620,-3.2,Cents Per Lb,Pounds
2023-05-01,Frames,6.0,15.0,9.85,9506,10.33,7600,-0.48,Cents Per Lb,Pounds
2023-05-01,Gizzards and Hearts,60.0,77.0,73.56,419,73.62,308,-0.06,Cents Per Lb,Pounds
2023-05-01,Leg quarters - Bulk,39.0,48.0,43.23,14036,47.31,11800,-4.08,Cents Per Lb,Pounds
2023-05-01,Legs - Bone-in,51.0,52.0,51.21,756,63.33,162,-12.12,Cents Per Lb,Pounds
2023-05-01,Livers,61.0,70.0,62.27,450,62.42,364,-0.15,Cents Per Lb,Pounds
2023-05-01,Mechanically Separated,30.0,36.0,33.02,2673,33.43,2368,-0.41,Cents Per Lb,Pounds
2023-05-01,RTC Broiler/Fryer,121.0,170.0,140.02,15645,138.12,12583,1.9,Cents Per Lb,Pounds
2023-05-01,Tenderloins,159.0,222.0,190.93,4915,159.96,3972,30.97,Cents Per Lb,Pounds
2023-05-01,Thighs - B/S,90.0,155.0,136.74,3812,130.54,2912,6.2,Cents Per Lb,Pounds
2023-05-01,Thighs - Bone-in,62.0,65.0,62.91,230,65.82,158,-2.91,Cents Per Lb,Pounds
2023-05-01,WOG,128.0,163.0,146.79,14005,144.96,11560,1.83,Cents Per Lb,Pounds
2023-05-01,Wings - Cut,99.0,133.0,117.54,875,117.18,1014,0.36,Cents Per Lb,Pounds
2023-05-01,Wings - Whole,71.0,111.0,88.92,3934,102.22,3076,-13.3,Cents Per Lb,Pounds
2023-06-01,ALL Items,103.0,170.0,135.21,42136,142.43,52930,-7.22,Cents Per Lb,Pounds
2023-06-01,All Items,110.0,170.0,140.68,11735,147.06,14858,-6.38,Cents Per Lb,Pounds
2023-06-01,Backs and Necks Stripped,11.0,14.0,12.25,5566,11.86,7605,0.39,Cents Per Lb,Pounds
2023-06-01,Breast - B/S,97.0,267.0,130.47,8393,137.0,10207,-6.53,Cents Per Lb,Pounds
2023-06-01,Breast - Line Run,116.0,122.0,120.2,668,119.58,820,0.62,Cents Per Lb,Pounds
2023-06-01,Breast With Ribs,120.0,166.0,140.74,481,144.17,542,-3.43,Cents Per Lb,Pounds
2023-06-01,Drumsticks,29.0,37.0,34.26,3922,37.53,12670,-3.27,Cents Per Lb,Pounds
2023-06-01,Frames,4.0,9.0,6.03,5440,9.85,9506,-3.82,Cents Per Lb,Pounds
2023-06-01,Gizzards and Hearts,64.0,79.0,75.05,287,73.56,419,1.49,Cents Per Lb,Pounds
2023-06-01,Leg Quarters - 4/10,40.0,45.0,42.5,240,,,,Cents Per Lb,Pounds
2023-06-01,Leg quarters - Bulk,30.0,43.5,42.1,14736,43.23,14036,-1.13,Cents Per Lb,Pounds
2023-06-01,Legs - Bone-in,62.0,76.0,69.13,1638,70.97,2061,-1.84,Cents Per Lb,Pounds
2023-06-01,Livers,61.0,68.0,62.26,349,62.27,450,-0.01,Cents Per Lb,Pounds
2023-06-01,Mechanically Separated,22.0,34.0,29.55,1971,33.02,2673,-3.47,Cents Per Lb,Pounds
2023-06-01,RTC Broiler/Fryer,115.0,170.0,133.22,12343,140.02,15645,-6.8,Cents Per Lb,Pounds
2023-06-01,Tenderloins,176.0,244.0,195.89,3922,190.93,4915,4.96,Cents Per Lb,Pounds
2023-06-01,Thighs - B/S,99.0,156.0,135.51,2910,136.74,3812,-1.23,Cents Per Lb,Pounds
2023-06-01,Thighs - Bone-in,60.0,65.0,62.15,212,62.91,230,-0.76,Cents Per Lb,Pounds
2023-06-01,WOG,110.0,163.0,140.26,10850,146.79,14005,-6.53,Cents Per Lb,Pounds
2023-06-01,Wings - Cut,91.0,130.0,113.82,944,117.54,875,-3.72,Cents Per Lb,Pounds
2023-06-01,Wings - Whole,71.0,104.0,88.68,3182,88.92,3934,-0.24,Cents Per Lb,Pounds
2023-07-01,ALL Items,67.0,158.0,118.48,40830,135.21,42136,-16.73,Cents Per Lb,Pounds
2023-07-01,All Items,84.0,158.0,124.66,11102,140.68,11735,-16.02,Cents Per Lb,Pounds
2023-07-01,Backs and Necks Stripped,11.0,13.0,12.59,5110,12.25,5566,0.34,Cents Per Lb,Pounds
2023-07-01,Breast - B/S,105.0,115.0,109.4,1724,,,,Cents Per Lb,Pounds
2023-07-01,Breast - Line Run,116.0,120.0,117.99,642,120.2,668,-2.21,Cents Per Lb,Pounds
2023-07-01,Breast With Ribs,115.0,163.0,142.12,467,140.74,481,1.38,Cents Per Lb,Pounds
2023-07-01,Drumsticks,29.5,38.0,35.6,5440,34.26,3922,1.34,Cents Per Lb,Pounds
2023-07-01,Frames,3.0,7.0,4.52,6920,6.03,10880,-1.51,Cents Per Lb,Pounds
2023-07-01,Gizzards and Hearts,66.0,77.0,74.66,296,75.05,287,-0.39,Cents Per Lb,Pounds
2023-07-01,Leg Quarters - 4/10,40.0,42.0,41.12,1320,42.5,240,-1.38,Cents Per Lb,Pounds
2023-07-01,Leg quarters - Bulk,30.0,48.0,39.33,15874,42.1,14736,-2.77,Cents Per Lb,Pounds
2023-07-01,Legs - Bone-in,48.5,75.0,54.83,740,,,,Cents Per Lb,Pounds
2023-07-01,Livers,61.0,91.0,63.01,365,62.26,349,0.75,Cents Per Lb,Pounds
2023-07-01,Mechanically Separated,22.0,32.0,28.62,1917,29.55,1971,-0.93,Cents Per Lb,Pounds
2023-07-01,RTC Broiler/Fryer,82.0,158.0,118.75,11528,133.22,12343,-14.47,Cents Per Lb,Pounds
2023-07-01,Tenderloins,170.0,240.0,194.17,3794,195.89,3922,-1.72,Cents Per Lb,Pounds
2023-07-01,Thighs - B/S,112.0,157.0,138.58,2598,135.51,2910,3.07,Cents Per Lb,Pounds
2023-07-01,Thighs - Bone-in,30.0,68.0,61.98,142,62.15,212,-0.17,Cents Per Lb,Pounds
2023-07-01,WOG,84.0,149.0,123.72,10222,140.26,10850,-16.54,Cents Per Lb,Pounds
2023-07-01,Wings - Cut,91.0,125.0,108.89,261,113.82,944,-4.93,Cents Per Lb,Pounds
2023-07-01,Wings - Whole,71.0,134.0,101.44,2974,88.68,3182,12.76,Cents Per Lb,Pounds
2023-08-01,ALL Items,70.0,150.0,111.24,55972,118.48,40830,-7.24,Cents Per Lb,Pounds
2023-08-01,All Items,80.0,150.0,120.64,16230,124.66,11102,-4.02,Cents Per Lb,Pounds
2023-08-01,Backs and Necks Stripped,11.0,14.0,12.29,6840,12.59,5110,-0.3,Cents Per Lb,Pounds
2023-08-01,Breast - B/S,148.0,149.0,148.5,216,109.4,1724,39.1,Cents Per Lb,Pounds
2023-08-01,Breast - Line Run,116.0,119.0,117.92,856,117.99,642,-0.07,Cents Per Lb,Pounds
2023-08-01,Breast With Ribs,123.0,162.0,141.87,545,142.12,467,-0.25,Cents Per Lb,Pounds
2023-08-01,Drumsticks,35.0,45.0,42.12,3374,35.6,5440,6.52,Cents Per Lb,Pounds
2023-08-01,Frames,3.0,8.0,5.59,8540,4.48,6920,1.11,Cents Per Lb,Pounds
2023-08-01,Gizzards and Hearts,66.0,76.0,74.34,421,74.66,296,-0.32,Cents Per Lb,Pounds
2023-08-01,Leg Quarters - 4/10,44.0,46.0,44.19,291,,,,Cents Per Lb,Pounds
2023-08-01,Leg quarters - Bulk,28.0,42.0,39.13,9516,39.33,15874,-0.2,Cents Per Lb,Pounds
2023-08-01,Legs - Bone-in,48.0,53.0,51.2,810,54.83,740,-3.63,Cents Per Lb,Pounds
2023-08-01,Livers,61.0,104.0,62.96,476,63.01,365,-0.05,Cents Per Lb,Pounds
2023-08-01,Mechanically Separated,27.0,35.0,29.97,1890,28.62,1917,1.35,Cents Per Lb,Pounds
2023-08-01,RTC Broiler/Fryer,80.0,150.0,113.41,15085,118.75,11528,-5.34,Cents Per Lb,Pounds
2023-08-01,Tenderloins,133.0,265.0,208.3,5169,194.17,3794,14.13,Cents Per Lb,Pounds
2023-08-01,Thighs - B/S,133.0,162.0,143.36,3331,138.58,2598,4.78,Cents Per Lb,Pounds
2023-08-01,Thighs - Bone-in,45.0,62.0,61.48,209,61.98,142,-0.5,Cents Per Lb,Pounds
2023-08-01,WOG,80.0,146.0,120.27,14940,123.72,10222,-3.45,Cents Per Lb,Pounds
2023-08-01,Wings - Cut,106.0,155.0,136.85,109,108.89,261,27.96,Cents Per Lb,Pounds
2023-08-01,Wings - Whole,92.0,172.0,127.63,4002,101.44,2974,26.19,Cents Per Lb,Pounds
2023-09-01,ALL Items,80.0,150.0,116.02,46095,111.24,55972,4.78,Cents Per Lb,Pounds
2023-09-01,All Items,89.0,150.0,126.32,11825,120.64,16230,5.68,Cents Per Lb,Pounds
2023-09-01,Backs and Necks Stripped,11.0,14.0,12.14,5993,12.29,6840,-0.15,Cents Per Lb,Pounds
2023-09-01,Breast - B/S,110.0,148.0,134.57,189,148.5,216,-13.93,Cents Per Lb,Pounds
2023-09-01,Breast - Line Run,113.0,119.0,116.31,642,117.92,856,-1.61,Cents Per Lb,Pounds
2023-09-01,Breast With Ribs,120.0,162.0,141.87,395,141.87,545,0.0,Cents Per Lb,Pounds
2023-09-01,Drumsticks,38.0,40.0,39.24,1836,42.12,3374,-2.88,Cents Per Lb,Pounds
2023-09-01,Frames,2.0,8.0,4.33,7200,5.59,8540,-1.26,Cents Per Lb,Pounds
2023-09-01,Gizzards and Hearts,65.0,79.0,74.67,303,74.34,421,0.33,Cents Per Lb,Pounds
2023-09-01,Leg quarters - Bulk,35.0,41.0,37.55,4212,39.13,9516,-1.58,Cents Per Lb,Pounds
2023-09-01,Legs - Bone-in,53.0,66.0,59.47,1267,52.77,1848,6.7,Cents Per Lb,Pounds
2023-09-01,Livers,61.0,66.0,62.14,377,62.96,476,-0.82,Cents Per Lb,Pounds
2023-09-01,Mechanically Separated,28.0,35.0,31.61,1176,29.97,1890,1.64,Cents Per Lb,Pounds
2023-09-01,RTC Broiler/Fryer,92.0,150.0,120.0,12344,113.41,15085,6.59,Cents Per Lb,Pounds
2023-09-01,Tenderloins,211.0,284.0,236.22,4042,208.3,5169,27.92,Cents Per Lb,Pounds
2023-09-01,Thighs - B/S,138.0,173.0,153.59,2880,143.36,3331,10.23,Cents Per Lb,Pounds
2023-09-01,Thighs - Bone-in,50.0,62.0,59.61,160,61.48,209,-1.87,Cents Per Lb,Pounds
2023-09-01,WOG,89.0,149.0,125.11,10355,120.27,14940,4.84,Cents Per Lb,Pounds
2023-09-01,Wings - Whole,126.0,190.0,157.16,3250,127.63,4002,29.53,Cents Per Lb,Pounds
2023-10-01,ALL Items,80.0,154.0,113.3,46570,116.02,46095,-2.72,Cents Per Lb,Pounds
2023-10-01,All Items,89.0,154.0,126.31,12000,126.32,11825,-0.01,Cents Per Lb,Pounds
2023-10-01,Backs and Necks Stripped,10.0,14.0,12.33,6631,12.14,11986,0.19,Cents Per Lb,Pounds
2023-10-01,Breast - B/S,100.0,110.0,106.0,270,134.57,189,-28.57,Cents Per Lb,Pounds
2023-10-01,Breast - Line Run,101.0,112.0,105.09,604,116.31,642,-11.22,Cents Per Lb,Pounds
2023-10-01,Breast With Ribs,113.0,158.0,134.57,460,141.87,395,-7.3,Cents Per Lb,Pounds
2023-10-01,Drumsticks,28.0,40.0,37.53,2630,39.24,1836,-1.71,Cents Per Lb,Pounds
2023-10-01,Frames,1.0,4.0,2.32,6400,4.33,14400,-2.01,Cents Per Lb,Pounds
2023-10-01,Gizzards and Hearts,67.0,77.0,74.33,308,74.67,303,-0.34,Cents Per Lb,Pounds
2023-10-01,Leg quarters - Bulk,35.0,43.0,41.42,6380,37.55,4212,3.87,Cents Per Lb,Pounds
2023-10-01,Legs - B/S,92.0,92.0,92.0,108,,,,Cents Per Lb,Pounds
2023-10-01,Legs - Bone-in,53.0,66.0,60.13,1305,59.47,1267,0.66,Cents Per Lb,Pounds
2023-10-01,Livers,58.0,68.0,62.3,382,62.14,377,0.16,Cents Per Lb,Pounds
2023-10-01,Mechanically Separated,25.0,33.0,31.42,2048,31.61,1176,-0.19,Cents Per Lb,Pounds
2023-10-01,RTC Broiler/Fryer,89.0,154.0,119.5,13195,120.0,12344,-0.5,Cents Per Lb,Pounds
2023-10-01,Tenderloins,140.0,275.0,200.21,3217,236.22,4042,-36.01,Cents Per Lb,Pounds
2023-10-01,Thighs - B/S,132.0,173.0,151.42,3310,153.59,2880,-2.17,Cents Per Lb,Pounds
2023-10-01,Thighs - Bone-in,60.0,61.0,60.04,137,59.61,160,0.43,Cents Per Lb,Pounds
2023-10-01,WOG,89.0,149.0,124.1,10130,125.11,10355,-1.01,Cents Per Lb,Pounds
2023-10-01,Wings - Whole,151.0,198.0,168.25,3063,157.16,3250,11.09,Cents Per Lb,Pounds
2023-11-01,ALL Items,76.0,150.0,115.58,55914,113.3,46570,2.28,Cents Per Lb,Pounds
2023-11-01,All Items,88.0,150.0,129.95,14255,126.31,12000,3.64,Cents Per Lb,Pounds
2023-11-01,Backs and Necks Stripped,12.0,14.0,12.81,7498,12.43,6631,0.38,Cents Per Lb,Pounds
2023-11-01,Breast - B/S,94.0,105.0,98.64,594,106.0,270,-7.36,Cents Per Lb,Pounds
2023-11-01,Breast - Line Run,98.0,105.0,101.08,768,105.09,604,-4.01,Cents Per Lb,Pounds
2023-11-01,Breast With Ribs,109.0,160.0,129.65,536,134.57,460,-4.92,Cents Per Lb,Pounds
2023-11-01,Drumsticks,28.0,43.0,34.91,9932,37.53,2630,-2.62,Cents Per Lb,Pounds
2023-11-01,Frames,1.0,5.0,2.94,8400,2.21,12800,0.73,Cents Per Lb,Pounds
2023-11-01,Gizzards and Hearts,72.0,76.0,74.5,433,74.33,308,0.17,Cents Per Lb,Pounds
2023-11-01,Leg quarters - Bulk,36.0,42.0,38.4,9388,41.42,6380,-3.02,Cents Per Lb,Pounds
2023-11-01,Legs - B/S,90.0,92.0,91.0,216,92.0,108,-1.0,Cents Per Lb,Pounds
2023-11-01,Legs - Bone-in,57.0,62.0,58.62,702,,,,Cents Per Lb,Pounds
2023-11-01,Livers,55.0,68.0,61.99,490,62.3,382,-0.31,Cents Per Lb,Pounds
2023-11-01,Mechanically Separated,25.0,34.0,31.36,3402,31.42,2048,-0.06,Cents Per Lb,Pounds
2023-11-01,RTC Broiler/Fryer,87.0,150.0,122.41,16222,119.5,13195,2.91,Cents Per Lb,Pounds
2023-11-01,Tenderloins,111.0,220.0,129.6,5116,200.21,3217,-70.61,Cents Per Lb,Pounds
2023-11-01,Thighs - B/S,104.0,164.0,120.52,3456,151.42,3310,-30.9,Cents Per Lb,Pounds
2023-11-01,Thighs - Bone-in,60.0,61.0,60.25,162,60.04,137,0.21,Cents Per Lb,Pounds
2023-11-01,WOG,88.0,148.0,127.88,11815,124.1,10130,3.78,Cents Per Lb,Pounds
2023-11-01,Wings - Whole,139.0,183.0,160.45,3582,168.25,3063,-7.8,Cents Per Lb,Pounds
2023-12-01,ALL Items,87.0,155.0,126.59,44231,115.58,55914,11.01,Cents Per Lb,Pounds
2023-12-01,All Items,109.0,155.0,138.37,11910,129.95,14255,8.42,Cents Per Lb,Pounds
2023-12-01,Backs and Necks Stripped,9.0,13.0,12.18,5736,12.81,7498,-0.63,Cents Per Lb,Pounds
2023-12-01,Breast - B/S,75.0,175.0,98.76,9885,109.61,10442,-10.85,Cents Per Lb,Pounds
2023-12-01,Breast - Line Run,98.0,104.0,101.67,707,101.08,768,0.59,Cents Per Lb,Pounds
2023-12-01,Breast With Ribs,108.0,147.0,130.35,503,129.65,536,0.7,Cents Per Lb,Pounds
2023-12-01,Drumsticks,36.5,42.5,40.22,972,34.91,9932,5.31,Cents Per Lb,Pounds
2023-12-01,Frames,1.0,5.0,3.28,7000,2.57,8400,0.71,Cents Per Lb,Pounds
2023-12-01,Gizzards and Hearts,72.0,78.0,74.66,294,74.5,433,0.16,Cents Per Lb,Pounds
2023-12-01,Leg quarters - Bulk,39.0,45.0,42.65,14640,38.4,9388,4.25,Cents Per Lb,Pounds
2023-12-01,Legs - Bone-in,54.0,62.0,59.82,594,58.62,702,1.2,Cents Per Lb,Pounds
2023-12-01,Livers,59.0,66.0,62.16,372,61.99,490,0.17,Cents Per Lb,Pounds
2023-12-01,Mechanically Separated,29.0,34.5,32.04,2422,31.36,6804,0.68,Cents Per Lb,Pounds
2023-12-01,RTC Broiler/Fryer,106.0,155.0,128.54,14455,122.41,16222,6.13,Cents Per Lb,Pounds
2023-12-01,Tenderloins,103.0,165.0,121.89,4407,129.6,5116,-7.71,Cents Per Lb,Pounds
2023-12-01,Thighs - B/S,84.0,130.0,104.37,3657,120.52,3456,-16.15,Cents Per Lb,Pounds
2023-12-01,Thighs - Bone-in,60.0,62.0,60.98,119,60.25,162,0.73,Cents Per Lb,Pounds
2023-12-01,WOG,109.0,153.0,136.88,9240,127.88,11815,9.0,Cents Per Lb,Pounds
2023-12-01,Wings - Whole,142.0,175.0,158.4,3359,160.45,3582,-2.05,Cents Per Lb,Pounds
2024-01-01,ALL Items,89.0,153.0,128.25,55016,126.59,44231,1.66,Cents Per Lb,Pounds
2024-01-01,All Items,100.0,153.0,139.53,14940,138.37,11910,1.16,Cents Per Lb,Pounds
2024-01-01,Backs and Necks Stripped,8.0,15.0,11.03,7521,12.18,5736,-1.15,Cents Per Lb,Pounds
2024-01-01,Breast - B/S,80.0,185.0,116.69,12252,98.76,9885,17.93,Cents Per Lb,Pounds
2024-01-01,Breast - Line Run,99.0,104.0,102.49,853,101.67,707,0.82,Cents Per Lb,Pounds
2024-01-01,Breast With Ribs,99.0,147.0,121.77,553,130.35,503,-8.58,Cents Per Lb,Pounds
2024-01-01,Drumsticks,30.0,39.0,37.71,2766,40.22,1944,-2.51,Cents Per Lb,Pounds
2024-01-01,Frames,3.0,12.0,7.78,8680,3.28,7000,4.5,Cents Per Lb,Pounds
2024-01-01,Gizzards and Hearts,73.0,78.0,75.13,353,74.66,294,0.47,Cents Per Lb,Pounds
2024-01-01,Leg quarters - Bulk,42.0,47.0,43.31,15292,42.65,14640,0.66,Cents Per Lb,Pounds
2024-01-01,Legs - Bone-in,55.0,61.0,56.71,378,59.82,594,-3.11,Cents Per Lb,Pounds
2024-01-01,Livers,61.0,65.0,62.48,380,62.16,372,0.32,Cents Per Lb,Pounds
2024-01-01,Mechanically Separated,28.0,34.0,31.55,2537,31.0,108,0.55,Cents Per Lb,Pounds
2024-01-01,RTC Broiler/Fryer,112.0,153.0,129.66,15218,128.54,14455,1.12,Cents Per Lb,Pounds
2024-01-01,Tenderloins,111.0,174.0,137.06,5535,121.89,4407,15.17,Cents Per Lb,Pounds
2024-01-01,Thighs - B/S,79.0,136.0,107.3,4264,104.37,3657,2.93,Cents Per Lb,Pounds
2024-01-01,Thighs - Bone-in,61.0,62.0,61.89,131,60.98,119,0.91,Cents Per Lb,Pounds
2024-01-01,WOG,100.0,153.0,138.31,11990,136.88,9240,1.43,Cents Per Lb,Pounds
2024-01-01,Wings - Whole,144.0,196.0,171.89,3900,158.4,3359,13.49,Cents Per Lb,Pounds
2024-02-01,ALL Items,85.0,155.0,126.18,45183,128.25,55016,-2.07,Cents Per Lb,Pounds
2024-02-01,All Items,100.0,155.0,138.05,12445,139.53,14940,-1.48,Cents Per Lb,Pounds
2024-02-01,Backs and Necks Stripped,7.0,13.0,10.78,6543,11.03,7521,-0.25,Cents Per Lb,Pounds
2024-02-01,Breast - B/S,80.0,206.0,124.85,9958,116.69,12252,8.16,Cents Per Lb,Pounds
2024-02-01,Breast - Line Run,100.0,106.0,103.39,615,102.49,853,0.9,Cents Per Lb,Pounds
2024-02-01,Breast With Ribs,93.0,149.0,124.97,615,121.77,553,3.2,Cents Per Lb,Pounds
2024-02-01,Drumsticks,35.0,50.0,42.09,2578,37.83,2766,4.26,Cents Per Lb,Pounds
2024-02-01,Frames,5.0,12.0,8.1,8152,7.78,8680,0.32,Cents Per Lb,Pounds
2024-02-01,Gizzards and Hearts,73.0,78.0,75.68,308,75.13,353,0.55,Cents Per Lb,Pounds
2024-02-01,Leg quarters - Bulk,42.0,50.5,45.32,13688,43.31,15292,2.01,Cents Per Lb,Pounds
2024-02-01,Legs - B/S,109.0,110.0,109.5,108,,,,Cents Per Lb,Pounds
2024-02-01,Legs - Bone-in,55.0,67.0,57.35,2235,55.65,2800,1.7,Cents Per Lb,Pounds
2024-02-01,Livers,61.0,66.0,62.4,394,62.48,380,-0.08,Cents Per Lb,Pounds
2024-02-01,Mechanically Separated,29.0,35.0,31.33,4239,31.55,2537,-0.22,Cents Per Lb,Pounds
2024-02-01,RTC Broiler/Fryer,111.0,152.0,128.37,10383,129.66,15218,-1.29,Cents Per Lb,Pounds
2024-02-01,Tenderloins,134.0,209.0,158.77,4451,137.06,5535,21.71,Cents Per Lb,Pounds
2024-02-01,Thighs - B/S,82.0,157.0,122.13,3365,107.3,4264,14.83,Cents Per Lb,Pounds
2024-02-01,Thighs - Bone-in,61.0,73.0,64.62,123,61.89,131,2.73,Cents Per Lb,Pounds
2024-02-01,WOG,100.0,155.0,137.03,11020,138.31,11990,-1.28,Cents Per Lb,Pounds
2024-02-01,Wings - Whole,165.0,234.0,194.55,3271,171.89,3900,22.66,Cents Per Lb,Pounds
2024-03-01,ALL Items,89.0,159.0,129.52,43860,126.18,45183,3.34,Cents Per Lb,Pounds
2024-03-01,All Items,103.0,159.0,140.12,12570,138.05,12445,2.07,Cents Per Lb,Pounds
2024-03-01,Backs and Necks Stripped,7.0,14.0,10.8,6250,10.78,6543,0.02,Cents Per Lb,Pounds
2024-03-01,Breast - B/S,92.0,217.0,145.34,8346,124.85,9958,20.49,Cents Per Lb,Pounds
2024-03-01,Breast - Line Run,104.0,108.0,105.44,616,103.39,615,2.05,Cents Per Lb,Pounds
2024-03-01,Breast With Ribs,99.0,148.0,124.06,648,124.97,615,-0.91,Cents Per Lb,Pounds
2024-03-01,Drumsticks,38.0,47.0,43.96,2614,42.09,2578,1.87,Cents Per Lb,Pounds
2024-03-01,Frames,7.0,13.0,10.13,8520,8.1,8152,2.03,Cents Per Lb,Pounds
2024-03-01,Gizzards and Hearts,73.0,78.0,75.54,302,75.68,308,-0.14,Cents Per Lb,Pounds
2024-03-01,Leg Quarters - 4/10,49.0,51.0,49.55,440,,,,Cents Per Lb,Pounds
2024-03-01,Leg quarters - Bulk,45.0,50.0,46.72,17970,45.32,13688,1.4,Cents Per Lb,Pounds
2024-03-01,Legs - Bone-in,56.0,79.0,66.22,1959,57.35,2235,8.87,Cents Per Lb,Pounds
2024-03-01,Livers,61.0,64.0,62.51,395,62.4,394,0.11,Cents Per Lb,Pounds
2024-03-01,Mechanically Separated,26.0,34.0,31.06,5022,31.33,4239,-0.27,Cents Per Lb,Pounds
2024-03-01,RTC Broiler/Fryer,93.0,159.0,129.55,9714,128.37,10383,1.18,Cents Per Lb,Pounds
2024-03-01,Tenderloins,150.0,236.0,180.56,4256,158.77,4451,21.79,Cents Per Lb,Pounds
2024-03-01,Thighs - B/S,90.0,178.0,137.16,2681,122.13,3365,15.03,Cents Per Lb,Pounds
2024-03-01,Thighs - Bone-in,73.0,90.0,81.4,145,64.62,123,16.78,Cents Per Lb,Pounds
2024-03-01,WOG,103.0,159.0,139.34,11540,137.03,11020,2.31,Cents Per Lb,Pounds
2024-03-01,Wings - Whole,191.0,249.0,216.11,3215,194.55,3271,21.56,Cents Per Lb,Pounds
2024-04-01,ALL Items,92.0,159.0,132.45,43219,129.52,43860,2.93,Cents Per Lb,Pounds
2024-04-01,All Items,110.0,159.0,142.57,12280,140.12,12570,2.45,Cents Per Lb,Pounds
2024-04-01,Backs and Necks Stripped,7.0,13.0,11.31,6830,10.8,6250,0.51,Cents Per Lb,Pounds
2024-04-01,Breast - B/S,165.0,172.0,169.33,162,,,,Cents Per Lb,Pounds
2024-04-01,Breast - Line Run,104.0,107.0,105.93,604,105.44,616,0.49,Cents Per Lb,Pounds
2024-04-01,Breast With Ribs,105.0,150.0,125.3,660,124.06,648,1.24,Cents Per Lb,Pounds
2024-04-01,Drumsticks,40.0,47.0,44.98,3834,43.8,1804,1.18,Cents Per Lb,Pounds
2024-04-01,Frames,7.0,13.0,10.39,8720,10.13,8520,0.26,Cents Per Lb,Pounds
2024-04-01,Gizzards and Hearts,71.0,81.0,76.84,448,75.54,302,1.3,Cents Per Lb,Pounds
2024-04-01,Leg quarters - Bulk,43.0,58.0,46.57,15237,46.76,17410,-0.19,Cents Per Lb,Pounds
2024-04-01,Legs - Bone-in,70.0,79.0,72.22,1939,66.22,1959,6.0,Cents Per Lb,Pounds
2024-04-01,Livers,61.0,63.0,62.33,420,62.51,395,-0.18,Cents Per Lb,Pounds
2024-04-01,Mechanically Separated,29.0,36.0,33.01,3132,31.06,5022,1.95,Cents Per Lb,Pounds
2024-04-01,RTC Broiler/Fryer,122.0,159.0,131.33,9101,129.55,9714,1.78,Cents Per Lb,Pounds
2024-04-01,Tenderloins,181.0,251.0,204.9,4769,180.56,4256,24.34,Cents Per Lb,Pounds
2024-04-01,Thighs - B/S,105.0,183.0,157.37,3005,137.16,2681,20.21,Cents Per Lb,Pounds
2024-04-01,Thighs - Bone-in,80.0,95.0,89.45,136,81.4,145,8.05,Cents Per Lb,Pounds
2024-04-01,WOG,110.0,159.0,141.97,11305,139.34,11540,2.63,Cents Per Lb,Pounds
2024-04-01,Wings - Whole,208.0,253.0,228.43,3245,216.11,3215,12.32,Cents Per Lb,Pounds
2024-05-01,ALL Items,90.0,155.0,132.1,50716,132.45,43219,-0.35,Cents Per Lb,Pounds
2024-05-01,All Items,105.0,155.0,142.04,15170,142.57,12280,-0.53,Cents Per Lb,Pounds
2024-05-01,Backs and Necks Stripped,8.0,14.0,11.94,7169,11.31,6830,0.63,Cents Per Lb,Pounds
2024-05-01,Breast - B/S,116.0,208.0,181.96,10358,170.12,8860,11.84,Cents Per Lb,Pounds
2024-05-01,Breast - Line Run,104.0,115.0,106.21,772,105.93,604,0.28,Cents Per Lb,Pounds
2024-05-01,Breast With Ribs,105.0,154.0,127.54,697,125.3,660,2.24,Cents Per Lb,Pounds
2024-05-01,Drumsticks,36.0,47.5,40.93,5884,44.98,3834,-4.05,Cents Per Lb,Pounds
2024-05-01,Frames,6.0,13.0,9.83,12080,10.39,8720,-0.56,Cents Per Lb,Pounds
2024-05-01,Gizzards and Hearts,65.0,83.0,76.46,666,76.84,448,-0.38,Cents Per Lb,Pounds
2024-05-01,Leg quarters - Bulk,34.0,52.0,45.15,15055,46.57,15237,-1.42,Cents Per Lb,Pounds
2024-05-01,Legs - Bone-in,70.0,84.0,75.06,2503,72.22,1939,2.84,Cents Per Lb,Pounds
2024-05-01,Livers,55.0,65.0,61.82,505,62.33,420,-0.51,Cents Per Lb,Pounds
2024-05-01,Mechanically Separated,34.0,36.5,35.06,432,33.01,3132,2.05,Cents Per Lb,Pounds
2024-05-01,RTC Broiler/Fryer,119.0,155.0,131.41,11474,131.33,9101,0.08,Cents Per Lb,Pounds
2024-05-01,Tenderloins,196.0,282.0,228.75,6121,204.9,4769,23.85,Cents Per Lb,Pounds
2024-05-01,Thighs - B/S,168.0,177.0,172.75,216,,,,Cents Per Lb,Pounds
2024-05-01,Thighs - Bone-in,90.0,104.0,97.48,238,89.45,136,8.03,Cents Per Lb,Pounds
2024-05-01,WOG,105.0,155.0,141.45,13840,141.97,11305,-0.52,Cents Per Lb,Pounds
2024-05-01,Wings - Cut,237.0,253.0,245.0,30,,,,Cents Per Lb,Pounds
2024-05-01,Wings - Whole,206.0,267.0,231.16,4312,228.43,3245,2.73,Cents Per Lb,Pounds
2024-06-01,ALL Items,90.0,150.0,131.69,41071,132.1,50716,-0.41,Cents Per Lb,Pounds
2024-06-01,All Items,106.0,150.0,141.22,11985,142.04,15170,-0.82,Cents Per Lb,Pounds
2024-06-01,Backs and Necks Stripped,8.0,15.0,12.21,4419,11.94,7169,0.27,Cents Per Lb,Pounds
2024-06-01,Breast - B/S,146.0,180.0,158.09,1546,,,,Cents Per Lb,Pounds
2024-06-01,Breast - Line Run,104.0,121.0,106.63,554,106.21,772,0.42,Cents Per Lb,Pounds
2024-06-01,Breast With Ribs,106.0,152.0,132.08,647,127.54,697,4.54,Cents Per Lb,Pounds
2024-06-01,Drumsticks,40.0,52.0,46.31,1778,40.93,5884,5.38,Cents Per Lb,Pounds
2024-06-01,Frames,6.0,9.0,9.21,8560,9.83,12080,-0.62,Cents Per Lb,Pounds
2024-06-01,Gizzards and Hearts,70.0,85.0,77.96,581,76.46,666,1.5,Cents Per Lb,Pounds
2024-06-01,Leg Quarters - 4/10,51.0,55.0,51.15,1458,,,,Cents Per Lb,Pounds
2024-06-01,Leg quarters - Bulk,46.0,53.0,47.4,16599,45.15,15055,2.25,Cents Per Lb,Pounds
2024-06-01,Legs - Bone-in,71.0,85.0,75.61,2168,75.16,2453,0.45,Cents Per Lb,Pounds
2024-06-01,Livers,62.0,65.0,63.74,422,61.82,505,1.92,Cents Per Lb,Pounds
2024-06-01,Mechanically Separated,21.0,37.0,33.97,3714,34.77,2246,-0.8,Cents Per Lb,Pounds
2024-06-01,RTC Broiler/Fryer,124.5,150.0,131.82,9419,131.41,11474,0.41,Cents Per Lb,Pounds
2024-06-01,Tenderloins,220.0,297.0,252.19,5214,228.75,6121,23.44,Cents Per Lb,Pounds
2024-06-01,Thighs - B/S,160.0,168.0,164.0,108,172.75,216,-8.75,Cents Per Lb,Pounds
2024-06-01,Thighs - Bone-in,103.0,113.0,101.54,362,97.48,238,4.06,Cents Per Lb,Pounds
2024-06-01,WOG,106.0,150.0,140.47,10825,141.45,13840,-0.98,Cents Per Lb,Pounds
2024-06-01,Wings - Whole,223.0,297.0,252.6,4214,231.16,4312,21.44,Cents Per Lb,Pounds
2024-07-01,ALL Items,90.0,153.0,130.66,50266,131.69,41071,-1.03,Cents Per Lb,Pounds
2024-07-01,All Items,108.0,153.0,140.4,14955,141.22,11985,-0.82,Cents Per Lb,Pounds
2024-07-01,Backs and Necks Stripped,12.0,13.0,12.29,5599,12.21,4419,0.08,Cents Per Lb,Pounds
2024-07-01,Breast - B/S,116.0,208.0,176.24,10629,172.09,9280,4.15,Cents Per Lb,Pounds
2024-07-01,Breast - Line Run,97.0,108.0,105.45,632,106.63,554,-1.18,Cents Per Lb,Pounds
2024-07-01,Breast With Ribs,106.0,152.0,129.39,735,132.08,647,-2.69,Cents Per Lb,Pounds
2024-07-01,Drumsticks,39.0,58.0,49.23,3919,46.31,1778,2.92,Cents Per Lb,Pounds
2024-07-01,Frames,6.0,12.0,9.47,10240,9.28,7800,0.19,Cents Per Lb,Pounds
2024-07-01,Gizzards and Hearts,73.0,85.0,78.42,626,77.96,581,0.46,Cents Per Lb,Pounds
2024-07-01,Leg Quarters - 4/10,55.0,56.0,55.33,162,51.0,1350,4.33,Cents Per Lb,Pounds
2024-07-01,Leg quarters - Bulk,47.0,56.0,52.19,31536,47.39,16456,4.8,Cents Per Lb,Pounds
2024-07-01,Legs - Bone-in,70.0,86.0,74.15,2390,75.61,2168,-1.46,Cents Per Lb,Pounds
2024-07-01,Livers,62.0,65.0,64.04,465,63.74,422,0.3,Cents Per Lb,Pounds
2024-07-01,Mechanically Separated,28.0,37.0,33.42,3996,33.97,3714,-0.55,Cents Per Lb,Pounds
2024-07-01,RTC Broiler/Fryer,115.0,151.0,131.9,11517,131.82,9419,0.08,Cents Per Lb,Pounds
2024-07-01,Tenderloins,241.0,297.0,251.39,5633,252.19,5214,-0.8,Cents Per Lb,Pounds
2024-07-01,Thighs - B/S,173.0,203.0,185.72,4045,185.38,3575,0.34,Cents Per Lb,Pounds
2024-07-01,Thighs - Bone-in,96.0,120.0,104.9,446,101.54,362,3.36,Cents Per Lb,Pounds
2024-07-01,WOG,108.0,153.0,139.61,13430,140.47,10825,-0.86,Cents Per Lb,Pounds
2024-07-01,Wings - Whole,209.0,287.0,261.7,4296,252.6,4214,9.1,Cents Per Lb,Pounds
2024-08-01,ALL Items,85.0,153.0,124.45,41589,130.66,50266,-6.21,Cents Per Lb,Pounds
2024-08-01,All Items,96.0,153.0,135.38,11729,140.4,14955,-5.02,Cents Per Lb,Pounds
2024-08-01,Backs and Necks Stripped,12.0,13.0,12.28,4863,12.29,5599,-0.01,Cents Per Lb,Pounds
2024-08-01,Breast - B/S,173.0,252.0,189.08,8411,176.24,10629,12.84,Cents Per Lb,Pounds
2024-08-01,Breast - Line Run,105.0,109.0,107.41,455,105.45,632,1.96,Cents Per Lb,Pounds
2024-08-01,Breast With Ribs,106.0,152.0,125.88,589,129.39,735,-3.51,Cents Per Lb,Pounds
2024-08-01,Drumsticks,42.0,57.0,52.46,1484,49.23,3919,3.23,Cents Per Lb,Pounds
2024-08-01,Frames,4.0,12.0,8.02,8720,9.47,10240,-1.45,Cents Per Lb,Pounds
2024-08-01,Gizzards and Hearts,70.0,85.0,78.1,590,78.42,626,-0.32,Cents Per Lb,Pounds
2024-08-01,Leg Quarters - 4/10,56.0,59.0,56.6,270,,,,Cents Per Lb,Pounds
2024-08-01,Leg quarters - Bulk,46.0,54.0,51.46,14986,52.19,31536,-0.73,Cents Per Lb,Pounds
2024-08-01,Legs - Bone-in,70.0,83.0,74.18,1916,74.15,2390,0.03,Cents Per Lb,Pounds
2024-08-01,Livers,63.0,66.0,64.2,416,64.04,465,0.16,Cents Per Lb,Pounds
2024-08-01,Mechanically Separated,32.0,37.0,34.15,3240,33.54,3888,0.61,Cents Per Lb,Pounds
2024-08-01,RTC Broiler/Fryer,93.0,150.0,129.23,9239,131.9,11517,-2.67,Cents Per Lb,Pounds
2024-08-01,Tenderloins,222.0,297.0,252.06,4757,251.39,5633,0.67,Cents Per Lb,Pounds
2024-08-01,Thighs - B/S,173.0,209.0,186.43,3274,185.72,4045,0.71,Cents Per Lb,Pounds
2024-08-01,Thighs - Bone-in,96.0,120.0,107.04,348,104.9,446,2.14,Cents Per Lb,Pounds
2024-08-01,WOG,96.0,153.0,134.73,10754,139.61,13430,-4.88,Cents Per Lb,Pounds
2024-08-01,Wings - Whole,195.0,278.0,239.81,3473,261.7,4296,-21.89,Cents Per Lb,Pounds
2024-09-01,ALL Items,89.0,153.0,127.0,41071,124.45,41589,2.55,Cents Per Lb,Pounds
2024-09-01,All Items,97.0,153.0,137.29,11650,135.38,11729,1.91,Cents Per Lb,Pounds
2024-09-01,Backs and Necks Stripped,32.0,36.0,34.0,216,,,,Cents Per Lb,Pounds
2024-09-01,Breast - B/S,144.0,158.0,152.33,164,,,,Cents Per Lb,Pounds
2024-09-01,Breast - Line Run,106.0,109.0,107.71,446,107.41,455,0.3,Cents Per Lb,Pounds
2024-09-01,Breast With Ribs,107.0,152.0,130.97,465,125.88,589,5.09,Cents Per Lb,Pounds
2024-09-01,Drumsticks,49.5,55.0,50.63,5616,52.46,1484,-1.83,Cents Per Lb,Pounds
2024-09-01,Frames,5.0,10.0,7.74,7320,8.02,8720,-0.28,Cents Per Lb,Pounds
2024-09-01,Gizzards and Hearts,38.0,44.0,40.0,162,,,,Cents Per Lb,Pounds
2024-09-01,Leg quarters - Bulk,40.0,55.0,52.54,12710,51.46,14986,1.08,Cents Per Lb,Pounds
2024-09-01,Legs - Bone-in,71.0,83.0,74.79,1904,74.18,1916,0.61,Cents Per Lb,Pounds
2024-09-01,Livers,63.0,66.0,63.94,425,64.2,416,-0.26,Cents Per Lb,Pounds
2024-09-01,Mechanically Separated,32.0,37.0,33.89,2654,34.15,3240,-0.26,Cents Per Lb,Pounds
2024-09-01,RTC Broiler/Fryer,101.0,153.0,131.21,9683,129.23,9239,1.98,Cents Per Lb,Pounds
2024-09-01,Tenderloins,207.0,276.0,245.92,4480,252.06,4757,-6.14,Cents Per Lb,Pounds
2024-09-01,Thighs - B/S,178.0,207.0,189.57,3165,186.43,3274,3.14,Cents Per Lb,Pounds
2024-09-01,Thighs - Bone-in,99.0,104.0,102.55,102,107.04,348,-4.49,Cents Per Lb,Pounds
2024-09-01,WOG,97.0,153.0,136.58,10375,134.73,10754,1.85,Cents Per Lb,Pounds
2024-09-01,Wings - Whole,202.0,254.0,231.91,2873,239.81,3473,-7.9,Cents Per Lb,Pounds
2024-10-01,ALL Items,90.0,153.0,128.92,49435,127.0,41071,1.92,Cents Per Lb,Pounds
2024-10-01,All Items,105.0,153.0,140.06,13955,137.29,11650,2.77,Cents Per Lb,Pounds
2024-10-01,Backs and Necks Stripped,12.0,13.0,12.26,6168,12.16,4879,0.1,Cents Per Lb,Pounds
2024-10-01,Breast - B/S,140.0,143.0,141.5,432,152.33,164,-10.83,Cents Per Lb,Pounds
2024-10-01,Breast - Line Run,106.0,109.0,107.35,505,107.71,446,-0.36,Cents Per Lb,Pounds
2024-10-01,Breast With Ribs,115.0,152.0,138.14,427,130.97,465,7.17,Cents Per Lb,Pounds
2024-10-01,Drumsticks,53.0,55.0,53.93,1890,50.5,5400,3.43,Cents Per Lb,Pounds
2024-10-01,Frames,6.0,10.0,7.66,7960,7.74,7320,-0.08,Cents Per Lb,Pounds
2024-10-01,Gizzards and Hearts,74.0,87.0,78.4,645,78.21,540,0.19,Cents Per Lb,Pounds
2024-10-01,Leg quarters - Bulk,46.5,54.0,50.7,7330,52.2,7310,-1.5,Cents Per Lb,Pounds
2024-10-01,Legs - Bone-in,67.0,80.0,71.6,2052,74.79,1904,-3.19,Cents Per Lb,Pounds
2024-10-01,Livers,63.0,66.0,64.05,522,63.94,425,0.11,Cents Per Lb,Pounds
2024-10-01,Mechanically Separated,32.0,37.0,33.76,2983,33.89,2654,-0.13,Cents Per Lb,Pounds
2024-10-01,RTC Broiler/Fryer,106.0,153.0,133.11,11256,131.21,9683,1.9,Cents Per Lb,Pounds
2024-10-01,Tenderloins,156.0,251.0,190.77,5817,245.92,4480,-55.15,Cents Per Lb,Pounds
2024-10-01,Thighs - B/S,164.0,207.0,182.12,4359,189.57,3165,-7.45,Cents Per Lb,Pounds
2024-10-01,Thighs - Bone-in,94.0,102.0,96.12,136,102.55,102,-6.43,Cents Per Lb,Pounds
2024-10-01,WOG,105.0,153.0,139.68,12455,136.58,10375,3.1,Cents Per Lb,Pounds
2024-10-01,Wings - Whole,182.0,241.0,204.55,3683,231.91,2873,-27.36,Cents Per Lb,Pounds
2024-11-01,ALL Items,89.0,155.0,128.86,42046,128.92,49435,-0.06,Cents Per Lb,Pounds
2024-11-01,All Items,100.0,155.0,141.87,11705,140.06,13955,1.81,Cents Per Lb,Pounds
2024-11-01,Backs and Necks Stripped,12.0,14.0,12.33,4514,12.26,6168,0.07,Cents Per Lb,Pounds
2024-11-01,Breast - B/S,142.0,147.0,143.13,1212,141.5,432,1.63,Cents Per Lb,Pounds
2024-11-01,Breast - Line Run,104.0,109.0,107.32,410,107.35,505,-0.03,Cents Per Lb,Pounds
2024-11-01,Breast With Ribs,117.0,152.0,136.88,440,138.14,427,-1.26,Cents Per Lb,Pounds
2024-11-01,Drumsticks,48.0,56.0,53.4,4344,53.93,1890,-0.53,Cents Per Lb,Pounds
2024-11-01,Frames,6.0,10.0,8.4,6920,7.66,7960,0.74,Cents Per Lb,Pounds
2024-11-01,Gizzards and Hearts,74.0,87.0,79.13,519,78.4,645,0.73,Cents Per Lb,Pounds
2024-11-01,Leg quarters - Bulk,46.0,56.0,52.42,21038,50.7,7330,1.72,Cents Per Lb,Pounds
2024-11-01,Legs - Bone-in,60.0,64.0,60.86,2754,,,,Cents Per Lb,Pounds
2024-11-01,Livers,63.0,67.0,64.55,446,64.05,522,0.5,Cents Per Lb,Pounds
2024-11-01,"MSC, 15-20% Fat Content",32.0,37.0,34.4,2156,33.76,2983,0.64,Cents Per Lb,Pounds
2024-11-01,RTC Broiler/Fryer,106.0,155.0,132.42,10344,133.11,11256,-0.69,Cents Per Lb,Pounds
2024-11-01,Tenderloins,146.0,197.0,167.02,4829,190.77,5817,-23.75,Cents Per Lb,Pounds
2024-11-01,Thighs - B/S,150.0,188.0,160.16,3493,182.12,4359,-21.96,Cents Per Lb,Pounds
2024-11-01,Thighs - Bone-in,94.0,99.0,94.66,133,96.12,136,-1.46,Cents Per Lb,Pounds
2024-11-01,WOG,100.0,155.0,141.6,10330,139.68,12455,1.92,Cents Per Lb,Pounds
2024-11-01,Wings - Whole,175.0,208.0,189.09,3234,204.55,3683,-15.46,Cents Per Lb,Pounds
2024-12-01,ALL Items,93.0,156.0,132.32,41189,128.86,42046,3.46,Cents Per Lb,Pounds
2024-12-01,All Items,105.0,156.0,144.94,12065,141.87,11705,3.07,Cents Per Lb,Pounds
2024-12-01,Backs and Necks Stripped,12.0,13.0,12.27,4388,12.33,4514,-0.06,Cents Per Lb,Pounds
2024-12-01,Breast - B/S,116.0,182.0,147.81,8862,148.11,10148,-0.3,Cents Per Lb,Pounds
2024-12-01,Breast - Line Run,104.0,109.0,106.85,407,107.32,410,-0.47,Cents Per Lb,Pounds
2024-12-01,Breast With Ribs,113.0,152.0,133.17,572,136.88,440,-3.71,Cents Per Lb,Pounds
2024-12-01,Drumsticks,48.0,53.0,51.09,5940,53.4,4344,-2.31,Cents Per Lb,Pounds
2024-12-01,Frames,8.0,10.0,8.96,6440,8.4,6920,0.56,Cents Per Lb,Pounds
2024-12-01,Gizzards and Hearts,73.0,87.0,80.15,507,79.13,519,1.02,Cents Per Lb,Pounds
2024-12-01,Leg quarters - Bulk,42.0,52.0,49.66,15181,52.42,21038,-2.76,Cents Per Lb,Pounds
2024-12-01,Legs - B/S,118.0,124.0,121.45,94,,,,Cents Per Lb,Pounds
2024-12-01,Legs - Bone-in,67.5,68.5,67.64,1512,60.86,2754,6.78,Cents Per Lb,Pounds
2024-12-01,Livers,62.0,68.0,65.01,407,64.55,446,0.46,Cents Per Lb,Pounds
2024-12-01,"MSC, 15-20% Fat Content",32.0,36.0,33.65,2295,34.4,2156,-0.75,Cents Per Lb,Pounds
2024-12-01,RTC Broiler/Fryer,108.0,155.0,134.74,8728,132.42,10344,2.32,Cents Per Lb,Pounds
2024-12-01,Tenderloins,149.0,199.0,166.97,4699,167.02,4829,-0.05,Cents Per Lb,Pounds
2024-12-01,Thighs - B/S,140.0,177.0,154.76,3259,160.16,3493,-5.4,Cents Per Lb,Pounds
2024-12-01,Thighs - Bone-in,94.0,99.0,94.56,92,94.66,133,-0.1,Cents Per Lb,Pounds
2024-12-01,WOG,105.0,156.0,144.88,10775,141.6,10330,3.28,Cents Per Lb,Pounds
2024-12-01,Wings - Whole,175.0,208.0,188.85,3063,189.09,3234,-0.24,Cents Per Lb,Pounds
2025-01-01,ALL Items,90.0,156.0,133.41,51012,132.32,41189,1.09,Cents Per Lb,Pounds
2025-01-01,All Items,103.0,156.0,145.36,15066,144.94,12065,0.42,Cents Per Lb,Pounds
2025-01-01,Backs and Necks Stripped,6.0,14.0,12.07,3894,12.27,4388,-0.2,Cents Per Lb,Pounds
2025-01-01,Breast - B/S,136.0,182.0,147.91,9302,147.81,8862,0.1,Cents Per Lb,Pounds
2025-01-01,Breast - Line Run,104.0,109.0,107.35,496,106.85,407,0.5,Cents Per Lb,Pounds
2025-01-01,Breast With Ribs,115.0,153.0,138.7,498,133.17,572,5.53,Cents Per Lb,Pounds
2025-01-01,Drumsticks,50.0,53.0,51.46,1336,51.56,4860,-0.1,Cents Per Lb,Pounds
2025-01-01,Frames,7.0,11.0,9.17,8480,8.96,6440,0.21,Cents Per Lb,Pounds
2025-01-01,Gizzards and Hearts,70.0,87.0,79.5,504,80.15,507,-0.65,Cents Per Lb,Pounds
2025-01-01,Leg quarters - Bulk,47.0,55.0,50.42,9496,49.66,15181,0.76,Cents Per Lb,Pounds
2025-01-01,Legs - Bone-in,54.0,73.0,64.41,1998,67.64,1512,-3.23,Cents Per Lb,Pounds
2025-01-01,Livers,63.0,67.0,65.07,405,65.01,407,0.06,Cents Per Lb,Pounds
2025-01-01,"MSC, 15-20% Fat Content",32.0,36.0,34.5,2970,33.65,2295,0.85,Cents Per Lb,Pounds
2025-01-01,RTC Broiler/Fryer,100.0,155.0,136.02,10950,134.74,8728,1.28,Cents Per Lb,Pounds
2025-01-01,Tenderloins,156.0,196.0,171.29,5159,166.97,4699,4.32,Cents Per Lb,Pounds
2025-01-01,Thighs - B/S,117.0,168.0,135.93,3502,154.76,3259,-18.83,Cents Per Lb,Pounds
2025-01-01,Thighs - Bone-in,91.0,97.0,92.82,103,94.56,92,-1.74,Cents Per Lb,Pounds
2025-01-01,WOG,103.0,156.0,145.45,13626,144.88,10775,0.57,Cents Per Lb,Pounds
2025-01-01,Wings - Whole,177.0,224.0,190.51,3649,188.85,3063,1.66,Cents Per Lb,Pounds
2025-02-01,ALL Items,83.0,155.0,127.08,41372,133.41,51012,-6.33,Cents Per Lb,Pounds
2025-02-01,All Items,100.0,155.0,138.78,12125,145.36,15066,-6.58,Cents Per Lb,Pounds
2025-02-01,Backs and Necks Stripped,11.0,14.0,12.31,2424,12.07,3894,0.24,Cents Per Lb,Pounds
2025-02-01,Breast - B/S,133.0,210.0,172.59,7437,147.91,9302,24.68,Cents Per Lb,Pounds
2025-02-01,Breast - Line Run,106.0,109.0,107.7,410,107.35,496,0.35,Cents Per Lb,Pounds
2025-02-01,Breast With Ribs,113.0,152.0,141.08,487,138.7,498,2.38,Cents Per Lb,Pounds
2025-02-01,Drumsticks,41.5,58.0,48.07,2234,51.46,1336,-3.39,Cents Per Lb,Pounds
2025-02-01,Frames,3.0,10.0,6.88,7400,9.17,8480,-2.29,Cents Per Lb,Pounds
2025-02-01,Gizzards and Hearts,75.0,87.0,79.47,452,79.5,504,-0.03,Cents Per Lb,Pounds
2025-02-01,Leg quarters - Bulk,47.0,57.0,48.67,15292,50.42,9496,-1.75,Cents Per Lb,Pounds
2025-02-01,Legs - Bone-in,57.5,58.0,57.58,972,64.41,1998,-6.83,Cents Per Lb,Pounds
2025-02-01,Livers,62.0,68.0,65.38,307,65.07,405,0.31,Cents Per Lb,Pounds
2025-02-01,"MSC, 15% or Less Fat Content",33.0,34.0,33.67,156,,,,Cents Per Lb,Pounds
2025-02-01,"MSC, 15-20% Fat Content",30.5,36.0,33.8,4266,34.5,2970,-0.7,Cents Per Lb,Pounds
2025-02-01,RTC Broiler/Fryer,96.0,155.0,132.18,7981,136.02,10950,-3.84,Cents Per Lb,Pounds
2025-02-01,Tenderloins,146.0,194.0,169.79,4284,171.29,5159,-1.5,Cents Per Lb,Pounds
2025-02-01,Thighs - B/S,110.0,128.0,119.0,108,,,,Cents Per Lb,Pounds
2025-02-01,Thighs - Bone-in,80.0,98.0,91.06,85,92.82,103,-1.76,Cents Per Lb,Pounds
2025-02-01,WOG,100.0,153.0,138.65,11275,145.45,13626,-6.8,Cents Per Lb,Pounds
2025-02-01,Wings - Whole,164.0,217.0,186.94,3174,190.51,3649,-3.57,Cents Per Lb,Pounds
2025-03-01,ALL Items,90.0,165.0,131.92,43124,127.08,41372,4.84,Cents Per Lb,Pounds
2025-03-01,All Items,107.0,155.0,144.05,12290,138.78,12125,5.27,Cents Per Lb,Pounds
2025-03-01,Backs and Necks Stripped,11.0,14.0,12.92,2680,12.31,2424,0.61,Cents Per Lb,Pounds
2025-03-01,Breast - B/S,181.0,269.0,223.45,7689,172.59,7437,50.86,Cents Per Lb,Pounds
2025-03-01,Breast - Line Run,107.0,135.0,119.97,416,107.7,410,12.27,Cents Per Lb,Pounds
2025-03-01,Breast With Ribs,121.0,174.0,151.37,712,141.08,487,10.29,Cents Per Lb,Pounds
2025-03-01,Drumsticks,45.0,57.0,45.57,43868,48.07,2234,-2.49,Cents Per Lb,Pounds
2025-03-01,Frames,4.0,14.5,7.48,7280,6.88,7400,0.6,Cents Per Lb,Pounds
2025-03-01,Gizzards and Hearts,74.0,90.0,80.31,469,79.47,452,0.84,Cents Per Lb,Pounds
2025-03-01,Leg quarters - Bulk,44.0,53.0,47.52,24868,48.67,15292,-1.15,Cents Per Lb,Pounds
2025-03-01,Legs - Bone-in,58.0,76.0,67.48,402,57.58,972,9.9,Cents Per Lb,Pounds
2025-03-01,Livers,63.0,69.0,66.07,393,65.38,307,0.69,Cents Per Lb,Pounds
2025-03-01,"MSC, 15-20% Fat Content",32.0,37.0,33.68,3834,33.8,4266,-0.12,Cents Per Lb,Pounds
2025-03-01,RTC Broiler/Fryer,96.0,165.0,133.29,7831,132.18,7981,1.11,Cents Per Lb,Pounds
2025-03-01,Tenderloins,159.0,204.0,179.54,4213,169.79,4284,9.75,Cents Per Lb,Pounds
2025-03-01,Thighs - B/S,134.0,194.0,165.03,3194,137.2,2700,27.83,Cents Per Lb,Pounds
2025-03-01,Thighs - Bone-in,80.0,97.0,82.82,83,91.06,85,-8.24,Cents Per Lb,Pounds
2025-03-01,WOG,107.0,155.0,144.05,11800,138.65,11275,5.4,Cents Per Lb,Pounds
2025-03-01,Wings - Whole,129.0,203.0,151.28,3199,186.94,3174,-35.66,Cents Per Lb,Pounds
2025-04-01,ALL Items,102.0,165.0,135.44,53073,131.92,43124,3.52,Cents Per Lb,Pounds
2025-04-01,All Items,118.0,155.0,148.07,14981,144.05,12290,4.02,Cents Per Lb,Pounds
2025-04-01,Backs and Necks Stripped,11.0,15.0,12.85,3556,12.92,2680,-0.07,Cents Per Lb,Pounds
2025-04-01,Breast - B/S,228.0,302.0,268.03,10240,223.45,7689,44.58,Cents Per Lb,Pounds
2025-04-01,Breast - Line Run,141.0,156.0,151.97,518,119.97,416,32.0,Cents Per Lb,Pounds
2025-04-01,Breast With Ribs,151.0,199.0,179.15,798,151.37,712,27.78,Cents Per Lb,Pounds
2025-04-01,Drumsticks,48.0,52.0,50.1,3260,45.28,42464,4.82,Cents Per Lb,Pounds
2025-04-01,Frames,10.0,14.5,12.65,7800,7.48,7280,5.17,Cents Per Lb,Pounds
2025-04-01,Gizzards and Hearts,77.0,92.0,83.26,625,80.31,469,2.95,Cents Per Lb,Pounds
2025-04-01,Leg quarters - Bulk,48.0,59.0,49.11,14447,47.52,24868,1.59,Cents Per Lb,Pounds
2025-04-01,Legs - Bone-in,71.0,91.0,83.71,1771,69.88,1146,13.83,Cents Per Lb,Pounds
2025-04-01,Livers,63.0,72.0,69.8,481,66.07,393,3.73,Cents Per Lb,Pounds
2025-04-01,"MSC, 15% or Less Fat Content",34.0,35.0,34.51,102,,,,Cents Per Lb,Pounds
2025-04-01,"MSC, 15-20% Fat Content",31.0,37.0,33.85,3880,33.68,3834,0.17,Cents Per Lb,Pounds
2025-04-01,RTC Broiler/Fryer,107.0,165.0,135.31,9829,133.29,7831,2.02,Cents Per Lb,Pounds
2025-04-01,Tenderloins,168.0,245.0,208.64,6065,179.54,4213,29.1,Cents Per Lb,Pounds
2025-04-01,Thighs - B/S,165.0,248.0,207.83,3725,165.03,3194,42.8,Cents Per Lb,Pounds
2025-04-01,Thighs - Bone-in,82.0,88.0,85.61,122,82.82,83,2.79,Cents Per Lb,Pounds
2025-04-01,WOG,118.0,155.0,147.94,14421,144.05,11800,3.89,Cents Per Lb,Pounds
2025-04-01,Wings - Whole,115.0,168.0,136.26,4292,151.28,3199,-15.02,Cents Per Lb,Pounds
2025-05-01,ALL Items,106.0,165.0,135.48,42237,135.44,53073,0.04,Cents Per Lb,Pounds
2025-05-01,All Items,117.0,163.0,148.71,11406,148.07,14981,0.64,Cents Per Lb,Pounds
2025-05-01,Backs and Necks Stripped,11.0,14.0,12.74,2746,12.85,3556,-0.11,Cents Per Lb,Pounds
2025-05-01,Breast - B/S,222.0,298.0,276.54,7572,268.03,10240,8.51,Cents Per Lb,Pounds
2025-05-01,Breast - Line Run,154.0,157.0,155.67,455,151.97,518,3.7,Cents Per Lb,Pounds
2025-05-01,Breast With Ribs,160.0,198.0,191.62,722,179.15,798,12.47,Cents Per Lb,Pounds
2025-05-01,Drumsticks,48.0,53.0,50.92,2862,50.1,3260,0.82,Cents Per Lb,Pounds
2025-05-01,Frames,6.0,11.0,9.11,5680,12.65,7800,-3.54,Cents Per Lb,Pounds
2025-05-01,Gizzards and Hearts,78.0,91.0,83.93,475,83.26,625,0.67,Cents Per Lb,Pounds
2025-05-01,Leg quarters - Bulk,49.0,58.0,52.29,10983,49.18,9047,3.11,Cents Per Lb,Pounds
2025-05-01,Legs - Bone-in,81.0,82.0,81.29,378,,,,Cents Per Lb,Pounds
2025-05-01,Livers,63.0,71.0,70.65,372,69.8,481,0.85,Cents Per Lb,Pounds
2025-05-01,"MSC, 15-20% Fat Content",32.0,36.0,33.9,3598,33.85,3880,0.05,Cents Per Lb,Pounds
2025-05-01,RTC Broiler/Fryer,115.0,165.0,135.36,7714,135.31,9829,0.05,Cents Per Lb,Pounds
2025-05-01,Tenderloins,210.0,277.0,241.08,4679,208.64,6065,32.44,Cents Per Lb,Pounds
2025-05-01,Thighs - B/S,200.0,230.0,213.33,486,,,,Cents Per Lb,Pounds
2025-05-01,Thighs - Bone-in,86.0,88.0,87.99,79,85.61,122,2.38,Cents Per Lb,Pounds
2025-05-01,WOG,117.0,163.0,148.66,10811,147.94,14421,0.72,Cents Per Lb,Pounds
2025-05-01,Wings - Whole,102.0,142.0,115.19,3259,136.26,4292,-21.07,Cents Per Lb,Pounds
2025-06-01,ALL Items,115.0,165.0,136.85,42487,135.48,42237,1.37,Cents Per Lb,Pounds
2025-06-01,All Items,122.0,163.0,149.76,11908,148.71,11406,1.05,Cents Per Lb,Pounds
2025-06-01,Backs and Necks Stripped,12.0,15.0,12.84,2755,12.74,2746,0.1,Cents Per Lb,Pounds
2025-06-01,Breast - B/S,182.0,215.0,193.67,317,,,,Cents Per Lb,Pounds
2025-06-01,Breast - Line Run,141.0,157.0,151.22,704,155.67,455,-4.45,Cents Per Lb,Pounds
2025-06-01,Breast With Ribs,167.0,199.0,195.08,374,191.62,722,3.46,Cents Per Lb,Pounds
2025-06-01,Drumsticks,47.0,51.0,49.74,5318,50.92,2862,-1.18,Cents Per Lb,Pounds
2025-06-01,Frames,6.0,10.0,7.61,7080,9.11,5680,-1.5,Cents Per Lb,Pounds
2025-06-01,Gizzards and Hearts,80.0,91.0,84.4,489,83.93,475,0.47,Cents Per Lb,Pounds
2025-06-01,Leg quarters - Bulk,48.0,56.0,50.78,10332,52.29,10983,-1.51,Cents Per Lb,Pounds
2025-06-01,Legs - Bone-in,86.0,94.0,89.5,1437,87.79,1368,1.71,Cents Per Lb,Pounds
2025-06-01,Livers,63.0,72.0,70.39,370,70.65,372,-0.26,Cents Per Lb,Pounds
2025-06-01,"MSC, 15-20% Fat Content",32.0,37.0,33.9,3561,33.9,3598,0.0,Cents Per Lb,Pounds
2025-06-01,RTC Broiler/Fryer,122.0,165.0,136.86,7985,135.36,7714,1.5,Cents Per Lb,Pounds
2025-06-01,Tenderloins,200.0,309.0,260.83,4751,241.08,4679,19.75,Cents Per Lb,Pounds
2025-06-01,Thighs - B/S,225.0,267.0,241.32,3072,242.47,2880,-1.15,Cents Per Lb,Pounds
2025-06-01,Thighs - Bone-in,86.0,88.0,87.98,75,87.99,79,-0.01,Cents Per Lb,Pounds
2025-06-01,WOG,122.0,163.0,149.59,11278,148.66,10811,0.93,Cents Per Lb,Pounds
2025-06-01,Wings - Whole,102.0,153.0,125.22,3401,115.19,3259,10.03,Cents Per Lb,Pounds
2025-07-01,ALL Items,100.0,165.0,131.44,53145,136.85,42487,-5.41,Cents Per Lb,Pounds
2025-07-01,All Items,104.0,164.0,144.83,15377,149.76,11908,-4.93,Cents Per Lb,Pounds
2025-07-01,Backs and Necks Stripped,11.0,19.0,12.98,3286,12.84,2755,0.14,Cents Per Lb,Pounds
2025-07-01,Breast - B/S,176.0,245.0,191.1,8170,246.19,7289,-55.09,Cents Per Lb,Pounds
2025-07-01,Breast - Line Run,122.0,161.0,138.09,1003,151.22,704,-13.13,Cents Per Lb,Pounds
2025-07-01,Breast With Ribs,182.0,196.0,186.43,310,195.08,374,-8.65,Cents Per Lb,Pounds
2025-07-01,Drumsticks,47.0,58.0,50.92,2968,49.74,5318,1.18,Cents Per Lb,Pounds
2025-07-01,Frames,4.0,12.0,7.04,9160,7.61,7080,-0.57,Cents Per Lb,Pounds
2025-07-01,Gizzards and Hearts,71.0,93.0,83.76,602,84.4,489,-0.64,Cents Per Lb,Pounds
2025-07-01,Leg quarters - Bulk,47.0,55.0,51.3,7878,50.78,10332,0.52,Cents Per Lb,Pounds
2025-07-01,Legs - Bone-in,83.0,97.0,89.73,1605,89.5,1437,0.23,Cents Per Lb,Pounds
2025-07-01,Livers,70.0,72.0,70.93,420,70.39,370,0.54,Cents Per Lb,Pounds
2025-07-01,"MSC, 15-20% Fat Content",32.0,37.0,33.72,5211,33.9,3561,-0.18,Cents Per Lb,Pounds
2025-07-01,RTC Broiler/Fryer,106.0,165.0,135.36,8681,136.86,7985,-1.5,Cents Per Lb,Pounds
2025-07-01,Tenderloins,235.0,310.0,265.67,5353,260.83,4751,4.84,Cents Per Lb,Pounds
2025-07-01,Thighs - B/S,187.0,252.0,205.5,3422,241.32,3072,-35.82,Cents Per Lb,Pounds
2025-07-01,Thighs - Bone-in,80.0,88.0,87.97,94,87.98,75,-0.01,Cents Per Lb,Pounds
2025-07-01,WOG,104.0,164.0,144.64,14983,149.59,11278,-4.95,Cents Per Lb,Pounds
2025-07-01,Wings - Whole,119.0,192.0,161.41,3997,125.22,3401,36.19,Cents Per Lb,Pounds
2025-08-01,ALL Items,75.0,165.0,118.93,42822,131.44,53145,-12.51,Cents Per Lb,Pounds
2025-08-01,All Items,93.0,164.0,132.28,12914,144.83,15377,-12.55,Cents Per Lb,Pounds
2025-08-01,Backs and Necks Stripped,5.0,15.0,9.71,5764,12.98,3286,-3.27,Cents Per Lb,Pounds
2025-08-01,Breast - B/S,175.0,195.0,188.33,162,,,,Cents Per Lb,Pounds
2025-08-01,Breast - Line Run,122.0,157.0,131.38,821,138.09,1003,-6.71,Cents Per Lb,Pounds
2025-08-01,Breast With Ribs,172.0,183.0,175.32,243,186.43,310,-11.11,Cents Per Lb,Pounds
2025-08-01,Drumsticks,46.5,54.0,48.41,6464,50.92,2968,-2.51,Cents Per Lb,Pounds
2025-08-01,Frames,4.0,8.0,5.55,7800,7.04,9160,-1.49,Cents Per Lb,Pounds
2025-08-01,Gizzards and Hearts,68.0,102.0,85.65,469,83.76,602,1.89,Cents Per Lb,Pounds
2025-08-01,Leg Quarters - 4/10,51.0,57.0,54.0,108,,,,Cents Per Lb,Pounds
2025-08-01,Leg quarters - Bulk,46.0,68.0,50.79,14827,51.3,7878,-0.51,Cents Per Lb,Pounds
2025-08-01,Legs - Bone-in,75.0,83.0,82.68,675,,,,Cents Per Lb,Pounds
2025-08-01,Livers,69.0,76.0,72.04,355,70.93,420,1.11,Cents Per Lb,Pounds
2025-08-01,"MSC, 15-20% Fat Content",30.0,37.0,33.44,4131,33.72,5211,-0.28,Cents Per Lb,Pounds
2025-08-01,RTC Broiler/Fryer,89.0,165.0,132.54,6846,135.36,8681,-2.82,Cents Per Lb,Pounds
2025-08-01,Tenderloins,214.0,304.0,253.7,4399,265.67,5353,-11.97,Cents Per Lb,Pounds
2025-08-01,Thighs - B/S,182.0,219.0,193.45,2839,205.5,3422,-12.05,Cents Per Lb,Pounds
2025-08-01,Thighs - Bone-in,80.0,88.0,87.98,73,87.97,94,0.01,Cents Per Lb,Pounds
2025-08-01,WOG,93.0,164.0,132.01,12284,144.64,14983,-12.63,Cents Per Lb,Pounds
2025-08-01,Wings - Whole,157.0,192.0,172.76,3209,161.41,3997,11.35,Cents Per Lb,Pounds
2025-09-01,ALL Items,75.0,165.0,115.3,41271,118.93,42822,-3.63,Cents Per Lb,Pounds
2025-09-01,All Items,90.0,164.0,129.4,12870,132.28,12914,-2.88,Cents Per Lb,Pounds
2025-09-01,Backs and Necks Stripped,5.0,15.0,9.04,6390,9.71,5764,-0.67,Cents Per Lb,Pounds
2025-09-01,Breast - B/S,116.0,130.0,123.1,1080,188.33,162,-65.23,Cents Per Lb,Pounds
2025-09-01,Breast - Line Run,92.0,159.0,119.32,767,131.38,821,-12.06,Cents Per Lb,Pounds
2025-09-01,Breast With Ribs,162.0,176.0,172.08,192,175.32,243,-3.24,Cents Per Lb,Pounds
2025-09-01,Drumsticks,45.5,49.0,46.99,5682,48.41,6464,-1.42,Cents Per Lb,Pounds
2025-09-01,Frames,1.0,6.0,2.97,7412,5.55,7800,-2.58,Cents Per Lb,Pounds
2025-09-01,Gizzards and Hearts,75.0,120.0,91.42,405,85.65,469,5.77,Cents Per Lb,Pounds
2025-09-01,Leg quarters - Bulk,39.0,51.5,49.6,12972,50.79,14827,-1.19,Cents Per Lb,Pounds
2025-09-01,Legs - Bone-in,65.0,91.0,78.26,1452,89.43,1343,-11.17,Cents Per Lb,Pounds
2025-09-01,Livers,69.0,85.0,72.71,372,72.04,355,0.67,Cents Per Lb,Pounds
2025-09-01,"MSC, 15% or Less Fat Content",27.0,28.0,27.33,122,,,,Cents Per Lb,Pounds
2025-09-01,"MSC, 15-20% Fat Content",30.0,37.0,33.26,3286,33.44,4131,-0.18,Cents Per Lb,Pounds
2025-09-01,RTC Broiler/Fryer,88.0,165.0,130.31,6688,132.54,6846,-2.23,Cents Per Lb,Pounds
2025-09-01,Tenderloins,154.0,277.0,203.23,4536,253.7,4399,-50.47,Cents Per Lb,Pounds
2025-09-01,Thighs - B/S,176.0,210.0,188.43,3059,193.45,2839,-5.02,Cents Per Lb,Pounds
2025-09-01,Thighs - Bone-in,83.0,88.0,86.41,70,87.98,73,-1.57,Cents Per Lb,Pounds
2025-09-01,WOG,90.0,164.0,128.9,11890,132.01,12284,-3.11,Cents Per Lb,Pounds
2025-09-01,Wings - Whole,120.0,194.0,150.09,3252,172.76,3209,-22.67,Cents Per Lb,Pounds
2025-10-01,ALL Items,72.0,159.0,107.8,53758,115.3,41271,-7.5,Cents Per Lb,Pounds
2025-10-01,All Items,88.0,159.0,125.32,16164,129.4,12870,-4.08,Cents Per Lb,Pounds
2025-10-01,Backs and Necks Stripped,7.0,16.0,10.04,8710,9.04,6390,1.0,Cents Per Lb,Pounds
2025-10-01,Breast - B/S,122.0,126.0,123.41,1188,123.1,1080,0.31,Cents Per Lb,Pounds
2025-10-01,Breast - Line Run,61.0,138.0,82.09,1302,119.32,767,-37.23,Cents Per Lb,Pounds
2025-10-01,Breast With Ribs,139.0,165.0,148.02,102,172.08,192,-24.06,Cents Per Lb,Pounds
2025-10-01,Drumsticks,35.0,46.0,39.39,8530,46.99,5682,-7.6,Cents Per Lb,Pounds
2025-10-01,Frames,1.0,5.0,2.92,8760,2.97,7412,-0.05,Cents Per Lb,Pounds
2025-10-01,Gizzards and Hearts,79.0,121.0,92.73,547,91.42,405,1.31,Cents Per Lb,Pounds
2025-10-01,Leg quarters - Bulk,34.0,52.0,45.66,22350,49.6,12972,-3.94,Cents Per Lb,Pounds
2025-10-01,Legs - Bone-in,40.0,73.0,60.49,1796,78.26,1452,-17.77,Cents Per Lb,Pounds
2025-10-01,Livers,64.0,76.0,73.06,612,72.71,372,0.35,Cents Per Lb,Pounds
2025-10-01,"MSC, 15-20% Fat Content",27.0,36.0,30.73,4382,33.26,3286,-2.53,Cents Per Lb,Pounds
2025-10-01,RTC Broiler/Fryer,74.0,145.0,125.2,8373,130.31,6688,-5.11,Cents Per Lb,Pounds
2025-10-01,Tenderloins,127.0,216.0,144.91,5715,203.23,4536,-58.32,Cents Per Lb,Pounds
2025-10-01,Thighs - B/S,117.0,206.0,150.94,3732,188.43,3059,-37.49,Cents Per Lb,Pounds
2025-10-01,Thighs - Bone-in,60.0,84.0,65.31,107,86.41,70,-21.1,Cents Per Lb,Pounds
2025-10-01,WOG,88.0,159.0,125.36,15268,128.9,11890,-3.54,Cents Per Lb,Pounds
2025-10-01,Wings - Whole,93.0,152.0,110.18,3979,150.09,3252,-39.91,Cents Per Lb,Pounds
2025-11-01,ALL Items,71.0,159.0,108.47,41265,107.8,53758,0.67,Cents Per Lb,Pounds
2025-11-01,All Items,88.0,159.0,127.46,11930,125.32,16164,2.14,Cents Per Lb,Pounds
2025-11-01,Backs and Necks Stripped,6.0,19.0,10.65,6003,10.04,8710,0.61,Cents Per Lb,Pounds
2025-11-01,Breast - B/S,106.0,138.0,114.39,8909,114.46,10851,-0.07,Cents Per Lb,Pounds
2025-11-01,Breast - Line Run,61.0,111.0,78.12,922,82.09,1302,-3.97,Cents Per Lb,Pounds
2025-11-01,Breast With Ribs,120.0,149.0,144.31,65,148.02,102,-3.71,Cents Per Lb,Pounds
2025-11-01,Drumsticks,39.0,44.0,41.52,2834,39.4,8450,2.12,Cents Per Lb,Pounds
2025-11-01,Frames,2.5,9.0,6.55,5720,2.92,8760,3.63,Cents Per Lb,Pounds
2025-11-01,Gizzards and Hearts,75.0,120.0,90.86,527,92.73,547,-1.87,Cents Per Lb,Pounds
2025-11-01,Leg quarters - Bulk,40.0,52.0,47.48,11994,45.66,22350,1.82,Cents Per Lb,Pounds
2025-11-01,Legs - B/S,96.0,98.0,97.0,108,,,,Cents Per Lb,Pounds
2025-11-01,Legs - Bone-in,53.0,63.0,56.5,1586,60.49,1796,-3.99,Cents Per Lb,Pounds
2025-11-01,Livers,65.0,75.0,72.01,425,73.06,612,-1.05,Cents Per Lb,Pounds
2025-11-01,"MSC, 15% or Less Fat Content",30.0,31.0,30.33,78,,,,Cents Per Lb,Pounds
2025-11-01,"MSC, 15-20% Fat Content",27.0,35.0,30.39,3591,30.73,4382,-0.34,Cents Per Lb,Pounds
2025-11-01,RTC Broiler/Fryer,74.0,145.0,124.22,6151,125.2,8373,-0.98,Cents Per Lb,Pounds
2025-11-01,Tenderloins,115.0,185.0,138.94,4845,144.91,5715,-5.97,Cents Per Lb,Pounds
2025-11-01,Thighs - B/S,112.0,145.0,122.1,3196,150.94,3732,-28.84,Cents Per Lb,Pounds
2025-11-01,Thighs - Bone-in,60.0,61.0,60.01,68,65.31,107,-5.3,Cents Per Lb,Pounds
2025-11-01,WOG,88.0,159.0,127.53,11592,125.36,15268,2.17,Cents Per Lb,Pounds
2025-11-01,Wings - Whole,88.0,132.0,102.1,3136,110.18,3979,-8.08,Cents Per Lb,Pounds
2025-12-01,ALL Items,76.0,155.0,115.35,42734,108.47,41265,6.88,Cents Per Lb,Pounds
2025-12-01,All Items,101.0,155.0,134.4,12417,127.46,11930,6.94,Cents Per Lb,Pounds
2025-12-01,Backs and Necks Stripped,5.0,17.0,9.96,5455,10.65,6003,-0.69,Cents Per Lb,Pounds
2025-12-01,Breast - B/S,125.0,130.0,125.61,1512,,,,Cents Per Lb,Pounds
2025-12-01,Breast - Line Run,61.0,111.0,78.76,1005,78.12,922,0.64,Cents Per Lb,Pounds
2025-12-01,Breast With Ribs,118.0,149.0,139.75,43,144.31,65,-4.56,Cents Per Lb,Pounds
2025-12-01,Drumsticks,40.0,42.0,41.61,2212,41.52,2834,0.09,Cents Per Lb,Pounds
2025-12-01,Frames,4.0,9.0,5.79,6380,6.55,5720,-0.76,Cents Per Lb,Pounds
2025-12-01,Gizzards and Hearts,81.0,119.0,90.93,348,90.86,527,0.07,Cents Per Lb,Pounds
2025-12-01,Leg quarters - Bulk,40.0,53.0,48.4,11914,47.48,11994,0.92,Cents Per Lb,Pounds
2025-12-01,Legs - Bone-in,54.0,65.0,55.83,324,,,,Cents Per Lb,Pounds
2025-12-01,Livers,65.0,75.0,72.41,358,72.01,425,0.4,Cents Per Lb,Pounds
2025-12-01,"MSC, 15-20% Fat Content",26.0,35.0,30.56,3618,30.39,3591,0.17,Cents Per Lb,Pounds
2025-12-01,RTC Broiler/Fryer,81.0,145.0,126.24,5814,124.22,6151,2.02,Cents Per Lb,Pounds
2025-12-01,Tenderloins,122.0,184.0,139.58,4169,138.94,4845,0.64,Cents Per Lb,Pounds
2025-12-01,Thighs - B/S,111.0,117.0,115.81,404,,,,Cents Per Lb,Pounds
2025-12-01,Thighs - Bone-in,60.0,66.0,60.23,61,60.01,68,0.22,Cents Per Lb,Pounds
2025-12-01,WOG,101.0,155.0,134.3,12110,127.53,11592,6.77,Cents Per Lb,Pounds
2025-12-01,Wings - Whole,89.0,120.0,98.02,2959,102.1,3136,-4.08,Cents Per Lb,Pounds
2026-01-01,ALL Items,75.0,165.0,120.37,42975,115.35,42734,5.02,Cents Per Lb,Pounds
2026-01-01,All Items,98.0,155.0,138.42,12920,134.4,12417,4.02,Cents Per Lb,Pounds
2026-01-01,Backs and Necks Stripped,5.0,11.0,6.58,6642,9.96,5455,-3.38,Cents Per Lb,Pounds
2026-01-01,Breast - B/S,109.0,193.0,128.17,7076,115.8,7216,12.37,Cents Per Lb,Pounds
2026-01-01,Breast - Line Run,62.0,114.0,83.19,951,78.76,1005,4.43,Cents Per Lb,Pounds
2026-01-01,Breast With Ribs,118.0,141.0,138.21,122,139.75,43,-1.54,Cents Per Lb,Pounds
2026-01-01,Drumsticks,42.0,68.0,53.1,6674,53.33,4744,-0.23,Cents Per Lb,Pounds
2026-01-01,Frames,4.0,7.0,5.5,5880,5.79,6380,-0.29,Cents Per Lb,Pounds
2026-01-01,Gizzards and Hearts,78.0,82.0,86.94,395,90.93,348,-3.99,Cents Per Lb,Pounds
2026-01-01,Leg quarters - Bulk,41.0,63.0,48.49,7446,47.88,5784,0.61,Cents Per Lb,Pounds
2026-01-01,Legs - Bone-in,53.0,67.0,57.47,1297,57.6,1285,-0.13,Cents Per Lb,Pounds
2026-01-01,Livers,68.0,75.0,72.18,386,72.41,358,-0.23,Cents Per Lb,Pounds
2026-01-01,"MSC, 15-20% Fat Content",27.0,34.0,30.26,3159,30.56,3618,-0.3,Cents Per Lb,Pounds
2026-01-01,RTC Broiler/Fryer,95.0,165.0,129.34,5903,126.24,5814,3.1,Cents Per Lb,Pounds
2026-01-01,Tenderloins,122.0,195.0,144.6,4513,139.58,4169,5.02,Cents Per Lb,Pounds
2026-01-01,Thighs - B/S,112.0,158.0,135.3,2799,122.34,2996,12.96,Cents Per Lb,Pounds
2026-01-01,Thighs - Bone-in,56.0,61.0,60.75,69,60.23,61,0.52,Cents Per Lb,Pounds
2026-01-01,WOG,98.0,155.0,138.19,12605,134.3,12110,3.89,Cents Per Lb,Pounds
2026-01-01,Wings - Whole,89.0,136.0,108.02,3106,98.02,2959,10.0,Cents Per Lb,Pounds
