year,reference_period,data_item,value,unit
2010,APR,"CHICKENS, BROILERS - PRICE RECEIVED, MEASURED IN $ / LB",0.49,$ / LB
2010,APR,"EGGS - PRICE RECEIVED, MEASURED IN $ / DOZEN",0.769,$ / DOZEN
2010,AUG,"CHICKENS, BROILERS - PRICE RECEIVED, MEASURED IN $ / LB",0.49,$ / LB
2010,AUG,"EGGS - PRICE RECEIVED, MEASURED IN $ / DOZEN",0.79,$ / DOZEN
2010,DEC,"CHICKENS, BROILERS - PRICE RECEIVED, MEASURED IN $ / LB",0.45,$ / LB
2010,DEC,"EGGS - PRICE RECEIVED, MEASURED IN $ / DOZEN",1.07,$ / DOZEN
2010,FEB,"CHICKENS, BROILERS - PRICE RECEIVED, MEASURED IN $ / LB",0.48,$ / LB
2010,FEB,"EGGS - PRICE RECEIVED, MEASURED IN $ / DOZEN",0.92,$ / DOZEN
2010,JAN,"CHICKENS, BROILERS - PRICE RECEIVED, MEASURED IN $ / LB",0.48,$ / LB
2010,JAN,"EGGS - PRICE RECEIVED, MEASURED IN $ / DOZEN",1.03,$ / DOZEN
2010,JUL,"CHICKENS, BROILERS - PRICE RECEIVED, MEASURED IN $ / LB",0.52,$ / LB
2010,JUL,"EGGS - PRICE RECEIVED, MEASURED IN $ / DOZEN",0.71,$ / DOZEN
2010,JUN,"CHICKENS, BROILERS - PRICE RECEIVED, MEASURED IN $ / LB",0.52,$ / LB
2010,JUN,"EGGS - PRICE RECEIVED, MEASURED IN $ / DOZEN",0.618,$ / DOZEN
2010,MAR,"CHICKENS, BROILERS - PRICE RECEIVED, MEASURED IN $ / LB",0.5,$ / LB
2010,MAR,"EGGS - PRICE RECEIVED, MEASURED IN $ / DOZEN",1.16,$ / DOZEN
2010,MAY,"CHICKENS, BROILERS - PRICE RECEIVED, MEASURED IN $ / LB",0.52,$ / LB
2010,MAY,"EGGS - PRICE RECEIVED, MEASURED IN $ / DOZEN",0.636,$ / DOZEN
2010,NOV,"CHICKENS, BROILERS - PRICE RECEIVED, MEASURED IN $ / LB",0.48,$ / LB
2010,NOV,"EGGS - PRICE RECEIVED, MEASURED IN $ / DOZEN",1.13,$ / DOZEN
2010,OCT,"CHICKENS, BROILERS - PRICE RECEIVED, MEASURED IN $ / LB",0.48,$ / LB
2010,OCT,"EGGS - PRICE RECEIVED, MEASURED IN $ / DOZEN",0.814,$ / DOZEN
2010,SEP,"CHICKENS, BROILERS - PRICE RECEIVED, MEASURED IN $ / LB",0.49,$ / LB
2010,SEP,"EGGS - PRICE RECEIVED, MEASURED IN $ / DOZEN",0.635,$ / DOZEN
2010,YEAR,"CHICKENS, BROILERS - PRICE RECEIVED, MEASURED IN $ / LB",0.492,$ / LB
2010,YEAR,"EGGS - PRICE RECEIVED, MEASURED IN $ / DOZEN",0.857,$ / DOZEN
2011,APR,"CHICKENS, BROILERS - PRICE RECEIVED, MEASURED IN $ / LB",0.48,$ / LB
2011,APR,"EGGS - PRICE RECEIVED, MEASURED IN $ / DOZEN",1.05,$ / DOZEN
2011,AUG,"CHICKENS, BROILERS - PRICE RECEIVED, MEASURED IN $ / LB",0.47,$ / LB
2011,AUG,"EGGS - PRICE RECEIVED, MEASURED IN $ / DOZEN",1.14,$ / DOZEN
2011,DEC,"CHICKENS, BROILERS - PRICE RECEIVED, MEASURED IN $ / LB",0.46,$ / LB
2011,DEC,"EGGS - PRICE RECEIVED, MEASURED IN $ / DOZEN",1.22,$ / DOZEN
2011,FEB,"CHICKENS, BROILERS - PRICE RECEIVED, MEASURED IN $ / LB",0.43,$ / LB
2011,FEB,"EGGS - PRICE RECEIVED, MEASURED IN $ / DOZEN",0.949,$ / DOZEN
2011,JAN,"CHICKENS, BROILERS - PRICE RECEIVED, MEASURED IN $ / LB",0.44,$ / LB
2011,JAN,"EGGS - PRICE RECEIVED, MEASURED IN $ / DOZEN",0.848,$ / DOZEN
2011,JUL,"CHICKENS, BROILERS - PRICE RECEIVED, MEASURED IN $ / LB",0.47,$ / LB
2011,JUL,"EGGS - PRICE RECEIVED, MEASURED IN $ / DOZEN",0.878,$ / DOZEN
2011,JUN,"CHICKENS, BROILERS - PRICE RECEIVED, MEASURED IN $ / LB",0.49,$ / LB
2011,JUN,"EGGS - PRICE RECEIVED, MEASURED IN $ / DOZEN",0.884,$ / DOZEN
2011,MAR,"CHICKENS, BROILERS - PRICE RECEIVED, MEASURED IN $ / LB",0.48,$ / LB
2011,MAR,"EGGS - PRICE RECEIVED, MEASURED IN $ / DOZEN",0.843,$ / DOZEN
2011,MAY,"CHICKENS, BROILERS - PRICE RECEIVED, MEASURED IN $ / LB",0.49,$ / LB
2011,MAY,"EGGS - PRICE RECEIVED, MEASURED IN $ / DOZEN",0.821,$ / DOZEN
2011,NOV,"CHICKENS, BROILERS - PRICE RECEIVED, MEASURED IN $ / LB",0.45,$ / LB
2011,NOV,"EGGS - PRICE RECEIVED, MEASURED IN $ / DOZEN",1.02,$ / DOZEN
2011,OCT,"CHICKENS, BROILERS - PRICE RECEIVED, MEASURED IN $ / LB",0.42,$ / LB
2011,OCT,"EGGS - PRICE RECEIVED, MEASURED IN $ / DOZEN",1.02,$ / DOZEN
2011,SEP,"CHICKENS, BROILERS - PRICE RECEIVED, MEASURED IN $ / LB",0.43,$ / LB
2011,SEP,"EGGS - PRICE RECEIVED, MEASURED IN $ / DOZEN",0.944,$ / DOZEN
2011,YEAR,"CHICKENS, BROILERS - PRICE RECEIVED, MEASURED IN $ / LB",0.459,$ / LB
2011,YEAR,"EGGS - PRICE RECEIVED, MEASURED IN $ / DOZEN",0.968,$ / DOZEN
2012,APR,"CHICKENS, BROILERS - PRICE RECEIVED, MEASURED IN $ / LB",0.5,$ / LB
2012,APR,"EGGS - PRICE RECEIVED, MEASURED IN $ / DOZEN",0.862,$ / DOZEN
2012,AUG,"CHICKENS, BROILERS - PRICE RECEIVED, MEASURED IN $ / LB",0.48,$ / LB
2012,AUG,"EGGS - PRICE RECEIVED, MEASURED IN $ / DOZEN",1.12,$ / DOZEN
2012,DEC,"CHICKENS, BROILERS - PRICE RECEIVED, MEASURED IN $ / LB",0.59,$ / LB
2012,DEC,"EGGS - PRICE RECEIVED, MEASURED IN $ / DOZEN",1.12,$ / DOZEN
2012,FEB,"CHICKENS, BROILERS - PRICE RECEIVED, MEASURED IN $ / LB",0.51,$ / LB
2012,FEB,"EGGS - PRICE RECEIVED, MEASURED IN $ / DOZEN",0.887,$ / DOZEN
2012,JAN,"CHICKENS, BROILERS - PRICE RECEIVED, MEASURED IN $ / LB",0.47,$ / LB
2012,JAN,"EGGS - PRICE RECEIVED, MEASURED IN $ / DOZEN",0.881,$ / DOZEN
2012,JUL,"CHICKENS, BROILERS - PRICE RECEIVED, MEASURED IN $ / LB",0.47,$ / LB
2012,JUL,"EGGS - PRICE RECEIVED, MEASURED IN $ / DOZEN",0.967,$ / DOZEN
2012,JUN,"CHICKENS, BROILERS - PRICE RECEIVED, MEASURED IN $ / LB",0.5,$ / LB
2012,JUN,"EGGS - PRICE RECEIVED, MEASURED IN $ / DOZEN",0.905,$ / DOZEN
2012,MAR,"CHICKENS, BROILERS - PRICE RECEIVED, MEASURED IN $ / LB",0.56,$ / LB
2012,MAR,"EGGS - PRICE RECEIVED, MEASURED IN $ / DOZEN",0.99,$ / DOZEN
2012,MAY,"CHICKENS, BROILERS - PRICE RECEIVED, MEASURED IN $ / LB",0.52,$ / LB
2012,MAY,"EGGS - PRICE RECEIVED, MEASURED IN $ / DOZEN",0.826,$ / DOZEN
2012,NOV,"CHICKENS, BROILERS - PRICE RECEIVED, MEASURED IN $ / LB",0.56,$ / LB
2012,NOV,"EGGS - PRICE RECEIVED, MEASURED IN $ / DOZEN",1.18,$ / DOZEN
2012,OCT,"CHICKENS, BROILERS - PRICE RECEIVED, MEASURED IN $ / LB",0.49,$ / LB
2012,OCT,"EGGS - PRICE RECEIVED, MEASURED IN $ / DOZEN",1.02,$ / DOZEN
2012,SEP,"CHICKENS, BROILERS - PRICE RECEIVED, MEASURED IN $ / LB",0.48,$ / LB
2012,SEP,"EGGS - PRICE RECEIVED, MEASURED IN $ / DOZEN",1.22,$ / DOZEN
2012,YEAR,"CHICKENS, BROILERS - PRICE RECEIVED, MEASURED IN $ / LB",0.511,$ / LB
2012,YEAR,"EGGS - PRICE RECEIVED, MEASURED IN $ / DOZEN",0.998,$ / DOZEN
2013,APR,"CHICKENS, BROILERS - PRICE RECEIVED, MEASURED IN $ / LB",0.66,$ / LB
2013,APR,"EGGS - PRICE RECEIVED, MEASURED IN $ / DOZEN",0.877,$ / DOZEN
2013,AUG,"CHICKENS, BROILERS - PRICE RECEIVED, MEASURED IN $ / LB",0.54,$ / LB
2013,AUG,"EGGS - PRICE RECEIVED, MEASURED IN $ / DOZEN",1.07,$ / DOZEN
2013,DEC,"CHICKENS, BROILERS - PRICE RECEIVED, MEASURED IN $ / LB",0.56,$ / LB
2013,DEC,"EGGS - PRICE RECEIVED, MEASURED IN $ / DOZEN",1.37,$ / DOZEN
2013,FEB,"CHICKENS, BROILERS - PRICE RECEIVED, MEASURED IN $ / LB",0.62,$ / LB
2013,FEB,"EGGS - PRICE RECEIVED, MEASURED IN $ / DOZEN",0.989,$ / DOZEN
2013,JAN,"CHICKENS, BROILERS - PRICE RECEIVED, MEASURED IN $ / LB",0.62,$ / LB
2013,JAN,"EGGS - PRICE RECEIVED, MEASURED IN $ / DOZEN",1.06,$ / DOZEN
2013,JUL,"CHICKENS, BROILERS - PRICE RECEIVED, MEASURED IN $ / LB",0.6,$ / LB
2013,JUL,"EGGS - PRICE RECEIVED, MEASURED IN $ / DOZEN",1.03,$ / DOZEN
2013,JUN,"CHICKENS, BROILERS - PRICE RECEIVED, MEASURED IN $ / LB",0.67,$ / LB
2013,JUN,"EGGS - PRICE RECEIVED, MEASURED IN $ / DOZEN",0.924,$ / DOZEN
2013,MAR,"CHICKENS, BROILERS - PRICE RECEIVED, MEASURED IN $ / LB",0.66,$ / LB
2013,MAR,"EGGS - PRICE RECEIVED, MEASURED IN $ / DOZEN",1.14,$ / DOZEN
2013,MAY,"CHICKENS, BROILERS - PRICE RECEIVED, MEASURED IN $ / LB",0.68,$ / LB
2013,MAY,"EGGS - PRICE RECEIVED, MEASURED IN $ / DOZEN",1.17,$ / DOZEN
2013,NOV,"CHICKENS, BROILERS - PRICE RECEIVED, MEASURED IN $ / LB",0.56,$ / LB
2013,NOV,"EGGS - PRICE RECEIVED, MEASURED IN $ / DOZEN",1.32,$ / DOZEN
2013,OCT,"CHICKENS, BROILERS - PRICE RECEIVED, MEASURED IN $ / LB",0.53,$ / LB
2013,OCT,"EGGS - PRICE RECEIVED, MEASURED IN $ / DOZEN",1.04,$ / DOZEN
2013,SEP,"CHICKENS, BROILERS - PRICE RECEIVED, MEASURED IN $ / LB",0.55,$ / LB
2013,SEP,"EGGS - PRICE RECEIVED, MEASURED IN $ / DOZEN",1.03,$ / DOZEN
2013,YEAR,"CHICKENS, BROILERS - PRICE RECEIVED, MEASURED IN $ / LB",0.604,$ / LB
2013,YEAR,"EGGS - PRICE RECEIVED, MEASURED IN $ / DOZEN",1.09,$ / DOZEN
2014,APR,"CHICKENS, BROILERS - PRICE RECEIVED, MEASURED IN $ / LB",0.68,$ / LB
2014,APR,"EGGS - PRICE RECEIVED, MEASURED IN $ / DOZEN",1.27,$ / DOZEN
2014,AUG,"CHICKENS, BROILERS - PRICE RECEIVED, MEASURED IN $ / LB",0.6,$ / LB
2014,AUG,"EGGS - PRICE RECEIVED, MEASURED IN $ / DOZEN",1.07,$ / DOZEN
2014,DEC,"CHICKENS, BROILERS - PRICE RECEIVED, MEASURED IN $ / LB",0.58,$ / LB
2014,DEC,"EGGS - PRICE RECEIVED, MEASURED IN $ / DOZEN",1.75,$ / DOZEN
2014,FEB,"CHICKENS, BROILERS - PRICE RECEIVED, MEASURED IN $ / LB",0.55,$ / LB
2014,FEB,"EGGS - PRICE RECEIVED, MEASURED IN $ / DOZEN",1.4,$ / DOZEN
2014,JAN,"CHICKENS, BROILERS - PRICE RECEIVED, MEASURED IN $ / LB",0.57,$ / LB
2014,JAN,"EGGS - PRICE RECEIVED, MEASURED IN $ / DOZEN",1.11,$ / DOZEN
2014,JUL,"CHICKENS, BROILERS - PRICE RECEIVED, MEASURED IN $ / LB",0.66,$ / LB
2014,JUL,"EGGS - PRICE RECEIVED, MEASURED IN $ / DOZEN",1.24,$ / DOZEN
2014,JUN,"CHICKENS, BROILERS - PRICE RECEIVED, MEASURED IN $ / LB",0.7,$ / LB
2014,JUN,"EGGS - PRICE RECEIVED, MEASURED IN $ / DOZEN",1.09,$ / DOZEN
2014,MAR,"CHICKENS, BROILERS - PRICE RECEIVED, MEASURED IN $ / LB",0.65,$ / LB
2014,MAR,"EGGS - PRICE RECEIVED, MEASURED IN $ / DOZEN",1.23,$ / DOZEN
2014,MAY,"CHICKENS, BROILERS - PRICE RECEIVED, MEASURED IN $ / LB",0.73,$ / LB
2014,MAY,"EGGS - PRICE RECEIVED, MEASURED IN $ / DOZEN",1.17,$ / DOZEN
2014,NOV,"CHICKENS, BROILERS - PRICE RECEIVED, MEASURED IN $ / LB",0.63,$ / LB
2014,NOV,"EGGS - PRICE RECEIVED, MEASURED IN $ / DOZEN",1.51,$ / DOZEN
2014,OCT,"CHICKENS, BROILERS - PRICE RECEIVED, MEASURED IN $ / LB",0.65,$ / LB
2014,OCT,"EGGS - PRICE RECEIVED, MEASURED IN $ / DOZEN",1.14,$ / DOZEN
2014,SEP,"CHICKENS, BROILERS - PRICE RECEIVED, MEASURED IN $ / LB",0.66,$ / LB
2014,SEP,"EGGS - PRICE RECEIVED, MEASURED IN $ / DOZEN",1.04,$ / DOZEN
2014,YEAR,"CHICKENS, BROILERS - PRICE RECEIVED, MEASURED IN $ / LB",0.638,$ / LB
2014,YEAR,"EGGS - PRICE RECEIVED, MEASURED IN $ / DOZEN",1.25,$ / DOZEN
2015,APR,"CHICKENS, BROILERS - PRICE RECEIVED, MEASURED IN $ / LB",0.64,$ / LB
2015,APR,"EGGS - PRICE RECEIVED, MEASURED IN $ / DOZEN",1.08,$ / DOZEN
2015,AUG,"CHICKENS, BROILERS - PRICE RECEIVED, MEASURED IN $ / LB",0.47,$ / LB
2015,AUG,"EGGS - PRICE RECEIVED, MEASURED IN $ / DOZEN",2.39,$ / DOZEN
2015,DEC,"CHICKENS, BROILERS - PRICE RECEIVED, MEASURED IN $ / LB",0.47,$ / LB
2015,DEC,"EGGS - PRICE RECEIVED, MEASURED IN $ / DOZEN",1.24,$ / DOZEN
2015,FEB,"CHICKENS, BROILERS - PRICE RECEIVED, MEASURED IN $ / LB",0.54,$ / LB
2015,FEB,"EGGS - PRICE RECEIVED, MEASURED IN $ / DOZEN",1.29,$ / DOZEN
2015,JAN,"CHICKENS, BROILERS - PRICE RECEIVED, MEASURED IN $ / LB",0.6,$ / LB
2015,JAN,"EGGS - PRICE RECEIVED, MEASURED IN $ / DOZEN",1.24,$ / DOZEN
2015,JUL,"CHICKENS, BROILERS - PRICE RECEIVED, MEASURED IN $ / LB",0.51,$ / LB
2015,JUL,"EGGS - PRICE RECEIVED, MEASURED IN $ / DOZEN",1.9,$ / DOZEN
2015,JUN,"CHICKENS, BROILERS - PRICE RECEIVED, MEASURED IN $ / LB",0.62,$ / LB
2015,JUN,"EGGS - PRICE RECEIVED, MEASURED IN $ / DOZEN",2.0,$ / DOZEN
2015,MAR,"CHICKENS, BROILERS - PRICE RECEIVED, MEASURED IN $ / LB",0.59,$ / LB
2015,MAR,"EGGS - PRICE RECEIVED, MEASURED IN $ / DOZEN",1.54,$ / DOZEN
2015,MAY,"CHICKENS, BROILERS - PRICE RECEIVED, MEASURED IN $ / LB",0.65,$ / LB
2015,MAY,"EGGS - PRICE RECEIVED, MEASURED IN $ / DOZEN",1.73,$ / DOZEN
2015,NOV,"CHICKENS, BROILERS - PRICE RECEIVED, MEASURED IN $ / LB",0.42,$ / LB
2015,NOV,"EGGS - PRICE RECEIVED, MEASURED IN $ / DOZEN",2.0,$ / DOZEN
2015,OCT,"CHICKENS, BROILERS - PRICE RECEIVED, MEASURED IN $ / LB",0.41,$ / LB
2015,OCT,"EGGS - PRICE RECEIVED, MEASURED IN $ / DOZEN",1.43,$ / DOZEN
2015,SEP,"CHICKENS, BROILERS - PRICE RECEIVED, MEASURED IN $ / LB",0.43,$ / LB
2015,SEP,"EGGS - PRICE RECEIVED, MEASURED IN $ / DOZEN",1.89,$ / DOZEN
2015,YEAR,"CHICKENS, BROILERS - PRICE RECEIVED, MEASURED IN $ / LB",0.529,$ / LB
2015,YEAR,"EGGS - PRICE RECEIVED, MEASURED IN $ / DOZEN",1.64,$ / DOZEN
2016,APR,"CHICKENS, BROILERS - PRICE RECEIVED, MEASURED IN $ / LB",0.51,$ / LB
2016,APR,"EGGS - PRICE RECEIVED, MEASURED IN $ / DOZEN",0.68,$ / DOZEN
2016,AUG,"CHICKENS, BROILERS - PRICE RECEIVED, MEASURED IN $ / LB",0.44,$ / LB
2016,AUG,"EGGS - PRICE RECEIVED, MEASURED IN $ / DOZEN",0.654,$ / DOZEN
2016,DEC,"CHICKENS, BROILERS - PRICE RECEIVED, MEASURED IN $ / LB",0.48,$ / LB
2016,DEC,"EGGS - PRICE RECEIVED, MEASURED IN $ / DOZEN",1.21,$ / DOZEN
2016,FEB,"CHICKENS, BROILERS - PRICE RECEIVED, MEASURED IN $ / LB",0.46,$ / LB
2016,FEB,"EGGS - PRICE RECEIVED, MEASURED IN $ / DOZEN",1.08,$ / DOZEN
2016,JAN,"CHICKENS, BROILERS - PRICE RECEIVED, MEASURED IN $ / LB",0.5,$ / LB
2016,JAN,"EGGS - PRICE RECEIVED, MEASURED IN $ / DOZEN",1.18,$ / DOZEN
2016,JUL,"CHICKENS, BROILERS - PRICE RECEIVED, MEASURED IN $ / LB",0.51,$ / LB
2016,JUL,"EGGS - PRICE RECEIVED, MEASURED IN $ / DOZEN",0.651,$ / DOZEN
2016,JUN,"CHICKENS, BROILERS - PRICE RECEIVED, MEASURED IN $ / LB",0.57,$ / LB
2016,JUN,"EGGS - PRICE RECEIVED, MEASURED IN $ / DOZEN",0.541,$ / DOZEN
2016,MAR,"CHICKENS, BROILERS - PRICE RECEIVED, MEASURED IN $ / LB",0.48,$ / LB
2016,MAR,"EGGS - PRICE RECEIVED, MEASURED IN $ / DOZEN",0.97,$ / DOZEN
2016,MAY,"CHICKENS, BROILERS - PRICE RECEIVED, MEASURED IN $ / LB",0.56,$ / LB
2016,MAY,"EGGS - PRICE RECEIVED, MEASURED IN $ / DOZEN",0.552,$ / DOZEN
2016,NOV,"CHICKENS, BROILERS - PRICE RECEIVED, MEASURED IN $ / LB",0.44,$ / LB
2016,NOV,"EGGS - PRICE RECEIVED, MEASURED IN $ / DOZEN",0.591,$ / DOZEN
2016,OCT,"CHICKENS, BROILERS - PRICE RECEIVED, MEASURED IN $ / LB",0.37,$ / LB
2016,OCT,"EGGS - PRICE RECEIVED, MEASURED IN $ / DOZEN",0.513,$ / DOZEN
2016,SEP,"CHICKENS, BROILERS - PRICE RECEIVED, MEASURED IN $ / LB",0.42,$ / LB
2016,SEP,"EGGS - PRICE RECEIVED, MEASURED IN $ / DOZEN",0.604,$ / DOZEN
2016,YEAR,"CHICKENS, BROILERS - PRICE RECEIVED, MEASURED IN $ / LB",0.478,$ / LB
2016,YEAR,"EGGS - PRICE RECEIVED, MEASURED IN $ / DOZEN",0.769,$ / DOZEN
2017,APR,"CHICKENS, BROILERS - PRICE RECEIVED, MEASURED IN $ / LB",0.57,$ / LB
2017,APR,"EGGS - PRICE RECEIVED, MEASURED IN $ / DOZEN",0.629,$ / DOZEN
2017,AUG,"CHICKENS, BROILERS - PRICE RECEIVED, MEASURED IN $ / LB",0.54,$ / LB
2017,AUG,"EGGS - PRICE RECEIVED, MEASURED IN $ / DOZEN",0.744,$ / DOZEN
2017,DEC,"CHICKENS, BROILERS - PRICE RECEIVED, MEASURED IN $ / LB",0.5,$ / LB
2017,DEC,"EGGS - PRICE RECEIVED, MEASURED IN $ / DOZEN",1.29,$ / DOZEN
2017,FEB,"CHICKENS, BROILERS - PRICE RECEIVED, MEASURED IN $ / LB",0.48,$ / LB
2017,FEB,"EGGS - PRICE RECEIVED, MEASURED IN $ / DOZEN",0.621,$ / DOZEN
2017,JAN,"CHICKENS, BROILERS - PRICE RECEIVED, MEASURED IN $ / LB",0.49,$ / LB
2017,JAN,"EGGS - PRICE RECEIVED, MEASURED IN $ / DOZEN",0.813,$ / DOZEN
2017,JUL,"CHICKENS, BROILERS - PRICE RECEIVED, MEASURED IN $ / LB",0.62,$ / LB
2017,JUL,"EGGS - PRICE RECEIVED, MEASURED IN $ / DOZEN",0.819,$ / DOZEN
2017,JUN,"CHICKENS, BROILERS - PRICE RECEIVED, MEASURED IN $ / LB",0.66,$ / LB
2017,JUN,"EGGS - PRICE RECEIVED, MEASURED IN $ / DOZEN",0.631,$ / DOZEN
2017,MAR,"CHICKENS, BROILERS - PRICE RECEIVED, MEASURED IN $ / LB",0.55,$ / LB
2017,MAR,"EGGS - PRICE RECEIVED, MEASURED IN $ / DOZEN",0.783,$ / DOZEN
2017,MAY,"CHICKENS, BROILERS - PRICE RECEIVED, MEASURED IN $ / LB",0.66,$ / LB
2017,MAY,"EGGS - PRICE RECEIVED, MEASURED IN $ / DOZEN",0.615,$ / DOZEN
2017,NOV,"CHICKENS, BROILERS - PRICE RECEIVED, MEASURED IN $ / LB",0.49,$ / LB
2017,NOV,"EGGS - PRICE RECEIVED, MEASURED IN $ / DOZEN",1.38,$ / DOZEN
2017,OCT,"CHICKENS, BROILERS - PRICE RECEIVED, MEASURED IN $ / LB",0.48,$ / LB
2017,OCT,"EGGS - PRICE RECEIVED, MEASURED IN $ / DOZEN",0.895,$ / DOZEN
2017,SEP,"CHICKENS, BROILERS - PRICE RECEIVED, MEASURED IN $ / LB",0.51,$ / LB
2017,SEP,"EGGS - PRICE RECEIVED, MEASURED IN $ / DOZEN",1.09,$ / DOZEN
2017,YEAR,"CHICKENS, BROILERS - PRICE RECEIVED, MEASURED IN $ / LB",0.546,$ / LB
2017,YEAR,"EGGS - PRICE RECEIVED, MEASURED IN $ / DOZEN",0.863,$ / DOZEN
2018,APR,"CHICKENS, BROILERS - PRICE RECEIVED, MEASURED IN $ / LB",0.65,$ / LB
2018,APR,"EGGS - PRICE RECEIVED, MEASURED IN $ / DOZEN",1.16,$ / DOZEN
2018,AUG,"CHICKENS, BROILERS - PRICE RECEIVED, MEASURED IN $ / LB",0.49,$ / LB
2018,AUG,"EGGS - PRICE RECEIVED, MEASURED IN $ / DOZEN",1.01,$ / DOZEN
2018,DEC,"CHICKENS, BROILERS - PRICE RECEIVED, MEASURED IN $ / LB",0.51,$ / LB
2018,DEC,"EGGS - PRICE RECEIVED, MEASURED IN $ / DOZEN",1.08,$ / DOZEN
2018,FEB,"CHICKENS, BROILERS - PRICE RECEIVED, MEASURED IN $ / LB",0.52,$ / LB
2018,FEB,"EGGS - PRICE RECEIVED, MEASURED IN $ / DOZEN",1.32,$ / DOZEN
2018,JAN,"CHICKENS, BROILERS - PRICE RECEIVED, MEASURED IN $ / LB",0.53,$ / LB
2018,JAN,"EGGS - PRICE RECEIVED, MEASURED IN $ / DOZEN",1.15,$ / DOZEN
2018,JUL,"CHICKENS, BROILERS - PRICE RECEIVED, MEASURED IN $ / LB",0.67,$ / LB
2018,JUL,"EGGS - PRICE RECEIVED, MEASURED IN $ / DOZEN",1.05,$ / DOZEN
2018,JUN,"CHICKENS, BROILERS - PRICE RECEIVED, MEASURED IN $ / LB",0.73,$ / LB
2018,JUN,"EGGS - PRICE RECEIVED, MEASURED IN $ / DOZEN",0.931,$ / DOZEN
2018,MAR,"CHICKENS, BROILERS - PRICE RECEIVED, MEASURED IN $ / LB",0.6,$ / LB
2018,MAR,"EGGS - PRICE RECEIVED, MEASURED IN $ / DOZEN",1.89,$ / DOZEN
2018,MAY,"CHICKENS, BROILERS - PRICE RECEIVED, MEASURED IN $ / LB",0.72,$ / LB
2018,MAY,"EGGS - PRICE RECEIVED, MEASURED IN $ / DOZEN",0.848,$ / DOZEN
2018,NOV,"CHICKENS, BROILERS - PRICE RECEIVED, MEASURED IN $ / LB",0.49,$ / LB
2018,NOV,"EGGS - PRICE RECEIVED, MEASURED IN $ / DOZEN",1.08,$ / DOZEN
2018,OCT,"CHICKENS, BROILERS - PRICE RECEIVED, MEASURED IN $ / LB",0.46,$ / LB
2018,OCT,"EGGS - PRICE RECEIVED, MEASURED IN $ / DOZEN",0.953,$ / DOZEN
2018,SEP,"CHICKENS, BROILERS - PRICE RECEIVED, MEASURED IN $ / LB",0.46,$ / LB
2018,SEP,"EGGS - PRICE RECEIVED, MEASURED IN $ / DOZEN",0.91,$ / DOZEN
2018,YEAR,"CHICKENS, BROILERS - PRICE RECEIVED, MEASURED IN $ / LB",0.569,$ / LB
2018,YEAR,"EGGS - PRICE RECEIVED, MEASURED IN $ / DOZEN",1.15,$ / DOZEN
2019,APR,"CHICKENS, BROILERS - PRICE RECEIVED, MEASURED IN $ / LB",0.55,$ / LB
2019,APR,"EGGS - PRICE RECEIVED, MEASURED IN $ / DOZEN",0.614,$ / DOZEN
2019,AUG,"CHICKENS, BROILERS - PRICE RECEIVED, MEASURED IN $ / LB",0.421,$ / LB
2019,AUG,"EGGS - PRICE RECEIVED, MEASURED IN $ / DOZEN",0.808,$ / DOZEN
2019,DEC,"CHICKENS, BROILERS - PRICE RECEIVED, MEASURED IN $ / LB",0.449,$ / LB
2019,DEC,"EGGS - PRICE RECEIVED, MEASURED IN $ / DOZEN",0.93,$ / DOZEN
2019,FEB,"CHICKENS, BROILERS - PRICE RECEIVED, MEASURED IN $ / LB",0.49,$ / LB
2019,FEB,"EGGS - PRICE RECEIVED, MEASURED IN $ / DOZEN",0.888,$ / DOZEN
2019,JAN,"CHICKENS, BROILERS - PRICE RECEIVED, MEASURED IN $ / LB",0.56,$ / LB
2019,JAN,"EGGS - PRICE RECEIVED, MEASURED IN $ / DOZEN",0.983,$ / DOZEN
2019,JUL,"CHICKENS, BROILERS - PRICE RECEIVED, MEASURED IN $ / LB",0.487,$ / LB
2019,JUL,"EGGS - PRICE RECEIVED, MEASURED IN $ / DOZEN",0.507,$ / DOZEN
2019,JUN,"CHICKENS, BROILERS - PRICE RECEIVED, MEASURED IN $ / LB",0.54,$ / LB
2019,JUN,"EGGS - PRICE RECEIVED, MEASURED IN $ / DOZEN",0.654,$ / DOZEN
2019,MAR,"CHICKENS, BROILERS - PRICE RECEIVED, MEASURED IN $ / LB",0.51,$ / LB
2019,MAR,"EGGS - PRICE RECEIVED, MEASURED IN $ / DOZEN",0.818,$ / DOZEN
2019,MARKETING YEAR,"EGGS - PRICE RECEIVED, MEASURED IN $ / DOZEN",0.777,$ / DOZEN
2019,MAY,"CHICKENS, BROILERS - PRICE RECEIVED, MEASURED IN $ / LB",0.57,$ / LB
2019,MAY,"EGGS - PRICE RECEIVED, MEASURED IN $ / DOZEN",0.483,$ / DOZEN
2019,NOV,"CHICKENS, BROILERS - PRICE RECEIVED, MEASURED IN $ / LB",0.403,$ / LB
2019,NOV,"EGGS - PRICE RECEIVED, MEASURED IN $ / DOZEN",1.11,$ / DOZEN
2019,OCT,"CHICKENS, BROILERS - PRICE RECEIVED, MEASURED IN $ / LB",0.41,$ / LB
2019,OCT,"EGGS - PRICE RECEIVED, MEASURED IN $ / DOZEN",0.684,$ / DOZEN
2019,SEP,"CHICKENS, BROILERS - PRICE RECEIVED, MEASURED IN $ / LB",0.391,$ / LB
2019,SEP,"EGGS - PRICE RECEIVED, MEASURED IN $ / DOZEN",0.7,$ / DOZEN
2019,YEAR,"CHICKENS, BROILERS - PRICE RECEIVED, MEASURED IN $ / LB",0.482,$ / LB
2019,YEAR,"EGGS - PRICE RECEIVED, MEASURED IN $ / DOZEN",0.797,$ / DOZEN
2020,APR,"CHICKENS, BROILERS - PRICE RECEIVED, MEASURED IN $ / LB",0.226,$ / LB
2020,APR,"EGGS - PRICE RECEIVED, MEASURED IN $ / DOZEN",1.03,$ / DOZEN
2020,AUG,"CHICKENS, BROILERS - PRICE RECEIVED, MEASURED IN $ / LB",0.309,$ / LB
2020,AUG,"EGGS - PRICE RECEIVED, MEASURED IN $ / DOZEN",0.77,$ / DOZEN
2020,DEC,"CHICKENS, BROILERS - PRICE RECEIVED, MEASURED IN $ / LB",0.43,$ / LB
2020,DEC,"EGGS - PRICE RECEIVED, MEASURED IN $ / DOZEN",0.73,$ / DOZEN
2020,FEB,"CHICKENS, BROILERS - PRICE RECEIVED, MEASURED IN $ / LB",0.419,$ / LB
2020,FEB,"EGGS - PRICE RECEIVED, MEASURED IN $ / DOZEN",0.891,$ / DOZEN
2020,JAN,"CHICKENS, BROILERS - PRICE RECEIVED, MEASURED IN $ / LB",0.494,$ / LB
2020,JAN,"EGGS - PRICE RECEIVED, MEASURED IN $ / DOZEN",0.752,$ / DOZEN
2020,JUL,"CHICKENS, BROILERS - PRICE RECEIVED, MEASURED IN $ / LB",0.345,$ / LB
2020,JUL,"EGGS - PRICE RECEIVED, MEASURED IN $ / DOZEN",0.756,$ / DOZEN
2020,JUN,"CHICKENS, BROILERS - PRICE RECEIVED, MEASURED IN $ / LB",0.366,$ / LB
2020,JUN,"EGGS - PRICE RECEIVED, MEASURED IN $ / DOZEN",0.715,$ / DOZEN
2020,MAR,"CHICKENS, BROILERS - PRICE RECEIVED, MEASURED IN $ / LB",0.43,$ / LB
2020,MAR,"EGGS - PRICE RECEIVED, MEASURED IN $ / DOZEN",1.72,$ / DOZEN
2020,MARKETING YEAR,"EGGS - PRICE RECEIVED, MEASURED IN $ / DOZEN",0.929,$ / DOZEN
2020,MAY,"CHICKENS, BROILERS - PRICE RECEIVED, MEASURED IN $ / LB",0.345,$ / LB
2020,MAY,"EGGS - PRICE RECEIVED, MEASURED IN $ / DOZEN",0.771,$ / DOZEN
2020,NOV,"CHICKENS, BROILERS - PRICE RECEIVED, MEASURED IN $ / LB",0.391,$ / LB
2020,NOV,"EGGS - PRICE RECEIVED, MEASURED IN $ / DOZEN",0.966,$ / DOZEN
2020,OCT,"CHICKENS, BROILERS - PRICE RECEIVED, MEASURED IN $ / LB",0.315,$ / LB
2020,OCT,"EGGS - PRICE RECEIVED, MEASURED IN $ / DOZEN",0.994,$ / DOZEN
2020,SEP,"CHICKENS, BROILERS - PRICE RECEIVED, MEASURED IN $ / LB",0.292,$ / LB
2020,SEP,"EGGS - PRICE RECEIVED, MEASURED IN $ / DOZEN",0.829,$ / DOZEN
2020,YEAR,"CHICKENS, BROILERS - PRICE RECEIVED, MEASURED IN $ / LB",0.364,$ / LB
2020,YEAR,"EGGS - PRICE RECEIVED, MEASURED IN $ / DOZEN",0.912,$ / DOZEN
2021,APR,"CHICKENS, BROILERS - PRICE RECEIVED, MEASURED IN $ / LB",0.548,$ / LB
2021,APR,"EGGS - PRICE RECEIVED, MEASURED IN $ / DOZEN",0.853,$ / DOZEN
2021,AUG,"CHICKENS, BROILERS - PRICE RECEIVED, MEASURED IN $ / LB",0.587,$ / LB
2021,AUG,"EGGS - PRICE RECEIVED, MEASURED IN $ / DOZEN",1.07,$ / DOZEN
2021,DEC,"CHICKENS, BROILERS - PRICE RECEIVED, MEASURED IN $ / LB",0.735,$ / LB
2021,DEC,"EGGS - PRICE RECEIVED, MEASURED IN $ / DOZEN",1.36,$ / DOZEN
2021,FEB,"CHICKENS, BROILERS - PRICE RECEIVED, MEASURED IN $ / LB",0.423,$ / LB
2021,FEB,"EGGS - PRICE RECEIVED, MEASURED IN $ / DOZEN",0.989,$ / DOZEN
2021,JAN,"CHICKENS, BROILERS - PRICE RECEIVED, MEASURED IN $ / LB",0.417,$ / LB
2021,JAN,"EGGS - PRICE RECEIVED, MEASURED IN $ / DOZEN",0.931,$ / DOZEN
2021,JUL,"CHICKENS, BROILERS - PRICE RECEIVED, MEASURED IN $ / LB",0.593,$ / LB
2021,JUL,"EGGS - PRICE RECEIVED, MEASURED IN $ / DOZEN",0.861,$ / DOZEN
2021,JUN,"CHICKENS, BROILERS - PRICE RECEIVED, MEASURED IN $ / LB",0.6,$ / LB
2021,JUN,"EGGS - PRICE RECEIVED, MEASURED IN $ / DOZEN",0.803,$ / DOZEN
2021,MAR,"CHICKENS, BROILERS - PRICE RECEIVED, MEASURED IN $ / LB",0.431,$ / LB
2021,MAR,"EGGS - PRICE RECEIVED, MEASURED IN $ / DOZEN",1.14,$ / DOZEN
2021,MARKETING YEAR,"EGGS - PRICE RECEIVED, MEASURED IN $ / DOZEN",0.934,$ / DOZEN
2021,MAY,"CHICKENS, BROILERS - PRICE RECEIVED, MEASURED IN $ / LB",0.593,$ / LB
2021,MAY,"EGGS - PRICE RECEIVED, MEASURED IN $ / DOZEN",0.824,$ / DOZEN
2021,NOV,"CHICKENS, BROILERS - PRICE RECEIVED, MEASURED IN $ / LB",0.592,$ / LB
2021,NOV,"EGGS - PRICE RECEIVED, MEASURED IN $ / DOZEN",1.09,$ / DOZEN
2021,OCT,"CHICKENS, BROILERS - PRICE RECEIVED, MEASURED IN $ / LB",0.578,$ / LB
2021,OCT,"EGGS - PRICE RECEIVED, MEASURED IN $ / DOZEN",0.895,$ / DOZEN
2021,SEP,"CHICKENS, BROILERS - PRICE RECEIVED, MEASURED IN $ / LB",0.595,$ / LB
2021,SEP,"EGGS - PRICE RECEIVED, MEASURED IN $ / DOZEN",1.03,$ / DOZEN
2021,YEAR,"CHICKENS, BROILERS - PRICE RECEIVED, MEASURED IN $ / LB",0.558,$ / LB
2021,YEAR,"EGGS - PRICE RECEIVED, MEASURED IN $ / DOZEN",0.987,$ / DOZEN
2022,APR,"CHICKENS, BROILERS - PRICE RECEIVED, MEASURED IN $ / LB",1.037,$ / LB
2022,APR,"EGGS - PRICE RECEIVED, MEASURED IN $ / DOZEN",2.3,$ / DOZEN
2022,AUG,"CHICKENS, BROILERS - PRICE RECEIVED, MEASURED IN $ / LB",0.78,$ / LB
2022,AUG,"EGGS - PRICE RECEIVED, MEASURED IN $ / DOZEN",1.94,$ / DOZEN
2022,DEC,"CHICKENS, BROILERS - PRICE RECEIVED, MEASURED IN $ / LB",0.726,$ / LB
2022,DEC,"EGGS - PRICE RECEIVED, MEASURED IN $ / DOZEN",4.49,$ / DOZEN
2022,FEB,"CHICKENS, BROILERS - PRICE RECEIVED, MEASURED IN $ / LB",0.739,$ / LB
2022,FEB,"EGGS - PRICE RECEIVED, MEASURED IN $ / DOZEN",1.43,$ / DOZEN
2022,JAN,"CHICKENS, BROILERS - PRICE RECEIVED, MEASURED IN $ / LB",0.78,$ / LB
2022,JAN,"EGGS - PRICE RECEIVED, MEASURED IN $ / DOZEN",1.47,$ / DOZEN
2022,JUL,"CHICKENS, BROILERS - PRICE RECEIVED, MEASURED IN $ / LB",0.963,$ / LB
2022,JUL,"EGGS - PRICE RECEIVED, MEASURED IN $ / DOZEN",2.64,$ / DOZEN
2022,JUN,"CHICKENS, BROILERS - PRICE RECEIVED, MEASURED IN $ / LB",1.045,$ / LB
2022,JUN,"EGGS - PRICE RECEIVED, MEASURED IN $ / DOZEN",2.03,$ / DOZEN
2022,MAR,"CHICKENS, BROILERS - PRICE RECEIVED, MEASURED IN $ / LB",0.885,$ / LB
2022,MAR,"EGGS - PRICE RECEIVED, MEASURED IN $ / DOZEN",1.59,$ / DOZEN
2022,MARKETING YEAR,"EGGS - PRICE RECEIVED, MEASURED IN $ / DOZEN",2.12,$ / DOZEN
2022,MAY,"CHICKENS, BROILERS - PRICE RECEIVED, MEASURED IN $ / LB",1.069,$ / LB
2022,MAY,"EGGS - PRICE RECEIVED, MEASURED IN $ / DOZEN",2.01,$ / DOZEN
2022,NOV,"CHICKENS, BROILERS - PRICE RECEIVED, MEASURED IN $ / LB",0.729,$ / LB
2022,NOV,"EGGS - PRICE RECEIVED, MEASURED IN $ / DOZEN",3.34,$ / DOZEN
2022,OCT,"CHICKENS, BROILERS - PRICE RECEIVED, MEASURED IN $ / LB",0.711,$ / LB
2022,OCT,"EGGS - PRICE RECEIVED, MEASURED IN $ / DOZEN",2.82,$ / DOZEN
2022,SEP,"CHICKENS, BROILERS - PRICE RECEIVED, MEASURED IN $ / LB",0.733,$ / LB
2022,SEP,"EGGS - PRICE RECEIVED, MEASURED IN $ / DOZEN",2.65,$ / DOZEN
2022,YEAR,"CHICKENS, BROILERS - PRICE RECEIVED, MEASURED IN $ / LB",0.85,$ / LB
2022,YEAR,"EGGS - PRICE RECEIVED, MEASURED IN $ / DOZEN",2.39,$ / DOZEN
2023,APR,"CHICKENS, BROILERS - PRICE RECEIVED, MEASURED IN $ / LB",0.831,$ / LB
2023,APR,"EGGS - PRICE RECEIVED, MEASURED IN $ / DOZEN",1.57,$ / DOZEN
2023,AUG,"CHICKENS, BROILERS - PRICE RECEIVED, MEASURED IN $ / LB",0.607,$ / LB
2023,AUG,"EGGS - PRICE RECEIVED, MEASURED IN $ / DOZEN",1.35,$ / DOZEN
2023,DEC,"CHICKENS, BROILERS - PRICE RECEIVED, MEASURED IN $ / LB",0.722,$ / LB
2023,DEC,"EGGS - PRICE RECEIVED, MEASURED IN $ / DOZEN",1.87,$ / DOZEN
2023,FEB,"CHICKENS, BROILERS - PRICE RECEIVED, MEASURED IN $ / LB",0.693,$ / LB
2023,FEB,"EGGS - PRICE RECEIVED, MEASURED IN $ / DOZEN",2.61,$ / DOZEN
2023,JAN,"CHICKENS, BROILERS - PRICE RECEIVED, MEASURED IN $ / LB",0.69,$ / LB
2023,JAN,"EGGS - PRICE RECEIVED, MEASURED IN $ / DOZEN",3.0,$ / DOZEN
2023,JUL,"CHICKENS, BROILERS - PRICE RECEIVED, MEASURED IN $ / LB",0.67,$ / LB
2023,JUL,"EGGS - PRICE RECEIVED, MEASURED IN $ / DOZEN",1.22,$ / DOZEN
2023,JUN,"CHICKENS, BROILERS - PRICE RECEIVED, MEASURED IN $ / LB",0.806,$ / LB
2023,JUN,"EGGS - PRICE RECEIVED, MEASURED IN $ / DOZEN",1.27,$ / DOZEN
2023,MAR,"CHICKENS, BROILERS - PRICE RECEIVED, MEASURED IN $ / LB",0.755,$ / LB
2023,MAR,"EGGS - PRICE RECEIVED, MEASURED IN $ / DOZEN",2.79,$ / DOZEN
2023,MARKETING YEAR,"EGGS - PRICE RECEIVED, MEASURED IN $ / DOZEN",1.96,$ / DOZEN
2023,MAY,"CHICKENS, BROILERS - PRICE RECEIVED, MEASURED IN $ / LB",0.849,$ / LB
2023,MAY,"EGGS - PRICE RECEIVED, MEASURED IN $ / DOZEN",1.08,$ / DOZEN
2023,NOV,"CHICKENS, BROILERS - PRICE RECEIVED, MEASURED IN $ / LB",0.65,$ / LB
2023,NOV,"EGGS - PRICE RECEIVED, MEASURED IN $ / DOZEN",1.78,$ / DOZEN
2023,OCT,"CHICKENS, BROILERS - PRICE RECEIVED, MEASURED IN $ / LB",0.634,$ / LB
2023,OCT,"EGGS - PRICE RECEIVED, MEASURED IN $ / DOZEN",1.19,$ / DOZEN
2023,SEP,"CHICKENS, BROILERS - PRICE RECEIVED, MEASURED IN $ / LB",0.649,$ / LB
2023,SEP,"EGGS - PRICE RECEIVED, MEASURED IN $ / DOZEN",1.21,$ / DOZEN
2023,YEAR,"CHICKENS, BROILERS - PRICE RECEIVED, MEASURED IN $ / LB",0.713,$ / LB
2023,YEAR,"EGGS - PRICE RECEIVED, MEASURED IN $ / DOZEN",1.75,$ / DOZEN
2024,APR,"CHICKENS, BROILERS - PRICE RECEIVED, MEASURED IN $ / LB",0.768,$ / LB
2024,APR,"EGGS - PRICE RECEIVED, MEASURED IN $ / DOZEN",1.95,$ / DOZEN
2024,AUG,"CHICKENS, BROILERS - PRICE RECEIVED, MEASURED IN $ / LB",0.712,$ / LB
2024,AUG,"EGGS - PRICE RECEIVED, MEASURED IN $ / DOZEN",3.21,$ / DOZEN
2024,DEC,"CHICKENS, BROILERS - PRICE RECEIVED, MEASURED IN $ / LB",0.76,$ / LB
2024,DEC,"EGGS - PRICE RECEIVED, MEASURED IN $ / DOZEN",4.34,$ / DOZEN
2024,FEB,"CHICKENS, BROILERS - PRICE RECEIVED, MEASURED IN $ / LB",0.719,$ / LB
2024,FEB,"EGGS - PRICE RECEIVED, MEASURED IN $ / DOZEN",2.38,$ / DOZEN
2024,JAN,"CHICKENS, BROILERS - PRICE RECEIVED, MEASURED IN $ / LB",0.735,$ / LB
2024,JAN,"EGGS - PRICE RECEIVED, MEASURED IN $ / DOZEN",2.13,$ / DOZEN
2024,JUL,"CHICKENS, BROILERS - PRICE RECEIVED, MEASURED IN $ / LB",0.759,$ / LB
2024,JUL,"EGGS - PRICE RECEIVED, MEASURED IN $ / DOZEN",2.4,$ / DOZEN
2024,JUN,"CHICKENS, BROILERS - PRICE RECEIVED, MEASURED IN $ / LB",0.76,$ / LB
2024,JUN,"EGGS - PRICE RECEIVED, MEASURED IN $ / DOZEN",2.09,$ / DOZEN
2024,MAR,"CHICKENS, BROILERS - PRICE RECEIVED, MEASURED IN $ / LB",0.744,$ / LB
2024,MAR,"EGGS - PRICE RECEIVED, MEASURED IN $ / DOZEN",2.26,$ / DOZEN
2024,MAY,"CHICKENS, BROILERS - PRICE RECEIVED, MEASURED IN $ / LB",0.765,$ / LB
2024,MAY,"EGGS - PRICE RECEIVED, MEASURED IN $ / DOZEN",1.72,$ / DOZEN
2024,NOV,"CHICKENS, BROILERS - PRICE RECEIVED, MEASURED IN $ / LB",0.741,$ / LB
2024,NOV,"EGGS - PRICE RECEIVED, MEASURED IN $ / DOZEN",3.14,$ / DOZEN
2024,OCT,"CHICKENS, BROILERS - PRICE RECEIVED, MEASURED IN $ / LB",0.741,$ / LB
2024,OCT,"EGGS - PRICE RECEIVED, MEASURED IN $ / DOZEN",2.72,$ / DOZEN
2024,SEP,"CHICKENS, BROILERS - PRICE RECEIVED, MEASURED IN $ / LB",0.727,$ / LB
2024,SEP,"EGGS - PRICE RECEIVED, MEASURED IN $ / DOZEN",2.06,$ / DOZEN
2024,YEAR,"CHICKENS, BROILERS - PRICE RECEIVED, MEASURED IN $ / LB",0.744,$ / LB
2024,YEAR,"EGGS - PRICE RECEIVED, MEASURED IN $ / DOZEN",2.54,$ / DOZEN
2025,APR,"CHICKENS, BROILERS - PRICE RECEIVED, MEASURED IN $ / LB",0.791,$ / LB
2025,APR,"EGGS - PRICE RECEIVED, MEASURED IN $ / DOZEN",3.59,$ / DOZEN
2025,AUG,"CHICKENS, BROILERS - PRICE RECEIVED, MEASURED IN $ / LB",0.667,$ / LB
2025,AUG,"EGGS - PRICE RECEIVED, MEASURED IN $ / DOZEN",2.27,$ / DOZEN
2025,DEC,"CHICKENS, BROILERS - PRICE RECEIVED, MEASURED IN $ / LB",0.646,$ / LB
2025,DEC,"EGGS - PRICE RECEIVED, MEASURED IN $ / DOZEN",1.66,$ / DOZEN
2025,FEB,"CHICKENS, BROILERS - PRICE RECEIVED, MEASURED IN $ / LB",0.726,$ / LB
2025,FEB,"EGGS - PRICE RECEIVED, MEASURED IN $ / DOZEN",6.76,$ / DOZEN
2025,JAN,"CHICKENS, BROILERS - PRICE RECEIVED, MEASURED IN $ / LB",0.774,$ / LB
2025,JAN,"EGGS - PRICE RECEIVED, MEASURED IN $ / DOZEN",5.98,$ / DOZEN
2025,JUL,"CHICKENS, BROILERS - PRICE RECEIVED, MEASURED IN $ / LB",0.759,$ / LB
2025,JUL,"EGGS - PRICE RECEIVED, MEASURED IN $ / DOZEN",2.89,$ / DOZEN
2025,JUN,"CHICKENS, BROILERS - PRICE RECEIVED, MEASURED IN $ / LB",0.801,$ / LB
2025,JUN,"EGGS - PRICE RECEIVED, MEASURED IN $ / DOZEN",2.84,$ / DOZEN
2025,MAR,"CHICKENS, BROILERS - PRICE RECEIVED, MEASURED IN $ / LB",0.763,$ / LB
2025,MAR,"EGGS - PRICE RECEIVED, MEASURED IN $ / DOZEN",5.47,$ / DOZEN
2025,MAY,"CHICKENS, BROILERS - PRICE RECEIVED, MEASURED IN $ / LB",0.789,$ / LB
2025,MAY,"EGGS - PRICE RECEIVED, MEASURED IN $ / DOZEN",3.33,$ / DOZEN
2025,NOV,"CHICKENS, BROILERS - PRICE RECEIVED, MEASURED IN $ / LB",0.588,$ / LB
2025,NOV,"EGGS - PRICE RECEIVED, MEASURED IN $ / DOZEN",2.19,$ / DOZEN
2025,OCT,"CHICKENS, BROILERS - PRICE RECEIVED, MEASURED IN $ / LB",0.582,$ / LB
2025,OCT,"EGGS - PRICE RECEIVED, MEASURED IN $ / DOZEN",1.64,$ / DOZEN
2025,SEP,"CHICKENS, BROILERS - PRICE RECEIVED, MEASURED IN $ / LB",0.639,$ / LB
2025,SEP,"EGGS - PRICE RECEIVED, MEASURED IN $ / DOZEN",2.03,$ / DOZEN
2026,FEB,"CHICKENS, BROILERS - PRICE RECEIVED, MEASURED IN $ / LB",0.663,$ / LB
2026,FEB,"EGGS - PRICE RECEIVED, MEASURED IN $ / DOZEN",1.22,$ / DOZEN
2026,JAN,"CHICKENS, BROILERS - PRICE RECEIVED, MEASURED IN $ / LB",0.677,$ / LB
2026,JAN,"EGGS - PRICE RECEIVED, MEASURED IN $ / DOZEN",1.09,$ / DOZEN
