year,reference_period,class,value,agg_level,state_alpha
2010,FIRST OF APR,LAYERS,344647000.0,NATIONAL,
2010,FIRST OF APR,"LAYERS, TABLE",285748000.0,NATIONAL,
2010,FIRST OF APR,"LAYERS, HATCHING",58899000.0,NATIONAL,
2010,FIRST OF APR,"LAYERS, HATCHING, BROILER TYPE",55863000.0,NATIONAL,
2010,FIRST OF AUG,LAYERS,340558000.0,NATIONAL,
2010,FIRST OF AUG,"LAYERS, TABLE",282201000.0,NATIONAL,
2010,FIRST OF AUG,"LAYERS, HATCHING",58357000.0,NATIONAL,
2010,FIRST OF AUG,"LAYERS, HATCHING, BROILER TYPE",55396000.0,NATIONAL,
2010,FIRST OF DEC,LAYERS,9446000.0,COUNTY,
2010,FIRST OF DEC,LAYERS,342782000.0,NATIONAL,
2010,FIRST OF DEC,"LAYERS, TABLE",285808000.0,NATIONAL,
2010,FIRST OF DEC,"LAYERS, HATCHING",56974000.0,NATIONAL,
2010,FIRST OF DEC,"LAYERS, HATCHING, BROILER TYPE",54243000.0,NATIONAL,
2010,FIRST OF DEC,LAYERS,9459000.0,STATE,AL
2010,FIRST OF DEC,LAYERS,12629000.0,STATE,AR
2010,FIRST OF DEC,LAYERS,19016000.0,STATE,CA
2010,FIRST OF DEC,LAYERS,3681000.0,STATE,CO
2010,FIRST OF DEC,LAYERS,2410000.0,STATE,CT
2010,FIRST OF DEC,LAYERS,9853000.0,STATE,FL
2010,FIRST OF DEC,LAYERS,17287000.0,STATE,GA
2010,FIRST OF DEC,LAYERS,338000.0,STATE,HI
2010,FIRST OF DEC,LAYERS,53322000.0,STATE,IA
2010,FIRST OF DEC,LAYERS,4543000.0,STATE,IL
2010,FIRST OF DEC,LAYERS,23389000.0,STATE,IN
2010,FIRST OF DEC,LAYERS,4337000.0,STATE,KY
2010,FIRST OF DEC,LAYERS,1920000.0,STATE,LA
2010,FIRST OF DEC,LAYERS,130000.0,STATE,MA
2010,FIRST OF DEC,LAYERS,2367000.0,STATE,MD
2010,FIRST OF DEC,LAYERS,3595000.0,STATE,ME
2010,FIRST OF DEC,LAYERS,10932000.0,STATE,MI
2010,FIRST OF DEC,LAYERS,10486000.0,STATE,MN
2010,FIRST OF DEC,LAYERS,7698000.0,STATE,MO
2010,FIRST OF DEC,LAYERS,5969000.0,STATE,MS
2010,FIRST OF DEC,LAYERS,375000.0,STATE,MT
2010,FIRST OF DEC,LAYERS,13246000.0,STATE,NC
2010,FIRST OF DEC,LAYERS,9376000.0,STATE,NE
2010,FIRST OF DEC,LAYERS,4345000.0,STATE,NY
2010,FIRST OF DEC,LAYERS,28297000.0,STATE,OH
2010,FIRST OF DEC,LAYERS,3320000.0,STATE,OK
2010,FIRST OF DEC,LAYERS,2434000.0,STATE,OR
2010,FIRST OF DEC,LAYERS,7036000.0,STATE,OT
2010,FIRST OF DEC,LAYERS,25033000.0,STATE,PA
2010,FIRST OF DEC,LAYERS,4251000.0,STATE,SC
2010,FIRST OF DEC,LAYERS,2384000.0,STATE,SD
2010,FIRST OF DEC,LAYERS,1600000.0,STATE,TN
2010,FIRST OF DEC,LAYERS,18561000.0,STATE,TX
2010,FIRST OF DEC,LAYERS,3448000.0,STATE,UT
2010,FIRST OF DEC,LAYERS,3053000.0,STATE,VA
2010,FIRST OF DEC,LAYERS,224000.0,STATE,VT
2010,FIRST OF DEC,LAYERS,6588000.0,STATE,WA
2010,FIRST OF DEC,LAYERS,4756000.0,STATE,WI
2010,FIRST OF DEC,LAYERS,1083000.0,STATE,WV
2010,FIRST OF DEC,LAYERS,11000.0,STATE,WY
2010,FIRST OF FEB,LAYERS,341061000.0,NATIONAL,
2010,FIRST OF FEB,"LAYERS, TABLE",282778000.0,NATIONAL,
2010,FIRST OF FEB,"LAYERS, HATCHING",58283000.0,NATIONAL,
2010,FIRST OF FEB,"LAYERS, HATCHING, BROILER TYPE",55320000.0,NATIONAL,
2010,FIRST OF JAN,LAYERS,342750000.0,NATIONAL,
2010,FIRST OF JAN,"LAYERS, TABLE",285204000.0,NATIONAL,
2010,FIRST OF JAN,"LAYERS, HATCHING",57546000.0,NATIONAL,
2010,FIRST OF JAN,"LAYERS, HATCHING, BROILER TYPE",54632000.0,NATIONAL,
2010,FIRST OF JUL,LAYERS,342522000.0,NATIONAL,
2010,FIRST OF JUL,"LAYERS, TABLE",283574000.0,NATIONAL,
2010,FIRST OF JUL,"LAYERS, HATCHING",58948000.0,NATIONAL,
2010,FIRST OF JUL,"LAYERS, HATCHING, BROILER TYPE",56023000.0,NATIONAL,
2010,FIRST OF JUN,LAYERS,341051000.0,NATIONAL,
2010,FIRST OF JUN,"LAYERS, TABLE",282408000.0,NATIONAL,
2010,FIRST OF JUN,"LAYERS, HATCHING",58643000.0,NATIONAL,
2010,FIRST OF JUN,"LAYERS, HATCHING, BROILER TYPE",55718000.0,NATIONAL,
2010,FIRST OF MAR,LAYERS,342868000.0,NATIONAL,
2010,FIRST OF MAR,"LAYERS, TABLE",284060000.0,NATIONAL,
2010,FIRST OF MAR,"LAYERS, HATCHING",58808000.0,NATIONAL,
2010,FIRST OF MAR,"LAYERS, HATCHING, BROILER TYPE",55849000.0,NATIONAL,
2010,FIRST OF MAY,LAYERS,341667000.0,NATIONAL,
2010,FIRST OF MAY,"LAYERS, TABLE",282029000.0,NATIONAL,
2010,FIRST OF MAY,"LAYERS, HATCHING",59638000.0,NATIONAL,
2010,FIRST OF MAY,"LAYERS, HATCHING, BROILER TYPE",56642000.0,NATIONAL,
2010,FIRST OF NOV,LAYERS,338462000.0,NATIONAL,
2010,FIRST OF NOV,"LAYERS, TABLE",280869000.0,NATIONAL,
2010,FIRST OF NOV,"LAYERS, HATCHING",57593000.0,NATIONAL,
2010,FIRST OF NOV,"LAYERS, HATCHING, BROILER TYPE",54658000.0,NATIONAL,
2010,FIRST OF OCT,LAYERS,337891000.0,NATIONAL,
2010,FIRST OF OCT,"LAYERS, TABLE",280876000.0,NATIONAL,
2010,FIRST OF OCT,"LAYERS, HATCHING",57015000.0,NATIONAL,
2010,FIRST OF OCT,"LAYERS, HATCHING, BROILER TYPE",54089000.0,NATIONAL,
2010,FIRST OF SEP,LAYERS,341944000.0,NATIONAL,
2010,FIRST OF SEP,"LAYERS, TABLE",284934000.0,NATIONAL,
2010,FIRST OF SEP,"LAYERS, HATCHING",57010000.0,NATIONAL,
2010,FIRST OF SEP,"LAYERS, HATCHING, BROILER TYPE",54066000.0,NATIONAL,
2011,FIRST OF APR,LAYERS,343308000.0,NATIONAL,
2011,FIRST OF APR,"LAYERS, TABLE",284677000.0,NATIONAL,
2011,FIRST OF APR,"LAYERS, HATCHING",58631000.0,NATIONAL,
2011,FIRST OF APR,"LAYERS, HATCHING, BROILER TYPE",55701000.0,NATIONAL,
2011,FIRST OF AUG,LAYERS,337865000.0,NATIONAL,
2011,FIRST OF AUG,"LAYERS, TABLE",281553000.0,NATIONAL,
2011,FIRST OF AUG,"LAYERS, HATCHING",56312000.0,NATIONAL,
2011,FIRST OF AUG,"LAYERS, HATCHING, BROILER TYPE",53483000.0,NATIONAL,
2011,FIRST OF DEC,LAYERS,2871200.0,COUNTY,
2011,FIRST OF DEC,LAYERS,343283000.0,NATIONAL,
2011,FIRST OF DEC,"LAYERS, TABLE",290353000.0,NATIONAL,
2011,FIRST OF DEC,"LAYERS, HATCHING",52930000.0,NATIONAL,
2011,FIRST OF DEC,"LAYERS, HATCHING, BROILER TYPE",50149000.0,NATIONAL,
2011,FIRST OF DEC,LAYERS,9022000.0,STATE,AL
2011,FIRST OF DEC,LAYERS,11897000.0,STATE,AR
2011,FIRST OF DEC,LAYERS,19833000.0,STATE,CA
2011,FIRST OF DEC,LAYERS,4684000.0,STATE,CO
2011,FIRST OF DEC,LAYERS,2340000.0,STATE,CT
2011,FIRST OF DEC,LAYERS,10072000.0,STATE,FL
2011,FIRST OF DEC,LAYERS,16302000.0,STATE,GA
2011,FIRST OF DEC,LAYERS,,STATE,HI
2011,FIRST OF DEC,LAYERS,55901000.0,STATE,IA
2011,FIRST OF DEC,LAYERS,4499000.0,STATE,IL
2011,FIRST OF DEC,LAYERS,22926000.0,STATE,IN
2011,FIRST OF DEC,LAYERS,4254000.0,STATE,KY
2011,FIRST OF DEC,LAYERS,1889000.0,STATE,LA
2011,FIRST OF DEC,LAYERS,131000.0,STATE,MA
2011,FIRST OF DEC,LAYERS,2106000.0,STATE,MD
2011,FIRST OF DEC,LAYERS,3570000.0,STATE,ME
2011,FIRST OF DEC,LAYERS,11499000.0,STATE,MI
2011,FIRST OF DEC,LAYERS,10154000.0,STATE,MN
2011,FIRST OF DEC,LAYERS,7219000.0,STATE,MO
2011,FIRST OF DEC,LAYERS,5509000.0,STATE,MS
2011,FIRST OF DEC,LAYERS,380000.0,STATE,MT
2011,FIRST OF DEC,LAYERS,12480000.0,STATE,NC
2011,FIRST OF DEC,LAYERS,9119000.0,STATE,NE
2011,FIRST OF DEC,LAYERS,4496000.0,STATE,NY
2011,FIRST OF DEC,LAYERS,28355000.0,STATE,OH
2011,FIRST OF DEC,LAYERS,3167000.0,STATE,OK
2011,FIRST OF DEC,LAYERS,2309000.0,STATE,OR
2011,FIRST OF DEC,LAYERS,8137000.0,STATE,OT
2011,FIRST OF DEC,LAYERS,25153000.0,STATE,PA
2011,FIRST OF DEC,LAYERS,4349000.0,STATE,SC
2011,FIRST OF DEC,LAYERS,2481000.0,STATE,SD
2011,FIRST OF DEC,LAYERS,1364000.0,STATE,TN
2011,FIRST OF DEC,LAYERS,18141000.0,STATE,TX
2011,FIRST OF DEC,LAYERS,3636000.0,STATE,UT
2011,FIRST OF DEC,LAYERS,2950000.0,STATE,VA
2011,FIRST OF DEC,LAYERS,212000.0,STATE,VT
2011,FIRST OF DEC,LAYERS,6755000.0,STATE,WA
2011,FIRST OF DEC,LAYERS,4980000.0,STATE,WI
2011,FIRST OF DEC,LAYERS,1001000.0,STATE,WV
2011,FIRST OF DEC,LAYERS,11000.0,STATE,WY
2011,FIRST OF FEB,LAYERS,341193000.0,NATIONAL,
2011,FIRST OF FEB,"LAYERS, TABLE",283188000.0,NATIONAL,
2011,FIRST OF FEB,"LAYERS, HATCHING",58005000.0,NATIONAL,
2011,FIRST OF FEB,"LAYERS, HATCHING, BROILER TYPE",55016000.0,NATIONAL,
2011,FIRST OF JAN,LAYERS,345202000.0,NATIONAL,
2011,FIRST OF JAN,"LAYERS, TABLE",286824000.0,NATIONAL,
2011,FIRST OF JAN,"LAYERS, HATCHING",58378000.0,NATIONAL,
2011,FIRST OF JAN,"LAYERS, HATCHING, BROILER TYPE",55534000.0,NATIONAL,
2011,FIRST OF JUL,LAYERS,339229000.0,NATIONAL,
2011,FIRST OF JUL,"LAYERS, TABLE",281598000.0,NATIONAL,
2011,FIRST OF JUL,"LAYERS, HATCHING",57631000.0,NATIONAL,
2011,FIRST OF JUL,"LAYERS, HATCHING, BROILER TYPE",54805000.0,NATIONAL,
2011,FIRST OF JUN,LAYERS,337006000.0,NATIONAL,
2011,FIRST OF JUN,"LAYERS, TABLE",278560000.0,NATIONAL,
2011,FIRST OF JUN,"LAYERS, HATCHING",58446000.0,NATIONAL,
2011,FIRST OF JUN,"LAYERS, HATCHING, BROILER TYPE",55431000.0,NATIONAL,
2011,FIRST OF MAR,LAYERS,340369000.0,NATIONAL,
2011,FIRST OF MAR,"LAYERS, TABLE",282222000.0,NATIONAL,
2011,FIRST OF MAR,"LAYERS, HATCHING",58147000.0,NATIONAL,
2011,FIRST OF MAR,"LAYERS, HATCHING, BROILER TYPE",55127000.0,NATIONAL,
2011,FIRST OF MAY,LAYERS,340445000.0,NATIONAL,
2011,FIRST OF MAY,"LAYERS, TABLE",281504000.0,NATIONAL,
2011,FIRST OF MAY,"LAYERS, HATCHING",58941000.0,NATIONAL,
2011,FIRST OF MAY,"LAYERS, HATCHING, BROILER TYPE",56021000.0,NATIONAL,
2011,FIRST OF NOV,LAYERS,341367000.0,NATIONAL,
2011,FIRST OF NOV,"LAYERS, TABLE",287934000.0,NATIONAL,
2011,FIRST OF NOV,"LAYERS, HATCHING",53433000.0,NATIONAL,
2011,FIRST OF NOV,"LAYERS, HATCHING, BROILER TYPE",50488000.0,NATIONAL,
2011,FIRST OF OCT,LAYERS,338921000.0,NATIONAL,
2011,FIRST OF OCT,"LAYERS, TABLE",285017000.0,NATIONAL,
2011,FIRST OF OCT,"LAYERS, HATCHING",53904000.0,NATIONAL,
2011,FIRST OF OCT,"LAYERS, HATCHING, BROILER TYPE",50937000.0,NATIONAL,
2011,FIRST OF SEP,LAYERS,339355000.0,NATIONAL,
2011,FIRST OF SEP,"LAYERS, TABLE",284612000.0,NATIONAL,
2011,FIRST OF SEP,"LAYERS, HATCHING",54743000.0,NATIONAL,
2011,FIRST OF SEP,"LAYERS, HATCHING, BROILER TYPE",51708000.0,NATIONAL,
2012,FIRST OF APR,LAYERS,346429000.0,NATIONAL,
2012,FIRST OF APR,"LAYERS, TABLE",291086000.0,NATIONAL,
2012,FIRST OF APR,"LAYERS, HATCHING",55343000.0,NATIONAL,
2012,FIRST OF APR,"LAYERS, HATCHING, BROILER TYPE",52167000.0,NATIONAL,
2012,FIRST OF AUG,LAYERS,341220000.0,NATIONAL,
2012,FIRST OF AUG,"LAYERS, TABLE",287841000.0,NATIONAL,
2012,FIRST OF AUG,"LAYERS, HATCHING",53379000.0,NATIONAL,
2012,FIRST OF AUG,"LAYERS, HATCHING, BROILER TYPE",50462000.0,NATIONAL,
2012,FIRST OF DEC,LAYERS,2867400.0,COUNTY,
2012,FIRST OF DEC,LAYERS,354977000.0,NATIONAL,
2012,FIRST OF DEC,"LAYERS, TABLE",301739000.0,NATIONAL,
2012,FIRST OF DEC,"LAYERS, HATCHING",53238000.0,NATIONAL,
2012,FIRST OF DEC,"LAYERS, HATCHING, BROILER TYPE",50232000.0,NATIONAL,
2012,FIRST OF DEC,LAYERS,9034000.0,STATE,AL
2012,FIRST OF DEC,LAYERS,12259000.0,STATE,AR
2012,FIRST OF DEC,LAYERS,19619000.0,STATE,CA
2012,FIRST OF DEC,LAYERS,4193000.0,STATE,CO
2012,FIRST OF DEC,LAYERS,2427000.0,STATE,CT
2012,FIRST OF DEC,LAYERS,8794000.0,STATE,FL
2012,FIRST OF DEC,LAYERS,17330000.0,STATE,GA
2012,FIRST OF DEC,LAYERS,57883000.0,STATE,IA
2012,FIRST OF DEC,LAYERS,4573000.0,STATE,IL
2012,FIRST OF DEC,LAYERS,26128000.0,STATE,IN
2012,FIRST OF DEC,LAYERS,4299000.0,STATE,KY
2012,FIRST OF DEC,LAYERS,1935000.0,STATE,LA
2012,FIRST OF DEC,LAYERS,155000.0,STATE,MA
2012,FIRST OF DEC,LAYERS,2427000.0,STATE,MD
2012,FIRST OF DEC,LAYERS,3539000.0,STATE,ME
2012,FIRST OF DEC,LAYERS,12899000.0,STATE,MI
2012,FIRST OF DEC,LAYERS,9936000.0,STATE,MN
2012,FIRST OF DEC,LAYERS,8489000.0,STATE,MO
2012,FIRST OF DEC,LAYERS,5495000.0,STATE,MS
2012,FIRST OF DEC,LAYERS,464000.0,STATE,MT
2012,FIRST OF DEC,LAYERS,12980000.0,STATE,NC
2012,FIRST OF DEC,LAYERS,9392000.0,STATE,NE
2012,FIRST OF DEC,LAYERS,4821000.0,STATE,NY
2012,FIRST OF DEC,LAYERS,28820000.0,STATE,OH
2012,FIRST OF DEC,LAYERS,3145000.0,STATE,OK
2012,FIRST OF DEC,LAYERS,2306000.0,STATE,OR
2012,FIRST OF DEC,LAYERS,8533000.0,STATE,OT
2012,FIRST OF DEC,LAYERS,25415000.0,STATE,PA
2012,FIRST OF DEC,LAYERS,4274000.0,STATE,SC
2012,FIRST OF DEC,LAYERS,2228000.0,STATE,SD
2012,FIRST OF DEC,LAYERS,1428000.0,STATE,TN
2012,FIRST OF DEC,LAYERS,19523000.0,STATE,TX
2012,FIRST OF DEC,LAYERS,3800000.0,STATE,UT
2012,FIRST OF DEC,LAYERS,2836000.0,STATE,VA
2012,FIRST OF DEC,LAYERS,217000.0,STATE,VT
2012,FIRST OF DEC,LAYERS,6745000.0,STATE,WA
2012,FIRST OF DEC,LAYERS,5493000.0,STATE,WI
2012,FIRST OF DEC,LAYERS,1115000.0,STATE,WV
2012,FIRST OF DEC,LAYERS,28000.0,STATE,WY
2012,FIRST OF FEB,LAYERS,342952000.0,NATIONAL,
2012,FIRST OF FEB,"LAYERS, TABLE",289135000.0,NATIONAL,
2012,FIRST OF FEB,"LAYERS, HATCHING",53817000.0,NATIONAL,
2012,FIRST OF FEB,"LAYERS, HATCHING, BROILER TYPE",50781000.0,NATIONAL,
2012,FIRST OF JAN,LAYERS,343360000.0,NATIONAL,
2012,FIRST OF JAN,"LAYERS, TABLE",290111000.0,NATIONAL,
2012,FIRST OF JAN,"LAYERS, HATCHING",53249000.0,NATIONAL,
2012,FIRST OF JAN,"LAYERS, HATCHING, BROILER TYPE",50399000.0,NATIONAL,
2012,FIRST OF JUL,LAYERS,341937000.0,NATIONAL,
2012,FIRST OF JUL,"LAYERS, TABLE",287541000.0,NATIONAL,
2012,FIRST OF JUL,"LAYERS, HATCHING",54396000.0,NATIONAL,
2012,FIRST OF JUL,"LAYERS, HATCHING, BROILER TYPE",51445000.0,NATIONAL,
2012,FIRST OF JUN,LAYERS,344927000.0,NATIONAL,
2012,FIRST OF JUN,"LAYERS, TABLE",289059000.0,NATIONAL,
2012,FIRST OF JUN,"LAYERS, HATCHING",55868000.0,NATIONAL,
2012,FIRST OF JUN,"LAYERS, HATCHING, BROILER TYPE",52814000.0,NATIONAL,
2012,FIRST OF MAR,LAYERS,344223000.0,NATIONAL,
2012,FIRST OF MAR,"LAYERS, TABLE",290339000.0,NATIONAL,
2012,FIRST OF MAR,"LAYERS, HATCHING",53884000.0,NATIONAL,
2012,FIRST OF MAR,"LAYERS, HATCHING, BROILER TYPE",50723000.0,NATIONAL,
2012,FIRST OF MAY,LAYERS,345300000.0,NATIONAL,
2012,FIRST OF MAY,"LAYERS, TABLE",289326000.0,NATIONAL,
2012,FIRST OF MAY,"LAYERS, HATCHING",55974000.0,NATIONAL,
2012,FIRST OF MAY,"LAYERS, HATCHING, BROILER TYPE",52896000.0,NATIONAL,
2012,FIRST OF NOV,LAYERS,349860000.0,NATIONAL,
2012,FIRST OF NOV,"LAYERS, TABLE",297802000.0,NATIONAL,
2012,FIRST OF NOV,"LAYERS, HATCHING",52058000.0,NATIONAL,
2012,FIRST OF NOV,"LAYERS, HATCHING, BROILER TYPE",49106000.0,NATIONAL,
2012,FIRST OF OCT,LAYERS,345334000.0,NATIONAL,
2012,FIRST OF OCT,"LAYERS, TABLE",292871000.0,NATIONAL,
2012,FIRST OF OCT,"LAYERS, HATCHING",52463000.0,NATIONAL,
2012,FIRST OF OCT,"LAYERS, HATCHING, BROILER TYPE",49413000.0,NATIONAL,
2012,FIRST OF SEP,LAYERS,343247000.0,NATIONAL,
2012,FIRST OF SEP,"LAYERS, TABLE",290643000.0,NATIONAL,
2012,FIRST OF SEP,"LAYERS, HATCHING",52604000.0,NATIONAL,
2012,FIRST OF SEP,"LAYERS, HATCHING, BROILER TYPE",49632000.0,NATIONAL,
2013,FIRST OF APR,LAYERS,359249000.0,NATIONAL,
2013,FIRST OF APR,"LAYERS, TABLE",302661000.0,NATIONAL,
2013,FIRST OF APR,"LAYERS, HATCHING",56588000.0,NATIONAL,
2013,FIRST OF APR,"LAYERS, HATCHING, BROILER TYPE",53097000.0,NATIONAL,
2013,FIRST OF AUG,LAYERS,358416000.0,NATIONAL,
2013,FIRST OF AUG,"LAYERS, TABLE",302170000.0,NATIONAL,
2013,FIRST OF AUG,"LAYERS, HATCHING",56246000.0,NATIONAL,
2013,FIRST OF AUG,"LAYERS, HATCHING, BROILER TYPE",52751000.0,NATIONAL,
2013,FIRST OF DEC,LAYERS,1208900.0,COUNTY,
2013,FIRST OF DEC,LAYERS,367356000.0,NATIONAL,
2013,FIRST OF DEC,"LAYERS, TABLE",311681000.0,NATIONAL,
2013,FIRST OF DEC,"LAYERS, HATCHING",55675000.0,NATIONAL,
2013,FIRST OF DEC,"LAYERS, HATCHING, BROILER TYPE",52249000.0,NATIONAL,
2013,FIRST OF DEC,LAYERS,9175000.0,STATE,AL
2013,FIRST OF DEC,LAYERS,12152000.0,STATE,AR
2013,FIRST OF DEC,LAYERS,17003000.0,STATE,CA
2013,FIRST OF DEC,LAYERS,5052000.0,STATE,CO
2013,FIRST OF DEC,LAYERS,2419000.0,STATE,CT
2013,FIRST OF DEC,LAYERS,8556000.0,STATE,FL
2013,FIRST OF DEC,LAYERS,18458000.0,STATE,GA
2013,FIRST OF DEC,LAYERS,58867000.0,STATE,IA
2013,FIRST OF DEC,LAYERS,4763000.0,STATE,IL
2013,FIRST OF DEC,LAYERS,27339000.0,STATE,IN
2013,FIRST OF DEC,LAYERS,4656000.0,STATE,KY
2013,FIRST OF DEC,LAYERS,1994000.0,STATE,LA
2013,FIRST OF DEC,LAYERS,139000.0,STATE,MA
2013,FIRST OF DEC,LAYERS,2913000.0,STATE,MD
2013,FIRST OF DEC,LAYERS,3535000.0,STATE,ME
2013,FIRST OF DEC,LAYERS,13195000.0,STATE,MI
2013,FIRST OF DEC,LAYERS,10714000.0,STATE,MN
2013,FIRST OF DEC,LAYERS,10423000.0,STATE,MO
2013,FIRST OF DEC,LAYERS,5650000.0,STATE,MS
2013,FIRST OF DEC,LAYERS,455000.0,STATE,MT
2013,FIRST OF DEC,LAYERS,13311000.0,STATE,NC
2013,FIRST OF DEC,LAYERS,9339000.0,STATE,NE
2013,FIRST OF DEC,LAYERS,5116000.0,STATE,NY
2013,FIRST OF DEC,LAYERS,33227000.0,STATE,OH
2013,FIRST OF DEC,LAYERS,3065000.0,STATE,OK
2013,FIRST OF DEC,LAYERS,2291000.0,STATE,OR
2013,FIRST OF DEC,LAYERS,14531000.0,STATE,OT
2013,FIRST OF DEC,LAYERS,26495000.0,STATE,PA
2013,FIRST OF DEC,LAYERS,4414000.0,STATE,SC
2013,FIRST OF DEC,LAYERS,2872000.0,STATE,SD
2013,FIRST OF DEC,LAYERS,1491000.0,STATE,TN
2013,FIRST OF DEC,LAYERS,19069000.0,STATE,TX
2013,FIRST OF DEC,LAYERS,3940000.0,STATE,UT
2013,FIRST OF DEC,LAYERS,2875000.0,STATE,VA
2013,FIRST OF DEC,LAYERS,143000.0,STATE,VT
2013,FIRST OF DEC,LAYERS,6867000.0,STATE,WA
2013,FIRST OF DEC,LAYERS,5619000.0,STATE,WI
2013,FIRST OF DEC,LAYERS,1187000.0,STATE,WV
2013,FIRST OF FEB,LAYERS,355172000.0,NATIONAL,
2013,FIRST OF FEB,"LAYERS, TABLE",300583000.0,NATIONAL,
2013,FIRST OF FEB,"LAYERS, HATCHING",54589000.0,NATIONAL,
2013,FIRST OF FEB,"LAYERS, HATCHING, BROILER TYPE",51321000.0,NATIONAL,
2013,FIRST OF JAN,LAYERS,354788000.0,NATIONAL,
2013,FIRST OF JAN,"LAYERS, TABLE",300040000.0,NATIONAL,
2013,FIRST OF JAN,"LAYERS, HATCHING",54748000.0,NATIONAL,
2013,FIRST OF JAN,"LAYERS, HATCHING, BROILER TYPE",51419000.0,NATIONAL,
2013,FIRST OF JUL,LAYERS,356341000.0,NATIONAL,
2013,FIRST OF JUL,"LAYERS, TABLE",300369000.0,NATIONAL,
2013,FIRST OF JUL,"LAYERS, HATCHING",55972000.0,NATIONAL,
2013,FIRST OF JUL,"LAYERS, HATCHING, BROILER TYPE",52556000.0,NATIONAL,
2013,FIRST OF JUN,LAYERS,357475000.0,NATIONAL,
2013,FIRST OF JUN,"LAYERS, TABLE",300476000.0,NATIONAL,
2013,FIRST OF JUN,"LAYERS, HATCHING",56999000.0,NATIONAL,
2013,FIRST OF JUN,"LAYERS, HATCHING, BROILER TYPE",53513000.0,NATIONAL,
2013,FIRST OF MAR,LAYERS,357752000.0,NATIONAL,
2013,FIRST OF MAR,"LAYERS, TABLE",302678000.0,NATIONAL,
2013,FIRST OF MAR,"LAYERS, HATCHING",55074000.0,NATIONAL,
2013,FIRST OF MAR,"LAYERS, HATCHING, BROILER TYPE",51684000.0,NATIONAL,
2013,FIRST OF MAY,LAYERS,355756000.0,NATIONAL,
2013,FIRST OF MAY,"LAYERS, TABLE",298992000.0,NATIONAL,
2013,FIRST OF MAY,"LAYERS, HATCHING",56764000.0,NATIONAL,
2013,FIRST OF MAY,"LAYERS, HATCHING, BROILER TYPE",53258000.0,NATIONAL,
2013,FIRST OF NOV,LAYERS,363223000.0,NATIONAL,
2013,FIRST OF NOV,"LAYERS, TABLE",308202000.0,NATIONAL,
2013,FIRST OF NOV,"LAYERS, HATCHING",55021000.0,NATIONAL,
2013,FIRST OF NOV,"LAYERS, HATCHING, BROILER TYPE",51651000.0,NATIONAL,
2013,FIRST OF OCT,LAYERS,359382000.0,NATIONAL,
2013,FIRST OF OCT,"LAYERS, TABLE",304117000.0,NATIONAL,
2013,FIRST OF OCT,"LAYERS, HATCHING",55265000.0,NATIONAL,
2013,FIRST OF OCT,"LAYERS, HATCHING, BROILER TYPE",51859000.0,NATIONAL,
2013,FIRST OF SEP,LAYERS,360792000.0,NATIONAL,
2013,FIRST OF SEP,"LAYERS, TABLE",305417000.0,NATIONAL,
2013,FIRST OF SEP,"LAYERS, HATCHING",55375000.0,NATIONAL,
2013,FIRST OF SEP,"LAYERS, HATCHING, BROILER TYPE",51924000.0,NATIONAL,
2014,FIRST OF APR,LAYERS,367511000.0,NATIONAL,
2014,FIRST OF APR,"LAYERS, TABLE",310819000.0,NATIONAL,
2014,FIRST OF APR,"LAYERS, HATCHING",56692000.0,NATIONAL,
2014,FIRST OF APR,"LAYERS, HATCHING, BROILER TYPE",53474000.0,NATIONAL,
2014,FIRST OF AUG,LAYERS,369440000.0,NATIONAL,
2014,FIRST OF AUG,"LAYERS, TABLE",312368000.0,NATIONAL,
2014,FIRST OF AUG,"LAYERS, HATCHING",57072000.0,NATIONAL,
2014,FIRST OF AUG,"LAYERS, HATCHING, BROILER TYPE",53928000.0,NATIONAL,
2014,FIRST OF DEC,LAYERS,1210500.0,COUNTY,
2014,FIRST OF DEC,LAYERS,374880000.0,NATIONAL,
2014,FIRST OF DEC,"LAYERS, TABLE",318337000.0,NATIONAL,
2014,FIRST OF DEC,"LAYERS, HATCHING",56543000.0,NATIONAL,
2014,FIRST OF DEC,"LAYERS, HATCHING, BROILER TYPE",53372000.0,NATIONAL,
2014,FIRST OF DEC,LAYERS,9179000.0,STATE,AL
2014,FIRST OF DEC,LAYERS,12887000.0,STATE,AR
2014,FIRST OF DEC,LAYERS,15135000.0,STATE,CA
2014,FIRST OF DEC,LAYERS,4791000.0,STATE,CO
2014,FIRST OF DEC,LAYERS,8998000.0,STATE,FL
2014,FIRST OF DEC,LAYERS,19458000.0,STATE,GA
2014,FIRST OF DEC,LAYERS,60273000.0,STATE,IA
2014,FIRST OF DEC,LAYERS,5026000.0,STATE,IL
2014,FIRST OF DEC,LAYERS,27352000.0,STATE,IN
2014,FIRST OF DEC,LAYERS,4583000.0,STATE,KY
2014,FIRST OF DEC,LAYERS,2086000.0,STATE,LA
2014,FIRST OF DEC,LAYERS,144000.0,STATE,MA
2014,FIRST OF DEC,LAYERS,2869000.0,STATE,MD
2014,FIRST OF DEC,LAYERS,13192000.0,STATE,MI
2014,FIRST OF DEC,LAYERS,11277000.0,STATE,MN
2014,FIRST OF DEC,LAYERS,11378000.0,STATE,MO
2014,FIRST OF DEC,LAYERS,5571000.0,STATE,MS
2014,FIRST OF DEC,LAYERS,458000.0,STATE,MT
2014,FIRST OF DEC,LAYERS,14441000.0,STATE,NC
2014,FIRST OF DEC,LAYERS,9571000.0,STATE,NE
2014,FIRST OF DEC,LAYERS,5155000.0,STATE,NY
2014,FIRST OF DEC,LAYERS,35792000.0,STATE,OH
2014,FIRST OF DEC,LAYERS,3072000.0,STATE,OK
2014,FIRST OF DEC,LAYERS,2253000.0,STATE,OR
2014,FIRST OF DEC,LAYERS,14682000.0,STATE,OT
2014,FIRST OF DEC,LAYERS,26161000.0,STATE,PA
2014,FIRST OF DEC,LAYERS,4218000.0,STATE,SC
2014,FIRST OF DEC,LAYERS,2715000.0,STATE,SD
2014,FIRST OF DEC,LAYERS,1495000.0,STATE,TN
2014,FIRST OF DEC,LAYERS,19116000.0,STATE,TX
2014,FIRST OF DEC,LAYERS,4585000.0,STATE,UT
2014,FIRST OF DEC,LAYERS,2939000.0,STATE,VA
2014,FIRST OF DEC,LAYERS,141000.0,STATE,VT
2014,FIRST OF DEC,LAYERS,7094000.0,STATE,WA
2014,FIRST OF DEC,LAYERS,5586000.0,STATE,WI
2014,FIRST OF DEC,LAYERS,1207000.0,STATE,WV
2014,FIRST OF FEB,LAYERS,365229000.0,NATIONAL,
2014,FIRST OF FEB,"LAYERS, TABLE",308471000.0,NATIONAL,
2014,FIRST OF FEB,"LAYERS, HATCHING",56758000.0,NATIONAL,
2014,FIRST OF FEB,"LAYERS, HATCHING, BROILER TYPE",53396000.0,NATIONAL,
2014,FIRST OF JAN,LAYERS,366403000.0,NATIONAL,
2014,FIRST OF JAN,"LAYERS, TABLE",310401000.0,NATIONAL,
2014,FIRST OF JAN,"LAYERS, HATCHING",56002000.0,NATIONAL,
2014,FIRST OF JAN,"LAYERS, HATCHING, BROILER TYPE",52782000.0,NATIONAL,
2014,FIRST OF JUL,LAYERS,367188000.0,NATIONAL,
2014,FIRST OF JUL,"LAYERS, TABLE",310244000.0,NATIONAL,
2014,FIRST OF JUL,"LAYERS, HATCHING",56944000.0,NATIONAL,
2014,FIRST OF JUL,"LAYERS, HATCHING, BROILER TYPE",53744000.0,NATIONAL,
2014,FIRST OF JUN,LAYERS,367197000.0,NATIONAL,
2014,FIRST OF JUN,"LAYERS, TABLE",310048000.0,NATIONAL,
2014,FIRST OF JUN,"LAYERS, HATCHING",57149000.0,NATIONAL,
2014,FIRST OF JUN,"LAYERS, HATCHING, BROILER TYPE",53879000.0,NATIONAL,
2014,FIRST OF MAR,LAYERS,365876000.0,NATIONAL,
2014,FIRST OF MAR,"LAYERS, TABLE",309541000.0,NATIONAL,
2014,FIRST OF MAR,"LAYERS, HATCHING",56335000.0,NATIONAL,
2014,FIRST OF MAR,"LAYERS, HATCHING, BROILER TYPE",53098000.0,NATIONAL,
2014,FIRST OF MAY,LAYERS,367961000.0,NATIONAL,
2014,FIRST OF MAY,"LAYERS, TABLE",310918000.0,NATIONAL,
2014,FIRST OF MAY,"LAYERS, HATCHING",57043000.0,NATIONAL,
2014,FIRST OF MAY,"LAYERS, HATCHING, BROILER TYPE",53679000.0,NATIONAL,
2014,FIRST OF NOV,LAYERS,370290000.0,NATIONAL,
2014,FIRST OF NOV,"LAYERS, TABLE",314010000.0,NATIONAL,
2014,FIRST OF NOV,"LAYERS, HATCHING",56280000.0,NATIONAL,
2014,FIRST OF NOV,"LAYERS, HATCHING, BROILER TYPE",53135000.0,NATIONAL,
2014,FIRST OF OCT,LAYERS,370244000.0,NATIONAL,
2014,FIRST OF OCT,"LAYERS, TABLE",314172000.0,NATIONAL,
2014,FIRST OF OCT,"LAYERS, HATCHING",56072000.0,NATIONAL,
2014,FIRST OF OCT,"LAYERS, HATCHING, BROILER TYPE",52906000.0,NATIONAL,
2014,FIRST OF SEP,LAYERS,369662000.0,NATIONAL,
2014,FIRST OF SEP,"LAYERS, TABLE",313258000.0,NATIONAL,
2014,FIRST OF SEP,"LAYERS, HATCHING",56404000.0,NATIONAL,
2014,FIRST OF SEP,"LAYERS, HATCHING, BROILER TYPE",53201000.0,NATIONAL,
2015,FIRST OF APR,LAYERS,372053000.0,NATIONAL,
2015,FIRST OF APR,"LAYERS, TABLE",312850000.0,NATIONAL,
2015,FIRST OF APR,"LAYERS, HATCHING",59203000.0,NATIONAL,
2015,FIRST OF APR,"LAYERS, HATCHING, BROILER TYPE",55632000.0,NATIONAL,
2015,FIRST OF AUG,LAYERS,341514000.0,NATIONAL,
2015,FIRST OF AUG,"LAYERS, TABLE",282499000.0,NATIONAL,
2015,FIRST OF AUG,"LAYERS, HATCHING",59015000.0,NATIONAL,
2015,FIRST OF AUG,"LAYERS, HATCHING, BROILER TYPE",55654000.0,NATIONAL,
2015,FIRST OF DEC,LAYERS,1137200.0,COUNTY,
2015,FIRST OF DEC,LAYERS,356312000.0,NATIONAL,
2015,FIRST OF DEC,"LAYERS, TABLE",297279000.0,NATIONAL,
2015,FIRST OF DEC,"LAYERS, HATCHING",59033000.0,NATIONAL,
2015,FIRST OF DEC,"LAYERS, HATCHING, BROILER TYPE",55420000.0,NATIONAL,
2015,FIRST OF DEC,LAYERS,9267000.0,STATE,AL
2015,FIRST OF DEC,LAYERS,14141000.0,STATE,AR
2015,FIRST OF DEC,LAYERS,12091000.0,STATE,CA
2015,FIRST OF DEC,LAYERS,4521000.0,STATE,CO
2015,FIRST OF DEC,LAYERS,9167000.0,STATE,FL
2015,FIRST OF DEC,LAYERS,20073000.0,STATE,GA
2015,FIRST OF DEC,LAYERS,38838000.0,STATE,IA
2015,FIRST OF DEC,LAYERS,5079000.0,STATE,IL
2015,FIRST OF DEC,LAYERS,30443000.0,STATE,IN
2015,FIRST OF DEC,LAYERS,5059000.0,STATE,KY
2015,FIRST OF DEC,LAYERS,2077000.0,STATE,LA
2015,FIRST OF DEC,LAYERS,146000.0,STATE,MA
2015,FIRST OF DEC,LAYERS,2830000.0,STATE,MD
2015,FIRST OF DEC,LAYERS,13249000.0,STATE,MI
2015,FIRST OF DEC,LAYERS,9377000.0,STATE,MN
2015,FIRST OF DEC,LAYERS,11271000.0,STATE,MO
2015,FIRST OF DEC,LAYERS,5600000.0,STATE,MS
2015,FIRST OF DEC,LAYERS,439000.0,STATE,MT
2015,FIRST OF DEC,LAYERS,14869000.0,STATE,NC
2015,FIRST OF DEC,LAYERS,7019000.0,STATE,NE
2015,FIRST OF DEC,LAYERS,5754000.0,STATE,NY
2015,FIRST OF DEC,LAYERS,36937000.0,STATE,OH
2015,FIRST OF DEC,LAYERS,2884000.0,STATE,OK
2015,FIRST OF DEC,LAYERS,2222000.0,STATE,OR
2015,FIRST OF DEC,LAYERS,16978000.0,STATE,OT
2015,FIRST OF DEC,LAYERS,26771000.0,STATE,PA
2015,FIRST OF DEC,LAYERS,4397000.0,STATE,SC
2015,FIRST OF DEC,LAYERS,1575000.0,STATE,SD
2015,FIRST OF DEC,LAYERS,1668000.0,STATE,TN
2015,FIRST OF DEC,LAYERS,20421000.0,STATE,TX
2015,FIRST OF DEC,LAYERS,4532000.0,STATE,UT
2015,FIRST OF DEC,LAYERS,2979000.0,STATE,VA
2015,FIRST OF DEC,LAYERS,122000.0,STATE,VT
2015,FIRST OF DEC,LAYERS,7358000.0,STATE,WA
2015,FIRST OF DEC,LAYERS,4927000.0,STATE,WI
2015,FIRST OF DEC,LAYERS,1231000.0,STATE,WV
2015,FIRST OF FEB,LAYERS,369860000.0,NATIONAL,
2015,FIRST OF FEB,"LAYERS, TABLE",311789000.0,NATIONAL,
2015,FIRST OF FEB,"LAYERS, HATCHING",58071000.0,NATIONAL,
2015,FIRST OF FEB,"LAYERS, HATCHING, BROILER TYPE",54494000.0,NATIONAL,
2015,FIRST OF JAN,LAYERS,372903000.0,NATIONAL,
2015,FIRST OF JAN,"LAYERS, TABLE",315043000.0,NATIONAL,
2015,FIRST OF JAN,"LAYERS, HATCHING",57860000.0,NATIONAL,
2015,FIRST OF JAN,"LAYERS, HATCHING, BROILER TYPE",54402000.0,NATIONAL,
2015,FIRST OF JUL,LAYERS,339720000.0,NATIONAL,
2015,FIRST OF JUL,"LAYERS, TABLE",280637000.0,NATIONAL,
2015,FIRST OF JUL,"LAYERS, HATCHING",59083000.0,NATIONAL,
2015,FIRST OF JUL,"LAYERS, HATCHING, BROILER TYPE",55745000.0,NATIONAL,
2015,FIRST OF JUN,LAYERS,339829000.0,NATIONAL,
2015,FIRST OF JUN,"LAYERS, TABLE",280168000.0,NATIONAL,
2015,FIRST OF JUN,"LAYERS, HATCHING",59661000.0,NATIONAL,
2015,FIRST OF JUN,"LAYERS, HATCHING, BROILER TYPE",56457000.0,NATIONAL,
2015,FIRST OF MAR,LAYERS,371425000.0,NATIONAL,
2015,FIRST OF MAR,"LAYERS, TABLE",313338000.0,NATIONAL,
2015,FIRST OF MAR,"LAYERS, HATCHING",58087000.0,NATIONAL,
2015,FIRST OF MAR,"LAYERS, HATCHING, BROILER TYPE",54515000.0,NATIONAL,
2015,FIRST OF MAY,LAYERS,364395000.0,NATIONAL,
2015,FIRST OF MAY,"LAYERS, TABLE",305226000.0,NATIONAL,
2015,FIRST OF MAY,"LAYERS, HATCHING",59169000.0,NATIONAL,
2015,FIRST OF MAY,"LAYERS, HATCHING, BROILER TYPE",55811000.0,NATIONAL,
2015,FIRST OF NOV,LAYERS,349460000.0,NATIONAL,
2015,FIRST OF NOV,"LAYERS, TABLE",290599000.0,NATIONAL,
2015,FIRST OF NOV,"LAYERS, HATCHING",58861000.0,NATIONAL,
2015,FIRST OF NOV,"LAYERS, HATCHING, BROILER TYPE",55336000.0,NATIONAL,
2015,FIRST OF OCT,LAYERS,346665000.0,NATIONAL,
2015,FIRST OF OCT,"LAYERS, TABLE",288138000.0,NATIONAL,
2015,FIRST OF OCT,"LAYERS, HATCHING",58527000.0,NATIONAL,
2015,FIRST OF OCT,"LAYERS, HATCHING, BROILER TYPE",55191000.0,NATIONAL,
2015,FIRST OF SEP,LAYERS,342818000.0,NATIONAL,
2015,FIRST OF SEP,"LAYERS, TABLE",284106000.0,NATIONAL,
2015,FIRST OF SEP,"LAYERS, HATCHING",58712000.0,NATIONAL,
2015,FIRST OF SEP,"LAYERS, HATCHING, BROILER TYPE",55459000.0,NATIONAL,
2016,FIRST OF APR,LAYERS,371506000.0,NATIONAL,
2016,FIRST OF APR,"LAYERS, TABLE",310934000.0,NATIONAL,
2016,FIRST OF APR,"LAYERS, HATCHING",60572000.0,NATIONAL,
2016,FIRST OF APR,"LAYERS, HATCHING, BROILER TYPE",56797000.0,NATIONAL,
2016,FIRST OF AUG,LAYERS,369549000.0,NATIONAL,
2016,FIRST OF AUG,"LAYERS, TABLE",309824000.0,NATIONAL,
2016,FIRST OF AUG,"LAYERS, HATCHING",59725000.0,NATIONAL,
2016,FIRST OF AUG,"LAYERS, HATCHING, BROILER TYPE",56023000.0,NATIONAL,
2016,FIRST OF DEC,LAYERS,1084800.0,COUNTY,
2016,FIRST OF DEC,LAYERS,380610000.0,NATIONAL,
2016,FIRST OF DEC,"LAYERS, TABLE",321444000.0,NATIONAL,
2016,FIRST OF DEC,"LAYERS, HATCHING",59166000.0,NATIONAL,
2016,FIRST OF DEC,"LAYERS, HATCHING, BROILER TYPE",55672000.0,NATIONAL,
2016,FIRST OF DEC,LAYERS,8922000.0,STATE,AL
2016,FIRST OF DEC,LAYERS,13853000.0,STATE,AR
2016,FIRST OF DEC,LAYERS,11970000.0,STATE,CA
2016,FIRST OF DEC,LAYERS,4657000.0,STATE,CO
2016,FIRST OF DEC,LAYERS,8283000.0,STATE,FL
2016,FIRST OF DEC,LAYERS,20283000.0,STATE,GA
2016,FIRST OF DEC,LAYERS,55524000.0,STATE,IA
2016,FIRST OF DEC,LAYERS,5032000.0,STATE,IL
2016,FIRST OF DEC,LAYERS,32587000.0,STATE,IN
2016,FIRST OF DEC,LAYERS,4651000.0,STATE,KY
2016,FIRST OF DEC,LAYERS,2049000.0,STATE,LA
2016,FIRST OF DEC,LAYERS,123000.0,STATE,MA
2016,FIRST OF DEC,LAYERS,2720000.0,STATE,MD
2016,FIRST OF DEC,LAYERS,14193000.0,STATE,MI
2016,FIRST OF DEC,LAYERS,10908000.0,STATE,MN
2016,FIRST OF DEC,LAYERS,11479000.0,STATE,MO
2016,FIRST OF DEC,LAYERS,5436000.0,STATE,MS
2016,FIRST OF DEC,LAYERS,412000.0,STATE,MT
2016,FIRST OF DEC,LAYERS,15227000.0,STATE,NC
2016,FIRST OF DEC,LAYERS,9084000.0,STATE,NE
2016,FIRST OF DEC,LAYERS,5559000.0,STATE,NY
2016,FIRST OF DEC,LAYERS,34417000.0,STATE,OH
2016,FIRST OF DEC,LAYERS,2739000.0,STATE,OK
2016,FIRST OF DEC,LAYERS,2518000.0,STATE,OR
2016,FIRST OF DEC,LAYERS,18114000.0,STATE,OT
2016,FIRST OF DEC,LAYERS,28350000.0,STATE,PA
2016,FIRST OF DEC,LAYERS,3947000.0,STATE,SC
2016,FIRST OF DEC,LAYERS,2871000.0,STATE,SD
2016,FIRST OF DEC,LAYERS,1671000.0,STATE,TN
2016,FIRST OF DEC,LAYERS,21109000.0,STATE,TX
2016,FIRST OF DEC,LAYERS,5252000.0,STATE,UT
2016,FIRST OF DEC,LAYERS,2670000.0,STATE,VA
2016,FIRST OF DEC,LAYERS,150000.0,STATE,VT
2016,FIRST OF DEC,LAYERS,6890000.0,STATE,WA
2016,FIRST OF DEC,LAYERS,5648000.0,STATE,WI
2016,FIRST OF DEC,LAYERS,1312000.0,STATE,WV
2016,FIRST OF FEB,LAYERS,364144000.0,NATIONAL,
2016,FIRST OF FEB,"LAYERS, TABLE",304062000.0,NATIONAL,
2016,FIRST OF FEB,"LAYERS, HATCHING",60082000.0,NATIONAL,
2016,FIRST OF FEB,"LAYERS, HATCHING, BROILER TYPE",56517000.0,NATIONAL,
2016,FIRST OF JAN,LAYERS,360651000.0,NATIONAL,
2016,FIRST OF JAN,"LAYERS, TABLE",300865000.0,NATIONAL,
2016,FIRST OF JAN,"LAYERS, HATCHING",59786000.0,NATIONAL,
2016,FIRST OF JAN,"LAYERS, HATCHING, BROILER TYPE",56187000.0,NATIONAL,
2016,FIRST OF JUL,LAYERS,369267000.0,NATIONAL,
2016,FIRST OF JUL,"LAYERS, TABLE",309283000.0,NATIONAL,
2016,FIRST OF JUL,"LAYERS, HATCHING",59984000.0,NATIONAL,
2016,FIRST OF JUL,"LAYERS, HATCHING, BROILER TYPE",56314000.0,NATIONAL,
2016,FIRST OF JUN,LAYERS,370795000.0,NATIONAL,
2016,FIRST OF JUN,"LAYERS, TABLE",310167000.0,NATIONAL,
2016,FIRST OF JUN,"LAYERS, HATCHING",60628000.0,NATIONAL,
2016,FIRST OF JUN,"LAYERS, HATCHING, BROILER TYPE",56804000.0,NATIONAL,
2016,FIRST OF MAR,LAYERS,370965000.0,NATIONAL,
2016,FIRST OF MAR,"LAYERS, TABLE",310246000.0,NATIONAL,
2016,FIRST OF MAR,"LAYERS, HATCHING",60719000.0,NATIONAL,
2016,FIRST OF MAR,"LAYERS, HATCHING, BROILER TYPE",57073000.0,NATIONAL,
2016,FIRST OF MAY,LAYERS,371021000.0,NATIONAL,
2016,FIRST OF MAY,"LAYERS, TABLE",310356000.0,NATIONAL,
2016,FIRST OF MAY,"LAYERS, HATCHING",60665000.0,NATIONAL,
2016,FIRST OF MAY,"LAYERS, HATCHING, BROILER TYPE",56679000.0,NATIONAL,
2016,FIRST OF NOV,LAYERS,375649000.0,NATIONAL,
2016,FIRST OF NOV,"LAYERS, TABLE",317048000.0,NATIONAL,
2016,FIRST OF NOV,"LAYERS, HATCHING",58601000.0,NATIONAL,
2016,FIRST OF NOV,"LAYERS, HATCHING, BROILER TYPE",55263000.0,NATIONAL,
2016,FIRST OF OCT,LAYERS,374561000.0,NATIONAL,
2016,FIRST OF OCT,"LAYERS, TABLE",315652000.0,NATIONAL,
2016,FIRST OF OCT,"LAYERS, HATCHING",58909000.0,NATIONAL,
2016,FIRST OF OCT,"LAYERS, HATCHING, BROILER TYPE",55457000.0,NATIONAL,
2016,FIRST OF SEP,LAYERS,372588000.0,NATIONAL,
2016,FIRST OF SEP,"LAYERS, TABLE",313457000.0,NATIONAL,
2016,FIRST OF SEP,"LAYERS, HATCHING",59131000.0,NATIONAL,
2016,FIRST OF SEP,"LAYERS, HATCHING, BROILER TYPE",55463000.0,NATIONAL,
2017,FIRST OF APR,LAYERS,381192000.0,NATIONAL,
2017,FIRST OF APR,"LAYERS, TABLE",321075000.0,NATIONAL,
2017,FIRST OF APR,"LAYERS, HATCHING",60117000.0,NATIONAL,
2017,FIRST OF APR,"LAYERS, HATCHING, BROILER TYPE",56750000.0,NATIONAL,
2017,FIRST OF AUG,LAYERS,378974000.0,NATIONAL,
2017,FIRST OF AUG,"LAYERS, TABLE",318509000.0,NATIONAL,
2017,FIRST OF AUG,"LAYERS, HATCHING",60465000.0,NATIONAL,
2017,FIRST OF AUG,"LAYERS, HATCHING, BROILER TYPE",57214000.0,NATIONAL,
2017,FIRST OF DEC,LAYERS,947500.0,COUNTY,
2017,FIRST OF DEC,LAYERS,390806000.0,NATIONAL,
2017,FIRST OF DEC,"LAYERS, TABLE",330320000.0,NATIONAL,
2017,FIRST OF DEC,"LAYERS, HATCHING",60486000.0,NATIONAL,
2017,FIRST OF DEC,"LAYERS, HATCHING, BROILER TYPE",57082000.0,NATIONAL,
2017,FIRST OF DEC,LAYERS,9348000.0,STATE,AL
2017,FIRST OF DEC,LAYERS,14175000.0,STATE,AR
2017,FIRST OF DEC,LAYERS,14582000.0,STATE,CA
2017,FIRST OF DEC,LAYERS,4635000.0,STATE,CO
2017,FIRST OF DEC,LAYERS,7383000.0,STATE,FL
2017,FIRST OF DEC,LAYERS,20134000.0,STATE,GA
2017,FIRST OF DEC,LAYERS,56337000.0,STATE,IA
2017,FIRST OF DEC,LAYERS,5635000.0,STATE,IL
2017,FIRST OF DEC,LAYERS,34082000.0,STATE,IN
2017,FIRST OF DEC,LAYERS,5644000.0,STATE,KY
2017,FIRST OF DEC,LAYERS,2014000.0,STATE,LA
2017,FIRST OF DEC,LAYERS,140000.0,STATE,MA
2017,FIRST OF DEC,LAYERS,2858000.0,STATE,MD
2017,FIRST OF DEC,LAYERS,14737000.0,STATE,MI
2017,FIRST OF DEC,LAYERS,10458000.0,STATE,MN
2017,FIRST OF DEC,LAYERS,10509000.0,STATE,MO
2017,FIRST OF DEC,LAYERS,5684000.0,STATE,MS
2017,FIRST OF DEC,LAYERS,942000.0,STATE,MT
2017,FIRST OF DEC,LAYERS,15294000.0,STATE,NC
2017,FIRST OF DEC,LAYERS,7670000.0,STATE,NE
2017,FIRST OF DEC,LAYERS,5626000.0,STATE,NY
2017,FIRST OF DEC,LAYERS,35542000.0,STATE,OH
2017,FIRST OF DEC,LAYERS,2951000.0,STATE,OK
2017,FIRST OF DEC,LAYERS,2404000.0,STATE,OR
2017,FIRST OF DEC,LAYERS,18156000.0,STATE,OT
2017,FIRST OF DEC,LAYERS,29391000.0,STATE,PA
2017,FIRST OF DEC,LAYERS,4055000.0,STATE,SC
2017,FIRST OF DEC,LAYERS,2682000.0,STATE,SD
2017,FIRST OF DEC,LAYERS,1872000.0,STATE,TN
2017,FIRST OF DEC,LAYERS,22549000.0,STATE,TX
2017,FIRST OF DEC,LAYERS,5036000.0,STATE,UT
2017,FIRST OF DEC,LAYERS,2675000.0,STATE,VA
2017,FIRST OF DEC,LAYERS,202000.0,STATE,VT
2017,FIRST OF DEC,LAYERS,6770000.0,STATE,WA
2017,FIRST OF DEC,LAYERS,7383000.0,STATE,WI
2017,FIRST OF DEC,LAYERS,1251000.0,STATE,WV
2017,FIRST OF FEB,LAYERS,380473000.0,NATIONAL,
2017,FIRST OF FEB,"LAYERS, TABLE",321400000.0,NATIONAL,
2017,FIRST OF FEB,"LAYERS, HATCHING",59073000.0,NATIONAL,
2017,FIRST OF FEB,"LAYERS, HATCHING, BROILER TYPE",55698000.0,NATIONAL,
2017,FIRST OF JAN,LAYERS,380717000.0,NATIONAL,
2017,FIRST OF JAN,"LAYERS, TABLE",321971000.0,NATIONAL,
2017,FIRST OF JAN,"LAYERS, HATCHING",58746000.0,NATIONAL,
2017,FIRST OF JAN,"LAYERS, HATCHING, BROILER TYPE",55243000.0,NATIONAL,
2017,FIRST OF JUL,LAYERS,377855000.0,NATIONAL,
2017,FIRST OF JUL,"LAYERS, TABLE",317361000.0,NATIONAL,
2017,FIRST OF JUL,"LAYERS, HATCHING",60494000.0,NATIONAL,
2017,FIRST OF JUL,"LAYERS, HATCHING, BROILER TYPE",57341000.0,NATIONAL,
2017,FIRST OF JUN,LAYERS,377837000.0,NATIONAL,
2017,FIRST OF JUN,"LAYERS, TABLE",317294000.0,NATIONAL,
2017,FIRST OF JUN,"LAYERS, HATCHING",60543000.0,NATIONAL,
2017,FIRST OF JUN,"LAYERS, HATCHING, BROILER TYPE",57403000.0,NATIONAL,
2017,FIRST OF MAR,LAYERS,379682000.0,NATIONAL,
2017,FIRST OF MAR,"LAYERS, TABLE",320163000.0,NATIONAL,
2017,FIRST OF MAR,"LAYERS, HATCHING",59519000.0,NATIONAL,
2017,FIRST OF MAR,"LAYERS, HATCHING, BROILER TYPE",56126000.0,NATIONAL,
2017,FIRST OF MAY,LAYERS,379469000.0,NATIONAL,
2017,FIRST OF MAY,"LAYERS, TABLE",319168000.0,NATIONAL,
2017,FIRST OF MAY,"LAYERS, HATCHING",60301000.0,NATIONAL,
2017,FIRST OF MAY,"LAYERS, HATCHING, BROILER TYPE",57070000.0,NATIONAL,
2017,FIRST OF NOV,LAYERS,386887000.0,NATIONAL,
2017,FIRST OF NOV,"LAYERS, TABLE",326636000.0,NATIONAL,
2017,FIRST OF NOV,"LAYERS, HATCHING",60251000.0,NATIONAL,
2017,FIRST OF NOV,"LAYERS, HATCHING, BROILER TYPE",57128000.0,NATIONAL,
2017,FIRST OF OCT,LAYERS,383739000.0,NATIONAL,
2017,FIRST OF OCT,"LAYERS, TABLE",322878000.0,NATIONAL,
2017,FIRST OF OCT,"LAYERS, HATCHING",60861000.0,NATIONAL,
2017,FIRST OF OCT,"LAYERS, HATCHING, BROILER TYPE",57638000.0,NATIONAL,
2017,FIRST OF SEP,LAYERS,381298000.0,NATIONAL,
2017,FIRST OF SEP,"LAYERS, TABLE",321109000.0,NATIONAL,
2017,FIRST OF SEP,"LAYERS, HATCHING",60189000.0,NATIONAL,
2017,FIRST OF SEP,"LAYERS, HATCHING, BROILER TYPE",56989000.0,NATIONAL,
2018,FIRST OF APR,LAYERS,395230000.0,NATIONAL,
2018,FIRST OF APR,"LAYERS, TABLE",332427000.0,NATIONAL,
2018,FIRST OF APR,"LAYERS, HATCHING",62803000.0,NATIONAL,
2018,FIRST OF APR,"LAYERS, HATCHING, BROILER TYPE",59245000.0,NATIONAL,
2018,FIRST OF AUG,LAYERS,393270000.0,NATIONAL,
2018,FIRST OF AUG,"LAYERS, TABLE",331532000.0,NATIONAL,
2018,FIRST OF AUG,"LAYERS, HATCHING",61738000.0,NATIONAL,
2018,FIRST OF AUG,"LAYERS, HATCHING, BROILER TYPE",58359000.0,NATIONAL,
2018,FIRST OF DEC,LAYERS,995200.0,COUNTY,
2018,FIRST OF DEC,LAYERS,402493000.0,NATIONAL,
2018,FIRST OF DEC,"LAYERS, TABLE",341560000.0,NATIONAL,
2018,FIRST OF DEC,"LAYERS, HATCHING",60933000.0,NATIONAL,
2018,FIRST OF DEC,"LAYERS, HATCHING, BROILER TYPE",57751000.0,NATIONAL,
2018,FIRST OF DEC,LAYERS,9962000.0,STATE,AL
2018,FIRST OF DEC,LAYERS,14690000.0,STATE,AR
2018,FIRST OF DEC,LAYERS,15021000.0,STATE,CA
2018,FIRST OF DEC,LAYERS,5141000.0,STATE,CO
2018,FIRST OF DEC,LAYERS,7352000.0,STATE,FL
2018,FIRST OF DEC,LAYERS,20222000.0,STATE,GA
2018,FIRST OF DEC,LAYERS,59181000.0,STATE,IA
2018,FIRST OF DEC,LAYERS,6506000.0,STATE,IL
2018,FIRST OF DEC,LAYERS,34631000.0,STATE,IN
2018,FIRST OF DEC,LAYERS,5942000.0,STATE,KY
2018,FIRST OF DEC,LAYERS,2078000.0,STATE,LA
2018,FIRST OF DEC,LAYERS,154000.0,STATE,MA
2018,FIRST OF DEC,LAYERS,2831000.0,STATE,MD
2018,FIRST OF DEC,LAYERS,16149000.0,STATE,MI
2018,FIRST OF DEC,LAYERS,11174000.0,STATE,MN
2018,FIRST OF DEC,LAYERS,12523000.0,STATE,MO
2018,FIRST OF DEC,LAYERS,5536000.0,STATE,MS
2018,FIRST OF DEC,LAYERS,1000000.0,STATE,MT
2018,FIRST OF DEC,LAYERS,13434000.0,STATE,NC
2018,FIRST OF DEC,LAYERS,8453000.0,STATE,NE
2018,FIRST OF DEC,LAYERS,5628000.0,STATE,NY
2018,FIRST OF DEC,LAYERS,36067000.0,STATE,OH
2018,FIRST OF DEC,LAYERS,3105000.0,STATE,OK
2018,FIRST OF DEC,LAYERS,2279000.0,STATE,OR
2018,FIRST OF DEC,LAYERS,26280000.0,STATE,OT
2018,FIRST OF DEC,LAYERS,30446000.0,STATE,PA
2018,FIRST OF DEC,LAYERS,4031000.0,STATE,SC
2018,FIRST OF DEC,LAYERS,2665000.0,STATE,SD
2018,FIRST OF DEC,LAYERS,1668000.0,STATE,TN
2018,FIRST OF DEC,LAYERS,22795000.0,STATE,TX
2018,FIRST OF DEC,LAYERS,4713000.0,STATE,UT
2018,FIRST OF DEC,LAYERS,2735000.0,STATE,VA
2018,FIRST OF DEC,LAYERS,190000.0,STATE,VT
2018,FIRST OF DEC,LAYERS,6772000.0,STATE,WA
2018,FIRST OF DEC,LAYERS,7284000.0,STATE,WI
2018,FIRST OF DEC,LAYERS,1207000.0,STATE,WV
2018,FIRST OF FEB,LAYERS,390678000.0,NATIONAL,
2018,FIRST OF FEB,"LAYERS, TABLE",329125000.0,NATIONAL,
2018,FIRST OF FEB,"LAYERS, HATCHING",61553000.0,NATIONAL,
2018,FIRST OF FEB,"LAYERS, HATCHING, BROILER TYPE",58103000.0,NATIONAL,
2018,FIRST OF JAN,LAYERS,390340000.0,NATIONAL,
2018,FIRST OF JAN,"LAYERS, TABLE",329809000.0,NATIONAL,
2018,FIRST OF JAN,"LAYERS, HATCHING",60531000.0,NATIONAL,
2018,FIRST OF JAN,"LAYERS, HATCHING, BROILER TYPE",57208000.0,NATIONAL,
2018,FIRST OF JUL,LAYERS,394445000.0,NATIONAL,
2018,FIRST OF JUL,"LAYERS, TABLE",332124000.0,NATIONAL,
2018,FIRST OF JUL,"LAYERS, HATCHING",62321000.0,NATIONAL,
2018,FIRST OF JUL,"LAYERS, HATCHING, BROILER TYPE",58992000.0,NATIONAL,
2018,FIRST OF JUN,LAYERS,394661000.0,NATIONAL,
2018,FIRST OF JUN,"LAYERS, TABLE",331591000.0,NATIONAL,
2018,FIRST OF JUN,"LAYERS, HATCHING",63070000.0,NATIONAL,
2018,FIRST OF JUN,"LAYERS, HATCHING, BROILER TYPE",59657000.0,NATIONAL,
2018,FIRST OF MAR,LAYERS,394856000.0,NATIONAL,
2018,FIRST OF MAR,"LAYERS, TABLE",333188000.0,NATIONAL,
2018,FIRST OF MAR,"LAYERS, HATCHING",61668000.0,NATIONAL,
2018,FIRST OF MAR,"LAYERS, HATCHING, BROILER TYPE",58148000.0,NATIONAL,
2018,FIRST OF MAY,LAYERS,394636000.0,NATIONAL,
2018,FIRST OF MAY,"LAYERS, TABLE",331595000.0,NATIONAL,
2018,FIRST OF MAY,"LAYERS, HATCHING",63041000.0,NATIONAL,
2018,FIRST OF MAY,"LAYERS, HATCHING, BROILER TYPE",59555000.0,NATIONAL,
2018,FIRST OF NOV,LAYERS,397348000.0,NATIONAL,
2018,FIRST OF NOV,"LAYERS, TABLE",336430000.0,NATIONAL,
2018,FIRST OF NOV,"LAYERS, HATCHING",60918000.0,NATIONAL,
2018,FIRST OF NOV,"LAYERS, HATCHING, BROILER TYPE",57634000.0,NATIONAL,
2018,FIRST OF OCT,LAYERS,395812000.0,NATIONAL,
2018,FIRST OF OCT,"LAYERS, TABLE",334989000.0,NATIONAL,
2018,FIRST OF OCT,"LAYERS, HATCHING",60823000.0,NATIONAL,
2018,FIRST OF OCT,"LAYERS, HATCHING, BROILER TYPE",57362000.0,NATIONAL,
2018,FIRST OF SEP,LAYERS,395165000.0,NATIONAL,
2018,FIRST OF SEP,"LAYERS, TABLE",334075000.0,NATIONAL,
2018,FIRST OF SEP,"LAYERS, HATCHING",61090000.0,NATIONAL,
2018,FIRST OF SEP,"LAYERS, HATCHING, BROILER TYPE",57525000.0,NATIONAL,
2019,FIRST OF APR,LAYERS,406699000.0,NATIONAL,
2019,FIRST OF APR,"LAYERS, TABLE",343807000.0,NATIONAL,
2019,FIRST OF APR,"LAYERS, HATCHING",62892000.0,NATIONAL,
2019,FIRST OF APR,"LAYERS, HATCHING, BROILER TYPE",59435000.0,NATIONAL,
2019,FIRST OF AUG,LAYERS,391845000.0,NATIONAL,
2019,FIRST OF AUG,"LAYERS, TABLE",329452000.0,NATIONAL,
2019,FIRST OF AUG,"LAYERS, HATCHING",62393000.0,NATIONAL,
2019,FIRST OF AUG,"LAYERS, HATCHING, BROILER TYPE",59062000.0,NATIONAL,
2019,FIRST OF DEC,LAYERS,921600.0,COUNTY,
2019,FIRST OF DEC,LAYERS,403592000.0,NATIONAL,
2019,FIRST OF DEC,"LAYERS, TABLE",341132000.0,NATIONAL,
2019,FIRST OF DEC,"LAYERS, HATCHING",62460000.0,NATIONAL,
2019,FIRST OF DEC,"LAYERS, HATCHING, BROILER TYPE",59008000.0,NATIONAL,
2019,FIRST OF DEC,LAYERS,9945000.0,STATE,AL
2019,FIRST OF DEC,LAYERS,15042000.0,STATE,AR
2019,FIRST OF DEC,LAYERS,13876000.0,STATE,CA
2019,FIRST OF DEC,LAYERS,5262000.0,STATE,CO
2019,FIRST OF DEC,LAYERS,20014000.0,STATE,GA
2019,FIRST OF DEC,LAYERS,58698000.0,STATE,IA
2019,FIRST OF DEC,LAYERS,6072000.0,STATE,IL
2019,FIRST OF DEC,LAYERS,35954000.0,STATE,IN
2019,FIRST OF DEC,LAYERS,5614000.0,STATE,KY
2019,FIRST OF DEC,LAYERS,2105000.0,STATE,LA
2019,FIRST OF DEC,LAYERS,130000.0,STATE,MA
2019,FIRST OF DEC,LAYERS,2878000.0,STATE,MD
2019,FIRST OF DEC,LAYERS,15076000.0,STATE,MI
2019,FIRST OF DEC,LAYERS,9453000.0,STATE,MN
2019,FIRST OF DEC,LAYERS,12158000.0,STATE,MO
2019,FIRST OF DEC,LAYERS,5604000.0,STATE,MS
2019,FIRST OF DEC,LAYERS,1078000.0,STATE,MT
2019,FIRST OF DEC,LAYERS,15824000.0,STATE,NC
2019,FIRST OF DEC,LAYERS,9151000.0,STATE,NE
2019,FIRST OF DEC,LAYERS,5859000.0,STATE,NY
2019,FIRST OF DEC,LAYERS,37580000.0,STATE,OH
2019,FIRST OF DEC,LAYERS,2879000.0,STATE,OK
2019,FIRST OF DEC,LAYERS,2311000.0,STATE,OR
2019,FIRST OF DEC,LAYERS,26373000.0,STATE,OT
2019,FIRST OF DEC,LAYERS,30532000.0,STATE,PA
2019,FIRST OF DEC,LAYERS,3878000.0,STATE,SC
2019,FIRST OF DEC,LAYERS,2710000.0,STATE,SD
2019,FIRST OF DEC,LAYERS,1409000.0,STATE,TN
2019,FIRST OF DEC,LAYERS,22316000.0,STATE,TX
2019,FIRST OF DEC,LAYERS,4642000.0,STATE,UT
2019,FIRST OF DEC,LAYERS,2658000.0,STATE,VA
2019,FIRST OF DEC,LAYERS,201000.0,STATE,VT
2019,FIRST OF DEC,LAYERS,7063000.0,STATE,WA
2019,FIRST OF DEC,LAYERS,7870000.0,STATE,WI
2019,FIRST OF DEC,LAYERS,1377000.0,STATE,WV
2019,FIRST OF FEB,LAYERS,402651000.0,NATIONAL,
2019,FIRST OF FEB,"LAYERS, TABLE",340006000.0,NATIONAL,
2019,FIRST OF FEB,"LAYERS, HATCHING",62645000.0,NATIONAL,
2019,FIRST OF FEB,"LAYERS, HATCHING, BROILER TYPE",59181000.0,NATIONAL,
2019,FIRST OF JAN,LAYERS,403404000.0,NATIONAL,
2019,FIRST OF JAN,"LAYERS, TABLE",341745000.0,NATIONAL,
2019,FIRST OF JAN,"LAYERS, HATCHING",61659000.0,NATIONAL,
2019,FIRST OF JAN,"LAYERS, HATCHING, BROILER TYPE",58243000.0,NATIONAL,
2019,FIRST OF JUL,LAYERS,392849000.0,NATIONAL,
2019,FIRST OF JUL,"LAYERS, TABLE",329920000.0,NATIONAL,
2019,FIRST OF JUL,"LAYERS, HATCHING",62929000.0,NATIONAL,
2019,FIRST OF JUL,"LAYERS, HATCHING, BROILER TYPE",59418000.0,NATIONAL,
2019,FIRST OF JUN,LAYERS,397520000.0,NATIONAL,
2019,FIRST OF JUN,"LAYERS, TABLE",333858000.0,NATIONAL,
2019,FIRST OF JUN,"LAYERS, HATCHING",63662000.0,NATIONAL,
2019,FIRST OF JUN,"LAYERS, HATCHING, BROILER TYPE",60025000.0,NATIONAL,
2019,FIRST OF MAR,LAYERS,404805000.0,NATIONAL,
2019,FIRST OF MAR,"LAYERS, TABLE",341773000.0,NATIONAL,
2019,FIRST OF MAR,"LAYERS, HATCHING",63032000.0,NATIONAL,
2019,FIRST OF MAR,"LAYERS, HATCHING, BROILER TYPE",59476000.0,NATIONAL,
2019,FIRST OF MAY,LAYERS,402941000.0,NATIONAL,
2019,FIRST OF MAY,"LAYERS, TABLE",339711000.0,NATIONAL,
2019,FIRST OF MAY,"LAYERS, HATCHING",63230000.0,NATIONAL,
2019,FIRST OF MAY,"LAYERS, HATCHING, BROILER TYPE",59566000.0,NATIONAL,
2019,FIRST OF NOV,LAYERS,399731000.0,NATIONAL,
2019,FIRST OF NOV,"LAYERS, TABLE",337152000.0,NATIONAL,
2019,FIRST OF NOV,"LAYERS, HATCHING",62579000.0,NATIONAL,
2019,FIRST OF NOV,"LAYERS, HATCHING, BROILER TYPE",59035000.0,NATIONAL,
2019,FIRST OF OCT,LAYERS,396436000.0,NATIONAL,
2019,FIRST OF OCT,"LAYERS, TABLE",334451000.0,NATIONAL,
2019,FIRST OF OCT,"LAYERS, HATCHING",61985000.0,NATIONAL,
2019,FIRST OF OCT,"LAYERS, HATCHING, BROILER TYPE",58450000.0,NATIONAL,
2019,FIRST OF SEP,LAYERS,394150000.0,NATIONAL,
2019,FIRST OF SEP,"LAYERS, TABLE",332342000.0,NATIONAL,
2019,FIRST OF SEP,"LAYERS, HATCHING",61808000.0,NATIONAL,
2019,FIRST OF SEP,"LAYERS, HATCHING, BROILER TYPE",58450000.0,NATIONAL,
2020,FIRST OF APR,LAYERS,398041000.0,NATIONAL,
2020,FIRST OF APR,"LAYERS, TABLE",332919000.0,NATIONAL,
2020,FIRST OF APR,"LAYERS, HATCHING",65122000.0,NATIONAL,
2020,FIRST OF APR,"LAYERS, HATCHING, BROILER TYPE",61719000.0,NATIONAL,
2020,FIRST OF AUG,LAYERS,385492000.0,NATIONAL,
2020,FIRST OF AUG,"LAYERS, TABLE",321041000.0,NATIONAL,
2020,FIRST OF AUG,"LAYERS, HATCHING",64451000.0,NATIONAL,
2020,FIRST OF AUG,"LAYERS, HATCHING, BROILER TYPE",61089000.0,NATIONAL,
2020,FIRST OF DEC,LAYERS,849400.0,COUNTY,
2020,FIRST OF DEC,LAYERS,393397000.0,NATIONAL,
2020,FIRST OF DEC,"LAYERS, TABLE",329107000.0,NATIONAL,
2020,FIRST OF DEC,"LAYERS, HATCHING",64290000.0,NATIONAL,
2020,FIRST OF DEC,"LAYERS, HATCHING, BROILER TYPE",60942000.0,NATIONAL,
2020,FIRST OF DEC,LAYERS,10372000.0,STATE,AL
2020,FIRST OF DEC,LAYERS,16531000.0,STATE,AR
2020,FIRST OF DEC,LAYERS,14251000.0,STATE,CA
2020,FIRST OF DEC,LAYERS,5488000.0,STATE,CO
2020,FIRST OF DEC,LAYERS,20161000.0,STATE,GA
2020,FIRST OF DEC,LAYERS,48196000.0,STATE,IA
2020,FIRST OF DEC,LAYERS,7160000.0,STATE,IL
2020,FIRST OF DEC,LAYERS,35576000.0,STATE,IN
2020,FIRST OF DEC,LAYERS,5978000.0,STATE,KY
2020,FIRST OF DEC,LAYERS,1892000.0,STATE,LA
2020,FIRST OF DEC,LAYERS,138000.0,STATE,MA
2020,FIRST OF DEC,LAYERS,2579000.0,STATE,MD
2020,FIRST OF DEC,LAYERS,14618000.0,STATE,MI
2020,FIRST OF DEC,LAYERS,8204000.0,STATE,MN
2020,FIRST OF DEC,LAYERS,13539000.0,STATE,MO
2020,FIRST OF DEC,LAYERS,5385000.0,STATE,MS
2020,FIRST OF DEC,LAYERS,1113000.0,STATE,MT
2020,FIRST OF DEC,LAYERS,15938000.0,STATE,NC
2020,FIRST OF DEC,LAYERS,7809000.0,STATE,NE
2020,FIRST OF DEC,LAYERS,5916000.0,STATE,NY
2020,FIRST OF DEC,LAYERS,36140000.0,STATE,OH
2020,FIRST OF DEC,LAYERS,2625000.0,STATE,OK
2020,FIRST OF DEC,LAYERS,2159000.0,STATE,OR
2020,FIRST OF DEC,LAYERS,25215000.0,STATE,OT
2020,FIRST OF DEC,LAYERS,30454000.0,STATE,PA
2020,FIRST OF DEC,LAYERS,3861000.0,STATE,SC
2020,FIRST OF DEC,LAYERS,2695000.0,STATE,SD
2020,FIRST OF DEC,LAYERS,1618000.0,STATE,TN
2020,FIRST OF DEC,LAYERS,23643000.0,STATE,TX
2020,FIRST OF DEC,LAYERS,5071000.0,STATE,UT
2020,FIRST OF DEC,LAYERS,2764000.0,STATE,VA
2020,FIRST OF DEC,LAYERS,186000.0,STATE,VT
2020,FIRST OF DEC,LAYERS,6819000.0,STATE,WA
2020,FIRST OF DEC,LAYERS,8008000.0,STATE,WI
2020,FIRST OF DEC,LAYERS,1295000.0,STATE,WV
2020,FIRST OF FEB,LAYERS,399993000.0,NATIONAL,
2020,FIRST OF FEB,"LAYERS, TABLE",335552000.0,NATIONAL,
2020,FIRST OF FEB,"LAYERS, HATCHING",64441000.0,NATIONAL,
2020,FIRST OF FEB,"LAYERS, HATCHING, BROILER TYPE",61085000.0,NATIONAL,
2020,FIRST OF JAN,LAYERS,404122000.0,NATIONAL,
2020,FIRST OF JAN,"LAYERS, TABLE",340667000.0,NATIONAL,
2020,FIRST OF JAN,"LAYERS, HATCHING",63455000.0,NATIONAL,
2020,FIRST OF JAN,"LAYERS, HATCHING, BROILER TYPE",59989000.0,NATIONAL,
2020,FIRST OF JUL,LAYERS,385336000.0,NATIONAL,
2020,FIRST OF JUL,"LAYERS, TABLE",320902000.0,NATIONAL,
2020,FIRST OF JUL,"LAYERS, HATCHING",64434000.0,NATIONAL,
2020,FIRST OF JUL,"LAYERS, HATCHING, BROILER TYPE",61090000.0,NATIONAL,
2020,FIRST OF JUN,LAYERS,388531000.0,NATIONAL,
2020,FIRST OF JUN,"LAYERS, TABLE",324481000.0,NATIONAL,
2020,FIRST OF JUN,"LAYERS, HATCHING",64050000.0,NATIONAL,
2020,FIRST OF JUN,"LAYERS, HATCHING, BROILER TYPE",60828000.0,NATIONAL,
2020,FIRST OF MAR,LAYERS,397711000.0,NATIONAL,
2020,FIRST OF MAR,"LAYERS, TABLE",333452000.0,NATIONAL,
2020,FIRST OF MAR,"LAYERS, HATCHING",64259000.0,NATIONAL,
2020,FIRST OF MAR,"LAYERS, HATCHING, BROILER TYPE",60849000.0,NATIONAL,
2020,FIRST OF MAY,LAYERS,392053000.0,NATIONAL,
2020,FIRST OF MAY,"LAYERS, TABLE",327225000.0,NATIONAL,
2020,FIRST OF MAY,"LAYERS, HATCHING",64828000.0,NATIONAL,
2020,FIRST OF MAY,"LAYERS, HATCHING, BROILER TYPE",61478000.0,NATIONAL,
2020,FIRST OF NOV,LAYERS,389063000.0,NATIONAL,
2020,FIRST OF NOV,"LAYERS, TABLE",325304000.0,NATIONAL,
2020,FIRST OF NOV,"LAYERS, HATCHING",63759000.0,NATIONAL,
2020,FIRST OF NOV,"LAYERS, HATCHING, BROILER TYPE",60555000.0,NATIONAL,
2020,FIRST OF OCT,LAYERS,388074000.0,NATIONAL,
2020,FIRST OF OCT,"LAYERS, TABLE",324269000.0,NATIONAL,
2020,FIRST OF OCT,"LAYERS, HATCHING",63805000.0,NATIONAL,
2020,FIRST OF OCT,"LAYERS, HATCHING, BROILER TYPE",60650000.0,NATIONAL,
2020,FIRST OF SEP,LAYERS,386537000.0,NATIONAL,
2020,FIRST OF SEP,"LAYERS, TABLE",322553000.0,NATIONAL,
2020,FIRST OF SEP,"LAYERS, HATCHING",63984000.0,NATIONAL,
2020,FIRST OF SEP,"LAYERS, HATCHING, BROILER TYPE",60593000.0,NATIONAL,
2021,FIRST OF APR,LAYERS,394418000.0,NATIONAL,
2021,FIRST OF APR,"LAYERS, TABLE",328017000.0,NATIONAL,
2021,FIRST OF APR,"LAYERS, HATCHING",66401000.0,NATIONAL,
2021,FIRST OF APR,"LAYERS, HATCHING, BROILER TYPE",63258000.0,NATIONAL,
2021,FIRST OF AUG,LAYERS,386039000.0,NATIONAL,
2021,FIRST OF AUG,"LAYERS, TABLE",321524000.0,NATIONAL,
2021,FIRST OF AUG,"LAYERS, HATCHING",64515000.0,NATIONAL,
2021,FIRST OF AUG,"LAYERS, HATCHING, BROILER TYPE",61514000.0,NATIONAL,
2021,FIRST OF DEC,LAYERS,774900.0,COUNTY,
2021,FIRST OF DEC,LAYERS,396054000.0,NATIONAL,
2021,FIRST OF DEC,"LAYERS, TABLE",331352000.0,NATIONAL,
2021,FIRST OF DEC,"LAYERS, HATCHING",64702000.0,NATIONAL,
2021,FIRST OF DEC,"LAYERS, HATCHING, BROILER TYPE",61267000.0,NATIONAL,
2021,FIRST OF DEC,LAYERS,10264000.0,STATE,AL
2021,FIRST OF DEC,LAYERS,16486000.0,STATE,AR
2021,FIRST OF DEC,LAYERS,14175000.0,STATE,CA
2021,FIRST OF DEC,LAYERS,4876000.0,STATE,CO
2021,FIRST OF DEC,LAYERS,19718000.0,STATE,GA
2021,FIRST OF DEC,LAYERS,49741000.0,STATE,IA
2021,FIRST OF DEC,LAYERS,7083000.0,STATE,IL
2021,FIRST OF DEC,LAYERS,35502000.0,STATE,IN
2021,FIRST OF DEC,LAYERS,5484000.0,STATE,KY
2021,FIRST OF DEC,LAYERS,1850000.0,STATE,LA
2021,FIRST OF DEC,LAYERS,152000.0,STATE,MA
2021,FIRST OF DEC,LAYERS,2353000.0,STATE,MD
2021,FIRST OF DEC,LAYERS,15673000.0,STATE,MI
2021,FIRST OF DEC,LAYERS,8341000.0,STATE,MN
2021,FIRST OF DEC,LAYERS,13288000.0,STATE,MO
2021,FIRST OF DEC,LAYERS,5584000.0,STATE,MS
2021,FIRST OF DEC,LAYERS,1206000.0,STATE,MT
2021,FIRST OF DEC,LAYERS,15947000.0,STATE,NC
2021,FIRST OF DEC,LAYERS,8118000.0,STATE,NE
2021,FIRST OF DEC,LAYERS,5783000.0,STATE,NY
2021,FIRST OF DEC,LAYERS,39032000.0,STATE,OH
2021,FIRST OF DEC,LAYERS,2398000.0,STATE,OK
2021,FIRST OF DEC,LAYERS,2051000.0,STATE,OR
2021,FIRST OF DEC,LAYERS,24871000.0,STATE,OT
2021,FIRST OF DEC,LAYERS,30814000.0,STATE,PA
2021,FIRST OF DEC,LAYERS,3650000.0,STATE,SC
2021,FIRST OF DEC,LAYERS,2054000.0,STATE,SD
2021,FIRST OF DEC,LAYERS,1591000.0,STATE,TN
2021,FIRST OF DEC,LAYERS,23801000.0,STATE,TX
2021,FIRST OF DEC,LAYERS,6234000.0,STATE,UT
2021,FIRST OF DEC,LAYERS,2524000.0,STATE,VA
2021,FIRST OF DEC,LAYERS,184000.0,STATE,VT
2021,FIRST OF DEC,LAYERS,6626000.0,STATE,WA
2021,FIRST OF DEC,LAYERS,7236000.0,STATE,WI
2021,FIRST OF DEC,LAYERS,1364000.0,STATE,WV
2021,FIRST OF FEB,LAYERS,395670000.0,NATIONAL,
2021,FIRST OF FEB,"LAYERS, TABLE",330273000.0,NATIONAL,
2021,FIRST OF FEB,"LAYERS, HATCHING",65397000.0,NATIONAL,
2021,FIRST OF FEB,"LAYERS, HATCHING, BROILER TYPE",62084000.0,NATIONAL,
2021,FIRST OF JAN,LAYERS,395202000.0,NATIONAL,
2021,FIRST OF JAN,"LAYERS, TABLE",330068000.0,NATIONAL,
2021,FIRST OF JAN,"LAYERS, HATCHING",65134000.0,NATIONAL,
2021,FIRST OF JAN,"LAYERS, HATCHING, BROILER TYPE",61758000.0,NATIONAL,
2021,FIRST OF JUL,LAYERS,384911000.0,NATIONAL,
2021,FIRST OF JUL,"LAYERS, TABLE",319940000.0,NATIONAL,
2021,FIRST OF JUL,"LAYERS, HATCHING",64971000.0,NATIONAL,
2021,FIRST OF JUL,"LAYERS, HATCHING, BROILER TYPE",62030000.0,NATIONAL,
2021,FIRST OF JUN,LAYERS,384686000.0,NATIONAL,
2021,FIRST OF JUN,"LAYERS, TABLE",318690000.0,NATIONAL,
2021,FIRST OF JUN,"LAYERS, HATCHING",65996000.0,NATIONAL,
2021,FIRST OF JUN,"LAYERS, HATCHING, BROILER TYPE",62661000.0,NATIONAL,
2021,FIRST OF MAR,LAYERS,396148000.0,NATIONAL,
2021,FIRST OF MAR,"LAYERS, TABLE",330521000.0,NATIONAL,
2021,FIRST OF MAR,"LAYERS, HATCHING",65627000.0,NATIONAL,
2021,FIRST OF MAR,"LAYERS, HATCHING, BROILER TYPE",62303000.0,NATIONAL,
2021,FIRST OF MAY,LAYERS,388940000.0,NATIONAL,
2021,FIRST OF MAY,"LAYERS, TABLE",322683000.0,NATIONAL,
2021,FIRST OF MAY,"LAYERS, HATCHING",66257000.0,NATIONAL,
2021,FIRST OF MAY,"LAYERS, HATCHING, BROILER TYPE",63078000.0,NATIONAL,
2021,FIRST OF NOV,LAYERS,393950000.0,NATIONAL,
2021,FIRST OF NOV,"LAYERS, TABLE",329648000.0,NATIONAL,
2021,FIRST OF NOV,"LAYERS, HATCHING",64302000.0,NATIONAL,
2021,FIRST OF NOV,"LAYERS, HATCHING, BROILER TYPE",60927000.0,NATIONAL,
2021,FIRST OF OCT,LAYERS,390343000.0,NATIONAL,
2021,FIRST OF OCT,"LAYERS, TABLE",326203000.0,NATIONAL,
2021,FIRST OF OCT,"LAYERS, HATCHING",64140000.0,NATIONAL,
2021,FIRST OF OCT,"LAYERS, HATCHING, BROILER TYPE",60982000.0,NATIONAL,
2021,FIRST OF SEP,LAYERS,387334000.0,NATIONAL,
2021,FIRST OF SEP,"LAYERS, TABLE",322969000.0,NATIONAL,
2021,FIRST OF SEP,"LAYERS, HATCHING",64365000.0,NATIONAL,
2021,FIRST OF SEP,"LAYERS, HATCHING, BROILER TYPE",61347000.0,NATIONAL,
2022,FIRST OF APR,LAYERS,376002000.0,NATIONAL,
2022,FIRST OF APR,"LAYERS, TABLE",309890000.0,NATIONAL,
2022,FIRST OF APR,"LAYERS, HATCHING",66112000.0,NATIONAL,
2022,FIRST OF APR,"LAYERS, HATCHING, BROILER TYPE",62407000.0,NATIONAL,
2022,FIRST OF AUG,LAYERS,374472000.0,NATIONAL,
2022,FIRST OF AUG,"LAYERS, TABLE",308689000.0,NATIONAL,
2022,FIRST OF AUG,"LAYERS, HATCHING",65783000.0,NATIONAL,
2022,FIRST OF AUG,"LAYERS, HATCHING, BROILER TYPE",62257000.0,NATIONAL,
2022,FIRST OF DEC,LAYERS,426600.0,COUNTY,
2022,FIRST OF DEC,LAYERS,383017000.0,NATIONAL,
2022,FIRST OF DEC,"LAYERS, TABLE",317689000.0,NATIONAL,
2022,FIRST OF DEC,"LAYERS, HATCHING",65328000.0,NATIONAL,
2022,FIRST OF DEC,"LAYERS, HATCHING, BROILER TYPE",61414000.0,NATIONAL,
2022,FIRST OF DEC,LAYERS,10588000.0,STATE,AL
2022,FIRST OF DEC,LAYERS,15658000.0,STATE,AR
2022,FIRST OF DEC,LAYERS,13623000.0,STATE,CA
2022,FIRST OF DEC,LAYERS,2296000.0,STATE,CO
2022,FIRST OF DEC,LAYERS,19694000.0,STATE,GA
2022,FIRST OF DEC,LAYERS,42692000.0,STATE,IA
2022,FIRST OF DEC,LAYERS,7242000.0,STATE,IL
2022,FIRST OF DEC,LAYERS,36862000.0,STATE,IN
2022,FIRST OF DEC,LAYERS,5508000.0,STATE,KY
2022,FIRST OF DEC,LAYERS,1845000.0,STATE,LA
2022,FIRST OF DEC,LAYERS,160000.0,STATE,MA
2022,FIRST OF DEC,LAYERS,2643000.0,STATE,MD
2022,FIRST OF DEC,LAYERS,17147000.0,STATE,MI
2022,FIRST OF DEC,LAYERS,8505000.0,STATE,MN
2022,FIRST OF DEC,LAYERS,14177000.0,STATE,MO
2022,FIRST OF DEC,LAYERS,5796000.0,STATE,MS
2022,FIRST OF DEC,LAYERS,1349000.0,STATE,MT
2022,FIRST OF DEC,LAYERS,15518000.0,STATE,NC
2022,FIRST OF DEC,LAYERS,7410000.0,STATE,NE
2022,FIRST OF DEC,"LAYERS, TABLE",6828000.0,STATE,NE
2022,FIRST OF DEC,LAYERS,6196000.0,STATE,NY
2022,FIRST OF DEC,LAYERS,37482000.0,STATE,OH
2022,FIRST OF DEC,LAYERS,2401000.0,STATE,OK
2022,FIRST OF DEC,LAYERS,1989000.0,STATE,OR
2022,FIRST OF DEC,LAYERS,25240000.0,STATE,OT
2022,FIRST OF DEC,LAYERS,25971000.0,STATE,PA
2022,FIRST OF DEC,LAYERS,4150000.0,STATE,SC
2022,FIRST OF DEC,LAYERS,1944000.0,STATE,SD
2022,FIRST OF DEC,LAYERS,1890000.0,STATE,TN
2022,FIRST OF DEC,LAYERS,23544000.0,STATE,TX
2022,FIRST OF DEC,LAYERS,6036000.0,STATE,UT
2022,FIRST OF DEC,LAYERS,2611000.0,STATE,VA
2022,FIRST OF DEC,LAYERS,184000.0,STATE,VT
2022,FIRST OF DEC,LAYERS,6466000.0,STATE,WA
2022,FIRST OF DEC,LAYERS,6969000.0,STATE,WI
2022,FIRST OF DEC,LAYERS,1231000.0,STATE,WV
2022,FIRST OF FEB,LAYERS,392888000.0,NATIONAL,
2022,FIRST OF FEB,"LAYERS, TABLE",327142000.0,NATIONAL,
2022,FIRST OF FEB,"LAYERS, HATCHING",65746000.0,NATIONAL,
2022,FIRST OF FEB,"LAYERS, HATCHING, BROILER TYPE",62114000.0,NATIONAL,
2022,FIRST OF JAN,LAYERS,397410000.0,NATIONAL,
2022,FIRST OF JAN,"LAYERS, TABLE",331624000.0,NATIONAL,
2022,FIRST OF JAN,"LAYERS, HATCHING",65786000.0,NATIONAL,
2022,FIRST OF JAN,"LAYERS, HATCHING, BROILER TYPE",62323000.0,NATIONAL,
2022,FIRST OF JUL,LAYERS,369395000.0,NATIONAL,
2022,FIRST OF JUL,"LAYERS, TABLE",303766000.0,NATIONAL,
2022,FIRST OF JUL,"LAYERS, HATCHING",65629000.0,NATIONAL,
2022,FIRST OF JUL,"LAYERS, HATCHING, BROILER TYPE",62112000.0,NATIONAL,
2022,FIRST OF JUN,LAYERS,368986000.0,NATIONAL,
2022,FIRST OF JUN,"LAYERS, TABLE",302757000.0,NATIONAL,
2022,FIRST OF JUN,"LAYERS, HATCHING",66229000.0,NATIONAL,
2022,FIRST OF JUN,"LAYERS, HATCHING, BROILER TYPE",62800000.0,NATIONAL,
2022,FIRST OF MAR,LAYERS,392461000.0,NATIONAL,
2022,FIRST OF MAR,"LAYERS, TABLE",326052000.0,NATIONAL,
2022,FIRST OF MAR,"LAYERS, HATCHING",66409000.0,NATIONAL,
2022,FIRST OF MAR,"LAYERS, HATCHING, BROILER TYPE",62732000.0,NATIONAL,
2022,FIRST OF MAY,LAYERS,368992000.0,NATIONAL,
2022,FIRST OF MAY,"LAYERS, TABLE",302849000.0,NATIONAL,
2022,FIRST OF MAY,"LAYERS, HATCHING",66143000.0,NATIONAL,
2022,FIRST OF MAY,"LAYERS, HATCHING, BROILER TYPE",62506000.0,NATIONAL,
2022,FIRST OF NOV,LAYERS,377154000.0,NATIONAL,
2022,FIRST OF NOV,"LAYERS, TABLE",312009000.0,NATIONAL,
2022,FIRST OF NOV,"LAYERS, HATCHING",65145000.0,NATIONAL,
2022,FIRST OF NOV,"LAYERS, HATCHING, BROILER TYPE",61595000.0,NATIONAL,
2022,FIRST OF OCT,LAYERS,375325000.0,NATIONAL,
2022,FIRST OF OCT,"LAYERS, TABLE",309976000.0,NATIONAL,
2022,FIRST OF OCT,"LAYERS, HATCHING",65349000.0,NATIONAL,
2022,FIRST OF OCT,"LAYERS, HATCHING, BROILER TYPE",61849000.0,NATIONAL,
2022,FIRST OF SEP,LAYERS,375950000.0,NATIONAL,
2022,FIRST OF SEP,"LAYERS, TABLE",310235000.0,NATIONAL,
2022,FIRST OF SEP,"LAYERS, HATCHING",65715000.0,NATIONAL,
2022,FIRST OF SEP,"LAYERS, HATCHING, BROILER TYPE",62089000.0,NATIONAL,
2023,FIRST OF APR,LAYERS,383603000.0,NATIONAL,
2023,FIRST OF APR,"LAYERS, TABLE",315617000.0,NATIONAL,
2023,FIRST OF APR,"LAYERS, HATCHING",67986000.0,NATIONAL,
2023,FIRST OF APR,"LAYERS, HATCHING, BROILER TYPE",63836000.0,NATIONAL,
2023,FIRST OF AUG,LAYERS,381754000.0,NATIONAL,
2023,FIRST OF AUG,"LAYERS, TABLE",314214000.0,NATIONAL,
2023,FIRST OF AUG,"LAYERS, HATCHING",67540000.0,NATIONAL,
2023,FIRST OF AUG,"LAYERS, HATCHING, BROILER TYPE",63815000.0,NATIONAL,
2023,FIRST OF DEC,LAYERS,402300.0,COUNTY,
2023,FIRST OF DEC,LAYERS,387002000.0,NATIONAL,
2023,FIRST OF DEC,"LAYERS, TABLE",319923000.0,NATIONAL,
2023,FIRST OF DEC,"LAYERS, HATCHING",67079000.0,NATIONAL,
2023,FIRST OF DEC,"LAYERS, HATCHING, BROILER TYPE",63332000.0,NATIONAL,
2023,FIRST OF DEC,LAYERS,11441000.0,STATE,AL
2023,FIRST OF DEC,LAYERS,14962000.0,STATE,AR
2023,FIRST OF DEC,LAYERS,11105000.0,STATE,CA
2023,FIRST OF DEC,LAYERS,4486000.0,STATE,CO
2023,FIRST OF DEC,LAYERS,19892000.0,STATE,GA
2023,FIRST OF DEC,LAYERS,43433000.0,STATE,IA
2023,FIRST OF DEC,LAYERS,6940000.0,STATE,IL
2023,FIRST OF DEC,LAYERS,35502000.0,STATE,IN
2023,FIRST OF DEC,LAYERS,5495000.0,STATE,KY
2023,FIRST OF DEC,LAYERS,1875000.0,STATE,LA
2023,FIRST OF DEC,LAYERS,136000.0,STATE,MA
2023,FIRST OF DEC,LAYERS,2339000.0,STATE,MD
2023,FIRST OF DEC,LAYERS,16877000.0,STATE,MI
2023,FIRST OF DEC,LAYERS,7101000.0,STATE,MN
2023,FIRST OF DEC,LAYERS,13895000.0,STATE,MO
2023,FIRST OF DEC,LAYERS,5809000.0,STATE,MS
2023,FIRST OF DEC,LAYERS,1247000.0,STATE,MT
2023,FIRST OF DEC,LAYERS,16296000.0,STATE,NC
2023,FIRST OF DEC,LAYERS,8187000.0,STATE,NE
2023,FIRST OF DEC,LAYERS,5731000.0,STATE,NY
2023,FIRST OF DEC,LAYERS,41204000.0,STATE,OH
2023,FIRST OF DEC,LAYERS,2272000.0,STATE,OK
2023,FIRST OF DEC,LAYERS,2470000.0,STATE,OR
2023,FIRST OF DEC,LAYERS,25185000.0,STATE,OT
2023,FIRST OF DEC,LAYERS,27998000.0,STATE,PA
2023,FIRST OF DEC,LAYERS,3594000.0,STATE,SC
2023,FIRST OF DEC,LAYERS,2106000.0,STATE,SD
2023,FIRST OF DEC,LAYERS,2204000.0,STATE,TN
2023,FIRST OF DEC,LAYERS,22730000.0,STATE,TX
2023,FIRST OF DEC,LAYERS,6714000.0,STATE,UT
2023,FIRST OF DEC,LAYERS,2762000.0,STATE,VA
2023,FIRST OF DEC,LAYERS,176000.0,STATE,VT
2023,FIRST OF DEC,LAYERS,5589000.0,STATE,WA
2023,FIRST OF DEC,LAYERS,7999000.0,STATE,WI
2023,FIRST OF DEC,LAYERS,1250000.0,STATE,WV
2023,FIRST OF FEB,LAYERS,376268000.0,NATIONAL,
2023,FIRST OF FEB,"LAYERS, TABLE",309994000.0,NATIONAL,
2023,FIRST OF FEB,"LAYERS, HATCHING",66274000.0,NATIONAL,
2023,FIRST OF FEB,"LAYERS, HATCHING, BROILER TYPE",62331000.0,NATIONAL,
2023,FIRST OF JAN,LAYERS,375630000.0,NATIONAL,
2023,FIRST OF JAN,"LAYERS, TABLE",309982000.0,NATIONAL,
2023,FIRST OF JAN,"LAYERS, HATCHING",65648000.0,NATIONAL,
2023,FIRST OF JAN,"LAYERS, HATCHING, BROILER TYPE",61770000.0,NATIONAL,
2023,FIRST OF JUL,LAYERS,380858000.0,NATIONAL,
2023,FIRST OF JUL,"LAYERS, TABLE",312695000.0,NATIONAL,
2023,FIRST OF JUL,"LAYERS, HATCHING",68163000.0,NATIONAL,
2023,FIRST OF JUL,"LAYERS, HATCHING, BROILER TYPE",64367000.0,NATIONAL,
2023,FIRST OF JUN,LAYERS,382817000.0,NATIONAL,
2023,FIRST OF JUN,"LAYERS, TABLE",314566000.0,NATIONAL,
2023,FIRST OF JUN,"LAYERS, HATCHING",68251000.0,NATIONAL,
2023,FIRST OF JUN,"LAYERS, HATCHING, BROILER TYPE",64323000.0,NATIONAL,
2023,FIRST OF MAR,LAYERS,381511000.0,NATIONAL,
2023,FIRST OF MAR,"LAYERS, TABLE",313990000.0,NATIONAL,
2023,FIRST OF MAR,"LAYERS, HATCHING",67521000.0,NATIONAL,
2023,FIRST OF MAR,"LAYERS, HATCHING, BROILER TYPE",63418000.0,NATIONAL,
2023,FIRST OF MAY,LAYERS,385279000.0,NATIONAL,
2023,FIRST OF MAY,"LAYERS, TABLE",316723000.0,NATIONAL,
2023,FIRST OF MAY,"LAYERS, HATCHING",68556000.0,NATIONAL,
2023,FIRST OF MAY,"LAYERS, HATCHING, BROILER TYPE",64435000.0,NATIONAL,
2023,FIRST OF NOV,LAYERS,389364000.0,NATIONAL,
2023,FIRST OF NOV,"LAYERS, TABLE",322572000.0,NATIONAL,
2023,FIRST OF NOV,"LAYERS, HATCHING",66792000.0,NATIONAL,
2023,FIRST OF NOV,"LAYERS, HATCHING, BROILER TYPE",63103000.0,NATIONAL,
2023,FIRST OF OCT,LAYERS,387491000.0,NATIONAL,
2023,FIRST OF OCT,"LAYERS, TABLE",320618000.0,NATIONAL,
2023,FIRST OF OCT,"LAYERS, HATCHING",66873000.0,NATIONAL,
2023,FIRST OF OCT,"LAYERS, HATCHING, BROILER TYPE",63045000.0,NATIONAL,
2023,FIRST OF SEP,LAYERS,383677000.0,NATIONAL,
2023,FIRST OF SEP,"LAYERS, TABLE",316838000.0,NATIONAL,
2023,FIRST OF SEP,"LAYERS, HATCHING",66839000.0,NATIONAL,
2023,FIRST OF SEP,"LAYERS, HATCHING, BROILER TYPE",63018000.0,NATIONAL,
2024,FIRST OF APR,LAYERS,381432000.0,NATIONAL,
2024,FIRST OF APR,"LAYERS, TABLE",314691000.0,NATIONAL,
2024,FIRST OF APR,"LAYERS, HATCHING",66741000.0,NATIONAL,
2024,FIRST OF APR,"LAYERS, HATCHING, BROILER TYPE",62672000.0,NATIONAL,
2024,FIRST OF AUG,LAYERS,369199000.0,NATIONAL,
2024,FIRST OF AUG,"LAYERS, TABLE",303801000.0,NATIONAL,
2024,FIRST OF AUG,"LAYERS, HATCHING",65398000.0,NATIONAL,
2024,FIRST OF AUG,"LAYERS, HATCHING, BROILER TYPE",61564000.0,NATIONAL,
2024,FIRST OF DEC,LAYERS,392600.0,COUNTY,
2024,FIRST OF DEC,LAYERS,381255000.0,NATIONAL,
2024,FIRST OF DEC,"LAYERS, TABLE",316574000.0,NATIONAL,
2024,FIRST OF DEC,"LAYERS, HATCHING",64681000.0,NATIONAL,
2024,FIRST OF DEC,"LAYERS, HATCHING, BROILER TYPE",60986000.0,NATIONAL,
2024,FIRST OF DEC,LAYERS,10387000.0,STATE,AL
2024,FIRST OF DEC,LAYERS,16247000.0,STATE,AR
2024,FIRST OF DEC,LAYERS,6753000.0,STATE,CA
2024,FIRST OF DEC,LAYERS,1694000.0,STATE,CO
2024,FIRST OF DEC,LAYERS,19480000.0,STATE,GA
2024,FIRST OF DEC,LAYERS,46313000.0,STATE,IA
2024,FIRST OF DEC,LAYERS,6204000.0,STATE,IL
2024,FIRST OF DEC,LAYERS,38412000.0,STATE,IN
2024,FIRST OF DEC,LAYERS,5288000.0,STATE,KY
2024,FIRST OF DEC,LAYERS,1959000.0,STATE,LA
2024,FIRST OF DEC,LAYERS,102000.0,STATE,MA
2024,FIRST OF DEC,LAYERS,2337000.0,STATE,MD
2024,FIRST OF DEC,LAYERS,11782000.0,STATE,MI
2024,FIRST OF DEC,LAYERS,6864000.0,STATE,MN
2024,FIRST OF DEC,LAYERS,17843000.0,STATE,MO
2024,FIRST OF DEC,LAYERS,5569000.0,STATE,MS
2024,FIRST OF DEC,LAYERS,1166000.0,STATE,MT
2024,FIRST OF DEC,LAYERS,16546000.0,STATE,NC
2024,FIRST OF DEC,LAYERS,8418000.0,STATE,NE
2024,FIRST OF DEC,LAYERS,5774000.0,STATE,NY
2024,FIRST OF DEC,LAYERS,42811000.0,STATE,OH
2024,FIRST OF DEC,LAYERS,2219000.0,STATE,OK
2024,FIRST OF DEC,LAYERS,2433000.0,STATE,OR
2024,FIRST OF DEC,LAYERS,23997000.0,STATE,OT
2024,FIRST OF DEC,LAYERS,27110000.0,STATE,PA
2024,FIRST OF DEC,LAYERS,3875000.0,STATE,SC
2024,FIRST OF DEC,LAYERS,2079000.0,STATE,SD
2024,FIRST OF DEC,LAYERS,1782000.0,STATE,TN
2024,FIRST OF DEC,LAYERS,22321000.0,STATE,TX
2024,FIRST OF DEC,LAYERS,6499000.0,STATE,UT
2024,FIRST OF DEC,LAYERS,2504000.0,STATE,VA
2024,FIRST OF DEC,LAYERS,176000.0,STATE,VT
2024,FIRST OF DEC,LAYERS,5172000.0,STATE,WA
2024,FIRST OF DEC,LAYERS,8016000.0,STATE,WI
2024,FIRST OF DEC,LAYERS,1123000.0,STATE,WV
2024,FIRST OF FEB,LAYERS,377098000.0,NATIONAL,
2024,FIRST OF FEB,"LAYERS, TABLE",310352000.0,NATIONAL,
2024,FIRST OF FEB,"LAYERS, HATCHING",66746000.0,NATIONAL,
2024,FIRST OF FEB,"LAYERS, HATCHING, BROILER TYPE",62906000.0,NATIONAL,
2024,FIRST OF JAN,LAYERS,380012000.0,NATIONAL,
2024,FIRST OF JAN,"LAYERS, TABLE",312582000.0,NATIONAL,
2024,FIRST OF JAN,"LAYERS, HATCHING",67430000.0,NATIONAL,
2024,FIRST OF JAN,"LAYERS, HATCHING, BROILER TYPE",63524000.0,NATIONAL,
2024,FIRST OF JUL,LAYERS,371510000.0,NATIONAL,
2024,FIRST OF JUL,"LAYERS, TABLE",305759000.0,NATIONAL,
2024,FIRST OF JUL,"LAYERS, HATCHING",65751000.0,NATIONAL,
2024,FIRST OF JUL,"LAYERS, HATCHING, BROILER TYPE",61839000.0,NATIONAL,
2024,FIRST OF JUN,LAYERS,372710000.0,NATIONAL,
2024,FIRST OF JUN,"LAYERS, TABLE",307217000.0,NATIONAL,
2024,FIRST OF JUN,"LAYERS, HATCHING",65493000.0,NATIONAL,
2024,FIRST OF JUN,"LAYERS, HATCHING, BROILER TYPE",61547000.0,NATIONAL,
2024,FIRST OF MAR,LAYERS,380544000.0,NATIONAL,
2024,FIRST OF MAR,"LAYERS, TABLE",314271000.0,NATIONAL,
2024,FIRST OF MAR,"LAYERS, HATCHING",66273000.0,NATIONAL,
2024,FIRST OF MAR,"LAYERS, HATCHING, BROILER TYPE",62302000.0,NATIONAL,
2024,FIRST OF MAY,LAYERS,372493000.0,NATIONAL,
2024,FIRST OF MAY,"LAYERS, TABLE",306664000.0,NATIONAL,
2024,FIRST OF MAY,"LAYERS, HATCHING",65829000.0,NATIONAL,
2024,FIRST OF MAY,"LAYERS, HATCHING, BROILER TYPE",61878000.0,NATIONAL,
2024,FIRST OF NOV,LAYERS,379650000.0,NATIONAL,
2024,FIRST OF NOV,"LAYERS, TABLE",315242000.0,NATIONAL,
2024,FIRST OF NOV,"LAYERS, HATCHING",64408000.0,NATIONAL,
2024,FIRST OF NOV,"LAYERS, HATCHING, BROILER TYPE",60723000.0,NATIONAL,
2024,FIRST OF OCT,LAYERS,378611000.0,NATIONAL,
2024,FIRST OF OCT,"LAYERS, TABLE",313506000.0,NATIONAL,
2024,FIRST OF OCT,"LAYERS, HATCHING",65105000.0,NATIONAL,
2024,FIRST OF OCT,"LAYERS, HATCHING, BROILER TYPE",61359000.0,NATIONAL,
2024,FIRST OF SEP,LAYERS,373411000.0,NATIONAL,
2024,FIRST OF SEP,"LAYERS, TABLE",308186000.0,NATIONAL,
2024,FIRST OF SEP,"LAYERS, HATCHING",65225000.0,NATIONAL,
2024,FIRST OF SEP,"LAYERS, HATCHING, BROILER TYPE",61485000.0,NATIONAL,
2025,FIRST OF APR,LAYERS,357315000.0,NATIONAL,
2025,FIRST OF APR,"LAYERS, TABLE",292858000.0,NATIONAL,
2025,FIRST OF APR,"LAYERS, HATCHING",64457000.0,NATIONAL,
2025,FIRST OF APR,"LAYERS, HATCHING, BROILER TYPE",60482000.0,NATIONAL,
2025,FIRST OF AUG,LAYERS,365086000.0,NATIONAL,
2025,FIRST OF AUG,"LAYERS, TABLE",300580000.0,NATIONAL,
2025,FIRST OF AUG,"LAYERS, HATCHING",64506000.0,NATIONAL,
2025,FIRST OF AUG,"LAYERS, HATCHING, BROILER TYPE",60277000.0,NATIONAL,
2025,FIRST OF DEC,LAYERS,370761000.0,NATIONAL,
2025,FIRST OF DEC,"LAYERS, TABLE",306538000.0,NATIONAL,
2025,FIRST OF DEC,"LAYERS, HATCHING",64223000.0,NATIONAL,
2025,FIRST OF DEC,"LAYERS, HATCHING, BROILER TYPE",59925000.0,NATIONAL,
2025,FIRST OF DEC,LAYERS,10954000.0,STATE,AL
2025,FIRST OF DEC,LAYERS,15340000.0,STATE,AR
2025,FIRST OF DEC,LAYERS,6919000.0,STATE,CA
2025,FIRST OF DEC,LAYERS,3145000.0,STATE,CO
2025,FIRST OF DEC,LAYERS,19181000.0,STATE,GA
2025,FIRST OF DEC,LAYERS,46597000.0,STATE,IA
2025,FIRST OF DEC,LAYERS,6717000.0,STATE,IL
2025,FIRST OF DEC,LAYERS,37289000.0,STATE,IN
2025,FIRST OF DEC,LAYERS,5264000.0,STATE,KY
2025,FIRST OF DEC,LAYERS,1936000.0,STATE,LA
2025,FIRST OF DEC,LAYERS,148000.0,STATE,MA
2025,FIRST OF DEC,LAYERS,13532000.0,STATE,MI
2025,FIRST OF DEC,LAYERS,7784000.0,STATE,MN
2025,FIRST OF DEC,LAYERS,18197000.0,STATE,MO
2025,FIRST OF DEC,LAYERS,5957000.0,STATE,MS
2025,FIRST OF DEC,LAYERS,1406000.0,STATE,MT
2025,FIRST OF DEC,LAYERS,15490000.0,STATE,NC
2025,FIRST OF DEC,LAYERS,8991000.0,STATE,NE
2025,FIRST OF DEC,LAYERS,5911000.0,STATE,NY
2025,FIRST OF DEC,LAYERS,38830000.0,STATE,OH
2025,FIRST OF DEC,LAYERS,2109000.0,STATE,OK
2025,FIRST OF DEC,LAYERS,1513000.0,STATE,OR
2025,FIRST OF DEC,LAYERS,26593000.0,STATE,OT
2025,FIRST OF DEC,LAYERS,26329000.0,STATE,PA
2025,FIRST OF DEC,LAYERS,3506000.0,STATE,SC
2025,FIRST OF DEC,LAYERS,1874000.0,STATE,TN
2025,FIRST OF DEC,LAYERS,22754000.0,STATE,TX
2025,FIRST OF DEC,LAYERS,6859000.0,STATE,UT
2025,FIRST OF DEC,LAYERS,186000.0,STATE,VT
2025,FIRST OF DEC,LAYERS,3232000.0,STATE,WA
2025,FIRST OF DEC,LAYERS,5091000.0,STATE,WI
2025,FIRST OF DEC,LAYERS,1127000.0,STATE,WV
2025,FIRST OF FEB,LAYERS,364889000.0,NATIONAL,
2025,FIRST OF FEB,"LAYERS, TABLE",299092000.0,NATIONAL,
2025,FIRST OF FEB,"LAYERS, HATCHING",65797000.0,NATIONAL,
2025,FIRST OF FEB,"LAYERS, HATCHING, BROILER TYPE",61928000.0,NATIONAL,
2025,FIRST OF JAN,LAYERS,374087000.0,NATIONAL,
2025,FIRST OF JAN,"LAYERS, TABLE",308959000.0,NATIONAL,
2025,FIRST OF JAN,"LAYERS, HATCHING",65128000.0,NATIONAL,
2025,FIRST OF JAN,"LAYERS, HATCHING, BROILER TYPE",61230000.0,NATIONAL,
2025,FIRST OF JUL,LAYERS,362224000.0,NATIONAL,
2025,FIRST OF JUL,"LAYERS, TABLE",297663000.0,NATIONAL,
2025,FIRST OF JUL,"LAYERS, HATCHING",64561000.0,NATIONAL,
2025,FIRST OF JUL,"LAYERS, HATCHING, BROILER TYPE",60591000.0,NATIONAL,
2025,FIRST OF JUN,LAYERS,359045000.0,NATIONAL,
2025,FIRST OF JUN,"LAYERS, TABLE",294774000.0,NATIONAL,
2025,FIRST OF JUN,"LAYERS, HATCHING",64271000.0,NATIONAL,
2025,FIRST OF JUN,"LAYERS, HATCHING, BROILER TYPE",60338000.0,NATIONAL,
2025,FIRST OF MAR,LAYERS,356564000.0,NATIONAL,
2025,FIRST OF MAR,"LAYERS, TABLE",291871000.0,NATIONAL,
2025,FIRST OF MAR,"LAYERS, HATCHING",64693000.0,NATIONAL,
2025,FIRST OF MAR,"LAYERS, HATCHING, BROILER TYPE",60801000.0,NATIONAL,
2025,FIRST OF MAY,LAYERS,360162000.0,NATIONAL,
2025,FIRST OF MAY,"LAYERS, TABLE",295613000.0,NATIONAL,
2025,FIRST OF MAY,"LAYERS, HATCHING",64549000.0,NATIONAL,
2025,FIRST OF MAY,"LAYERS, HATCHING, BROILER TYPE",60666000.0,NATIONAL,
2025,FIRST OF NOV,LAYERS,369306000.0,NATIONAL,
2025,FIRST OF NOV,"LAYERS, TABLE",305168000.0,NATIONAL,
2025,FIRST OF NOV,"LAYERS, HATCHING",64138000.0,NATIONAL,
2025,FIRST OF NOV,"LAYERS, HATCHING, BROILER TYPE",59807000.0,NATIONAL,
2025,FIRST OF OCT,LAYERS,369710000.0,NATIONAL,
2025,FIRST OF OCT,"LAYERS, TABLE",305528000.0,NATIONAL,
2025,FIRST OF OCT,"LAYERS, HATCHING",64182000.0,NATIONAL,
2025,FIRST OF OCT,"LAYERS, HATCHING, BROILER TYPE",59861000.0,NATIONAL,
2025,FIRST OF SEP,LAYERS,366941000.0,NATIONAL,
2025,FIRST OF SEP,"LAYERS, TABLE",302504000.0,NATIONAL,
2025,FIRST OF SEP,"LAYERS, HATCHING",64437000.0,NATIONAL,
2025,FIRST OF SEP,"LAYERS, HATCHING, BROILER TYPE",60187000.0,NATIONAL,
2026,FIRST OF FEB,LAYERS,375563000.0,NATIONAL,
2026,FIRST OF FEB,"LAYERS, TABLE",310014000.0,NATIONAL,
2026,FIRST OF FEB,"LAYERS, HATCHING",65549000.0,NATIONAL,
2026,FIRST OF FEB,"LAYERS, HATCHING, BROILER TYPE",60668000.0,NATIONAL,
2026,FIRST OF JAN,LAYERS,375733000.0,NATIONAL,
2026,FIRST OF JAN,"LAYERS, TABLE",311261000.0,NATIONAL,
2026,FIRST OF JAN,"LAYERS, HATCHING",64472000.0,NATIONAL,
2026,FIRST OF JAN,"LAYERS, HATCHING, BROILER TYPE",59848000.0,NATIONAL,
2026,FIRST OF MAR,LAYERS,381532000.0,NATIONAL,
2026,FIRST OF MAR,"LAYERS, TABLE",315811000.0,NATIONAL,
2026,FIRST OF MAR,"LAYERS, HATCHING",65721000.0,NATIONAL,
2026,FIRST OF MAR,"LAYERS, HATCHING, BROILER TYPE",60877000.0,NATIONAL,
