report_date,class,price_low,price_high,avg_price,avg_price_prev,price_unit
2025-02-03,Extra Large,767.0,771.0,769.0,,Cents Per Dozen
2025-02-03,Large,765.0,769.0,767.0,,Cents Per Dozen
2025-02-03,Medium,663.0,667.0,665.0,,Cents Per Dozen
2025-02-04,Extra Large,774.0,778.0,776.0,769.0,Cents Per Dozen
2025-02-04,Large,772.0,776.0,774.0,767.0,Cents Per Dozen
2025-02-04,Medium,667.0,671.0,669.0,665.0,Cents Per Dozen
2025-02-05,Extra Large,781.0,785.0,783.0,776.0,Cents Per Dozen
2025-02-05,Large,779.0,783.0,781.0,774.0,Cents Per Dozen
2025-02-05,Medium,674.0,678.0,676.0,669.0,Cents Per Dozen
2025-02-06,Extra Large,788.0,792.0,790.0,783.0,Cents Per Dozen
2025-02-06,Large,786.0,790.0,788.0,781.0,Cents Per Dozen
2025-02-06,Medium,682.0,686.0,684.0,676.0,Cents Per Dozen
2025-02-07,Extra Large,795.0,799.0,797.0,790.0,Cents Per Dozen
2025-02-07,Large,793.0,797.0,795.0,788.0,Cents Per Dozen
2025-02-07,Medium,690.0,694.0,692.0,684.0,Cents Per Dozen
2025-02-10,Extra Large,801.0,805.0,803.0,797.0,Cents Per Dozen
2025-02-10,Large,799.0,803.0,801.0,795.0,Cents Per Dozen
2025-02-10,Medium,697.0,701.0,699.0,692.0,Cents Per Dozen
2025-02-11,Extra Large,806.0,810.0,808.0,803.0,Cents Per Dozen
2025-02-11,Large,804.0,808.0,806.0,801.0,Cents Per Dozen
2025-02-11,Medium,703.0,707.0,705.0,699.0,Cents Per Dozen
2025-02-12,Extra Large,810.0,814.0,812.0,808.0,Cents Per Dozen
2025-02-12,Large,808.0,812.0,810.0,806.0,Cents Per Dozen
2025-02-12,Medium,708.0,712.0,710.0,705.0,Cents Per Dozen
2025-02-13,Extra Large,816.0,820.0,818.0,812.0,Cents Per Dozen
2025-02-13,Large,814.0,818.0,816.0,810.0,Cents Per Dozen
2025-02-13,Medium,716.0,720.0,718.0,710.0,Cents Per Dozen
2025-02-14,Extra Large,823.0,827.0,825.0,818.0,Cents Per Dozen
2025-02-14,Large,821.0,825.0,823.0,816.0,Cents Per Dozen
2025-02-14,Medium,725.0,729.0,727.0,718.0,Cents Per Dozen
2025-02-18,Extra Large,829.0,833.0,831.0,,Cents Per Dozen
2025-02-18,Extra Large,,,,825.0,Cents Per Dozen
2025-02-18,Large,827.0,831.0,829.0,,Cents Per Dozen
2025-02-18,Large,,,,823.0,Cents Per Dozen
2025-02-18,Medium,735.0,739.0,737.0,,Cents Per Dozen
2025-02-18,Medium,,,,727.0,Cents Per Dozen
2025-02-19,Extra Large,835.0,839.0,837.0,831.0,Cents Per Dozen
2025-02-19,Large,833.0,837.0,835.0,829.0,Cents Per Dozen
2025-02-19,Medium,743.0,747.0,745.0,737.0,Cents Per Dozen
2025-02-20,Extra Large,841.0,845.0,843.0,837.0,Cents Per Dozen
2025-02-20,Large,839.0,843.0,841.0,835.0,Cents Per Dozen
2025-02-20,Medium,748.0,752.0,750.0,745.0,Cents Per Dozen
2025-02-21,Extra Large,847.0,851.0,849.0,843.0,Cents Per Dozen
2025-02-21,Large,845.0,849.0,847.0,841.0,Cents Per Dozen
2025-02-21,Medium,753.0,757.0,755.0,750.0,Cents Per Dozen
2025-02-24,Extra Large,851.0,855.0,853.0,849.0,Cents Per Dozen
2025-02-24,Large,849.0,853.0,851.0,847.0,Cents Per Dozen
2025-02-24,Medium,760.0,764.0,762.0,755.0,Cents Per Dozen
2025-02-25,Extra Large,853.0,857.0,855.0,853.0,Cents Per Dozen
2025-02-25,Large,851.0,855.0,853.0,851.0,Cents Per Dozen
2025-02-25,Medium,760.0,764.0,762.0,762.0,Cents Per Dozen
2025-02-26,Extra Large,853.0,857.0,855.0,855.0,Cents Per Dozen
2025-02-26,Large,851.0,855.0,853.0,853.0,Cents Per Dozen
2025-02-26,Medium,760.0,764.0,762.0,762.0,Cents Per Dozen
2025-02-27,Extra Large,853.0,857.0,855.0,855.0,Cents Per Dozen
2025-02-27,Large,851.0,855.0,853.0,853.0,Cents Per Dozen
2025-02-27,Medium,760.0,764.0,762.0,762.0,Cents Per Dozen
2025-02-28,Extra Large,853.0,857.0,855.0,855.0,Cents Per Dozen
2025-02-28,Large,851.0,855.0,853.0,853.0,Cents Per Dozen
2025-02-28,Medium,760.0,764.0,762.0,762.0,Cents Per Dozen
2025-03-03,Extra Large,848.0,852.0,850.0,855.0,Cents Per Dozen
2025-03-03,Large,846.0,850.0,848.0,853.0,Cents Per Dozen
2025-03-03,Medium,750.0,754.0,752.0,762.0,Cents Per Dozen
2025-03-04,Extra Large,833.0,837.0,835.0,850.0,Cents Per Dozen
2025-03-04,Large,831.0,835.0,833.0,848.0,Cents Per Dozen
2025-03-04,Medium,730.0,734.0,732.0,752.0,Cents Per Dozen
2025-03-05,Extra Large,798.0,802.0,800.0,835.0,Cents Per Dozen
2025-03-05,Large,796.0,800.0,798.0,833.0,Cents Per Dozen
2025-03-05,Medium,690.0,694.0,692.0,732.0,Cents Per Dozen
2025-03-06,Extra Large,758.0,762.0,760.0,800.0,Cents Per Dozen
2025-03-06,Large,756.0,760.0,758.0,798.0,Cents Per Dozen
2025-03-06,Medium,650.0,654.0,652.0,692.0,Cents Per Dozen
2025-03-07,Extra Large,718.0,722.0,720.0,760.0,Cents Per Dozen
2025-03-07,Large,716.0,720.0,718.0,758.0,Cents Per Dozen
2025-03-07,Medium,610.0,614.0,612.0,652.0,Cents Per Dozen
2025-03-10,Extra Large,668.0,672.0,670.0,720.0,Cents Per Dozen
2025-03-10,Large,666.0,670.0,668.0,718.0,Cents Per Dozen
2025-03-10,Medium,570.0,574.0,572.0,612.0,Cents Per Dozen
2025-03-11,Extra Large,618.0,622.0,620.0,670.0,Cents Per Dozen
2025-03-11,Large,616.0,620.0,618.0,668.0,Cents Per Dozen
2025-03-11,Medium,530.0,534.0,532.0,572.0,Cents Per Dozen
2025-03-12,Extra Large,568.0,572.0,570.0,620.0,Cents Per Dozen
2025-03-12,Large,566.0,570.0,568.0,618.0,Cents Per Dozen
2025-03-12,Medium,490.0,494.0,492.0,532.0,Cents Per Dozen
2025-03-13,Extra Large,518.0,522.0,520.0,570.0,Cents Per Dozen
2025-03-13,Large,516.0,520.0,518.0,568.0,Cents Per Dozen
2025-03-13,Medium,445.0,449.0,447.0,492.0,Cents Per Dozen
2025-03-14,Extra Large,478.0,482.0,480.0,520.0,Cents Per Dozen
2025-03-14,Large,476.0,480.0,478.0,518.0,Cents Per Dozen
2025-03-14,Medium,410.0,414.0,412.0,447.0,Cents Per Dozen
2025-03-17,Extra Large,448.0,452.0,450.0,480.0,Cents Per Dozen
2025-03-17,Large,446.0,450.0,448.0,478.0,Cents Per Dozen
2025-03-17,Medium,385.0,389.0,387.0,412.0,Cents Per Dozen
2025-03-18,Extra Large,423.0,427.0,425.0,450.0,Cents Per Dozen
2025-03-18,Large,421.0,425.0,423.0,448.0,Cents Per Dozen
2025-03-18,Medium,365.0,369.0,367.0,387.0,Cents Per Dozen
2025-03-19,Extra Large,408.0,412.0,410.0,425.0,Cents Per Dozen
2025-03-19,Large,406.0,410.0,408.0,423.0,Cents Per Dozen
2025-03-19,Medium,355.0,359.0,357.0,367.0,Cents Per Dozen
2025-03-20,Extra Large,398.0,402.0,400.0,410.0,Cents Per Dozen
2025-03-20,Large,396.0,400.0,398.0,408.0,Cents Per Dozen
2025-03-20,Medium,350.0,354.0,352.0,357.0,Cents Per Dozen
2025-03-21,Extra Large,393.0,397.0,395.0,400.0,Cents Per Dozen
2025-03-21,Large,391.0,395.0,393.0,398.0,Cents Per Dozen
2025-03-21,Medium,335.0,339.0,337.0,352.0,Cents Per Dozen
2025-03-24,Extra Large,388.0,392.0,390.0,395.0,Cents Per Dozen
2025-03-24,Large,386.0,390.0,388.0,393.0,Cents Per Dozen
2025-03-24,Medium,330.0,334.0,332.0,337.0,Cents Per Dozen
2025-03-25,Extra Large,386.0,390.0,388.0,390.0,Cents Per Dozen
2025-03-25,Large,384.0,388.0,386.0,388.0,Cents Per Dozen
2025-03-25,Medium,325.0,329.0,327.0,332.0,Cents Per Dozen
2025-03-26,Extra Large,386.0,390.0,388.0,388.0,Cents Per Dozen
2025-03-26,Large,384.0,388.0,386.0,386.0,Cents Per Dozen
2025-03-26,Medium,325.0,329.0,327.0,327.0,Cents Per Dozen
2025-03-27,Extra Large,386.0,390.0,388.0,388.0,Cents Per Dozen
2025-03-27,Large,384.0,388.0,386.0,386.0,Cents Per Dozen
2025-03-27,Medium,325.0,329.0,327.0,327.0,Cents Per Dozen
2025-03-28,Extra Large,386.0,390.0,388.0,388.0,Cents Per Dozen
2025-03-28,Large,384.0,388.0,386.0,386.0,Cents Per Dozen
2025-03-28,Medium,325.0,329.0,327.0,327.0,Cents Per Dozen
2025-03-31,Extra Large,386.0,390.0,388.0,388.0,Cents Per Dozen
2025-03-31,Large,384.0,388.0,386.0,386.0,Cents Per Dozen
2025-03-31,Medium,325.0,329.0,327.0,327.0,Cents Per Dozen
2025-04-01,Extra Large,386.0,390.0,388.0,388.0,Cents Per Dozen
2025-04-01,Large,384.0,388.0,386.0,386.0,Cents Per Dozen
2025-04-01,Medium,325.0,329.0,327.0,327.0,Cents Per Dozen
2025-04-02,Extra Large,383.0,387.0,385.0,388.0,Cents Per Dozen
2025-04-02,Large,381.0,385.0,383.0,386.0,Cents Per Dozen
2025-04-02,Medium,325.0,329.0,327.0,327.0,Cents Per Dozen
2025-04-03,Extra Large,382.0,386.0,384.0,385.0,Cents Per Dozen
2025-04-03,Large,380.0,384.0,382.0,383.0,Cents Per Dozen
2025-04-03,Medium,325.0,329.0,327.0,327.0,Cents Per Dozen
2025-04-04,Extra Large,377.0,381.0,379.0,384.0,Cents Per Dozen
2025-04-04,Large,375.0,379.0,377.0,382.0,Cents Per Dozen
2025-04-04,Medium,325.0,329.0,327.0,327.0,Cents Per Dozen
2025-04-07,Extra Large,375.0,379.0,377.0,379.0,Cents Per Dozen
2025-04-07,Large,373.0,377.0,375.0,377.0,Cents Per Dozen
2025-04-07,Medium,325.0,329.0,327.0,327.0,Cents Per Dozen
2025-04-08,Extra Large,373.0,377.0,375.0,377.0,Cents Per Dozen
2025-04-08,Large,371.0,375.0,373.0,375.0,Cents Per Dozen
2025-04-08,Medium,321.0,325.0,323.0,327.0,Cents Per Dozen
2025-04-09,Extra Large,372.0,376.0,374.0,375.0,Cents Per Dozen
2025-04-09,Large,370.0,374.0,372.0,373.0,Cents Per Dozen
2025-04-09,Medium,319.0,323.0,321.0,323.0,Cents Per Dozen
2025-04-10,Extra Large,372.0,376.0,374.0,374.0,Cents Per Dozen
2025-04-10,Large,370.0,374.0,372.0,372.0,Cents Per Dozen
2025-04-10,Medium,319.0,323.0,321.0,321.0,Cents Per Dozen
2025-04-11,Extra Large,372.0,376.0,374.0,374.0,Cents Per Dozen
2025-04-11,Large,370.0,374.0,372.0,372.0,Cents Per Dozen
2025-04-11,Medium,319.0,323.0,321.0,321.0,Cents Per Dozen
2025-04-14,Extra Large,372.0,376.0,374.0,374.0,Cents Per Dozen
2025-04-14,Large,370.0,374.0,372.0,372.0,Cents Per Dozen
2025-04-14,Medium,319.0,323.0,321.0,321.0,Cents Per Dozen
2025-04-15,Extra Large,372.0,376.0,374.0,374.0,Cents Per Dozen
2025-04-15,Large,370.0,374.0,372.0,372.0,Cents Per Dozen
2025-04-15,Medium,319.0,323.0,321.0,321.0,Cents Per Dozen
2025-04-16,Extra Large,372.0,376.0,374.0,374.0,Cents Per Dozen
2025-04-16,Large,370.0,374.0,372.0,372.0,Cents Per Dozen
2025-04-16,Medium,319.0,323.0,321.0,321.0,Cents Per Dozen
2025-04-17,Extra Large,372.0,376.0,374.0,374.0,Cents Per Dozen
2025-04-17,Large,370.0,374.0,372.0,372.0,Cents Per Dozen
2025-04-17,Medium,319.0,323.0,321.0,321.0,Cents Per Dozen
2025-04-18,Extra Large,372.0,376.0,374.0,374.0,Cents Per Dozen
2025-04-18,Large,370.0,374.0,372.0,372.0,Cents Per Dozen
2025-04-18,Medium,319.0,323.0,321.0,321.0,Cents Per Dozen
2025-04-21,Extra Large,372.0,376.0,374.0,374.0,Cents Per Dozen
2025-04-21,Large,370.0,374.0,372.0,372.0,Cents Per Dozen
2025-04-21,Medium,319.0,323.0,321.0,321.0,Cents Per Dozen
2025-04-22,Extra Large,372.0,376.0,374.0,374.0,Cents Per Dozen
2025-04-22,Large,370.0,374.0,372.0,372.0,Cents Per Dozen
2025-04-22,Medium,319.0,323.0,321.0,321.0,Cents Per Dozen
2025-04-23,Extra Large,372.0,376.0,374.0,374.0,Cents Per Dozen
2025-04-23,Large,370.0,374.0,372.0,372.0,Cents Per Dozen
2025-04-23,Medium,319.0,323.0,321.0,321.0,Cents Per Dozen
2025-04-24,Extra Large,372.0,376.0,374.0,374.0,Cents Per Dozen
2025-04-24,Large,370.0,374.0,372.0,372.0,Cents Per Dozen
2025-04-24,Medium,320.0,324.0,322.0,321.0,Cents Per Dozen
2025-04-25,Extra Large,372.0,376.0,374.0,374.0,Cents Per Dozen
2025-04-25,Large,370.0,374.0,372.0,372.0,Cents Per Dozen
2025-04-25,Medium,323.0,327.0,325.0,322.0,Cents Per Dozen
2025-04-28,Extra Large,372.0,376.0,374.0,374.0,Cents Per Dozen
2025-04-28,Large,370.0,374.0,372.0,372.0,Cents Per Dozen
2025-04-28,Medium,325.0,329.0,327.0,325.0,Cents Per Dozen
2025-04-29,Extra Large,372.0,376.0,374.0,374.0,Cents Per Dozen
2025-04-29,Large,370.0,374.0,372.0,372.0,Cents Per Dozen
2025-04-29,Medium,325.0,329.0,327.0,327.0,Cents Per Dozen
2025-04-30,Extra Large,372.0,376.0,374.0,374.0,Cents Per Dozen
2025-04-30,Large,370.0,374.0,372.0,372.0,Cents Per Dozen
2025-04-30,Medium,327.0,331.0,329.0,327.0,Cents Per Dozen
2025-05-01,Extra Large,372.0,376.0,374.0,374.0,Cents Per Dozen
2025-05-01,Large,370.0,374.0,372.0,372.0,Cents Per Dozen
2025-05-01,Medium,331.0,335.0,333.0,329.0,Cents Per Dozen
2025-05-02,Extra Large,372.0,376.0,374.0,374.0,Cents Per Dozen
2025-05-02,Large,370.0,374.0,372.0,372.0,Cents Per Dozen
2025-05-02,Medium,334.0,338.0,336.0,333.0,Cents Per Dozen
2025-05-05,Extra Large,372.0,376.0,374.0,374.0,Cents Per Dozen
2025-05-05,Large,370.0,374.0,372.0,372.0,Cents Per Dozen
2025-05-05,Medium,337.0,341.0,339.0,336.0,Cents Per Dozen
2025-05-06,Extra Large,372.0,376.0,374.0,374.0,Cents Per Dozen
2025-05-06,Large,370.0,374.0,372.0,372.0,Cents Per Dozen
2025-05-06,Medium,339.0,343.0,341.0,339.0,Cents Per Dozen
2025-05-07,Extra Large,372.0,376.0,374.0,374.0,Cents Per Dozen
2025-05-07,Large,370.0,374.0,372.0,372.0,Cents Per Dozen
2025-05-07,Medium,342.0,346.0,344.0,341.0,Cents Per Dozen
2025-05-08,Extra Large,373.0,377.0,375.0,374.0,Cents Per Dozen
2025-05-08,Large,371.0,375.0,373.0,372.0,Cents Per Dozen
2025-05-08,Medium,346.0,350.0,348.0,344.0,Cents Per Dozen
2025-05-09,Extra Large,374.0,378.0,376.0,375.0,Cents Per Dozen
2025-05-09,Large,372.0,376.0,374.0,373.0,Cents Per Dozen
2025-05-09,Medium,350.0,354.0,352.0,348.0,Cents Per Dozen
2025-05-12,Extra Large,375.0,379.0,377.0,376.0,Cents Per Dozen
2025-05-12,Large,373.0,377.0,375.0,374.0,Cents Per Dozen
2025-05-12,Medium,353.0,357.0,355.0,352.0,Cents Per Dozen
2025-05-13,Extra Large,375.0,379.0,377.0,377.0,Cents Per Dozen
2025-05-13,Large,373.0,377.0,375.0,375.0,Cents Per Dozen
2025-05-13,Medium,356.0,360.0,358.0,355.0,Cents Per Dozen
2025-05-14,Extra Large,375.0,379.0,377.0,377.0,Cents Per Dozen
2025-05-14,Large,373.0,377.0,375.0,375.0,Cents Per Dozen
2025-05-14,Medium,356.0,360.0,358.0,358.0,Cents Per Dozen
2025-05-15,Extra Large,375.0,379.0,377.0,377.0,Cents Per Dozen
2025-05-15,Large,373.0,377.0,375.0,375.0,Cents Per Dozen
2025-05-15,Medium,356.0,360.0,358.0,358.0,Cents Per Dozen
2025-05-16,Extra Large,375.0,379.0,377.0,377.0,Cents Per Dozen
2025-05-16,Large,373.0,377.0,375.0,375.0,Cents Per Dozen
2025-05-16,Medium,356.0,360.0,358.0,358.0,Cents Per Dozen
2025-05-19,Extra Large,370.0,374.0,372.0,377.0,Cents Per Dozen
2025-05-19,Large,368.0,372.0,370.0,375.0,Cents Per Dozen
2025-05-19,Medium,351.0,355.0,353.0,358.0,Cents Per Dozen
2025-05-20,Extra Large,364.0,368.0,366.0,372.0,Cents Per Dozen
2025-05-20,Large,362.0,366.0,364.0,370.0,Cents Per Dozen
2025-05-20,Medium,346.0,350.0,348.0,353.0,Cents Per Dozen
2025-05-21,Extra Large,354.0,358.0,356.0,366.0,Cents Per Dozen
2025-05-21,Large,352.0,356.0,354.0,364.0,Cents Per Dozen
2025-05-21,Medium,336.0,340.0,338.0,348.0,Cents Per Dozen
2025-05-22,Extra Large,342.0,346.0,344.0,356.0,Cents Per Dozen
2025-05-22,Large,340.0,344.0,342.0,354.0,Cents Per Dozen
2025-05-22,Medium,324.0,328.0,326.0,338.0,Cents Per Dozen
2025-05-23,Extra Large,330.0,334.0,332.0,344.0,Cents Per Dozen
2025-05-23,Large,328.0,332.0,330.0,342.0,Cents Per Dozen
2025-05-23,Medium,312.0,316.0,314.0,326.0,Cents Per Dozen
2025-05-27,Extra Large,318.0,322.0,320.0,332.0,Cents Per Dozen
2025-05-27,Large,316.0,320.0,318.0,330.0,Cents Per Dozen
2025-05-27,Medium,300.0,304.0,302.0,314.0,Cents Per Dozen
2025-05-28,Extra Large,308.0,312.0,310.0,320.0,Cents Per Dozen
2025-05-28,Large,306.0,310.0,308.0,318.0,Cents Per Dozen
2025-05-28,Medium,290.0,294.0,292.0,302.0,Cents Per Dozen
2025-05-29,Extra Large,300.0,304.0,302.0,310.0,Cents Per Dozen
2025-05-29,Large,298.0,302.0,300.0,308.0,Cents Per Dozen
2025-05-29,Medium,287.0,291.0,289.0,292.0,Cents Per Dozen
2025-05-30,Extra Large,300.0,304.0,302.0,302.0,Cents Per Dozen
2025-05-30,Large,298.0,302.0,300.0,300.0,Cents Per Dozen
2025-05-30,Medium,287.0,291.0,289.0,289.0,Cents Per Dozen
2025-06-02,Extra Large,300.0,304.0,302.0,302.0,Cents Per Dozen
2025-06-02,Large,298.0,302.0,300.0,300.0,Cents Per Dozen
2025-06-02,Medium,287.0,291.0,289.0,289.0,Cents Per Dozen
2025-06-03,Extra Large,300.0,304.0,302.0,302.0,Cents Per Dozen
2025-06-03,Large,298.0,302.0,300.0,300.0,Cents Per Dozen
2025-06-03,Medium,285.0,289.0,287.0,289.0,Cents Per Dozen
2025-06-04,Extra Large,300.0,304.0,302.0,302.0,Cents Per Dozen
2025-06-04,Large,298.0,302.0,300.0,300.0,Cents Per Dozen
2025-06-04,Medium,283.0,287.0,285.0,287.0,Cents Per Dozen
2025-06-05,Extra Large,300.0,304.0,302.0,302.0,Cents Per Dozen
2025-06-05,Large,298.0,302.0,300.0,300.0,Cents Per Dozen
2025-06-05,Medium,281.0,285.0,283.0,285.0,Cents Per Dozen
2025-06-06,Extra Large,300.0,304.0,302.0,302.0,Cents Per Dozen
2025-06-06,Large,298.0,302.0,300.0,300.0,Cents Per Dozen
2025-06-06,Medium,279.0,283.0,281.0,283.0,Cents Per Dozen
2025-06-09,Extra Large,300.0,304.0,302.0,302.0,Cents Per Dozen
2025-06-09,Large,298.0,302.0,300.0,300.0,Cents Per Dozen
2025-06-09,Medium,279.0,283.0,281.0,281.0,Cents Per Dozen
2025-06-10,Extra Large,301.0,305.0,303.0,302.0,Cents Per Dozen
2025-06-10,Large,299.0,303.0,301.0,300.0,Cents Per Dozen
2025-06-10,Medium,279.0,283.0,281.0,281.0,Cents Per Dozen
2025-06-11,Extra Large,302.0,306.0,304.0,303.0,Cents Per Dozen
2025-06-11,Large,300.0,304.0,302.0,301.0,Cents Per Dozen
2025-06-11,Medium,279.0,283.0,281.0,281.0,Cents Per Dozen
2025-06-12,Extra Large,303.0,307.0,305.0,304.0,Cents Per Dozen
2025-06-12,Large,301.0,305.0,303.0,302.0,Cents Per Dozen
2025-06-12,Medium,279.0,283.0,281.0,281.0,Cents Per Dozen
2025-06-13,Extra Large,304.0,308.0,306.0,305.0,Cents Per Dozen
2025-06-13,Large,302.0,306.0,304.0,303.0,Cents Per Dozen
2025-06-13,Medium,279.0,283.0,281.0,281.0,Cents Per Dozen
2025-06-16,Extra Large,306.0,310.0,308.0,306.0,Cents Per Dozen
2025-06-16,Large,304.0,308.0,306.0,304.0,Cents Per Dozen
2025-06-16,Medium,279.0,283.0,281.0,281.0,Cents Per Dozen
2025-06-17,Extra Large,307.0,311.0,309.0,308.0,Cents Per Dozen
2025-06-17,Large,305.0,309.0,307.0,306.0,Cents Per Dozen
2025-06-17,Medium,279.0,283.0,281.0,281.0,Cents Per Dozen
2025-06-18,Extra Large,307.0,311.0,309.0,309.0,Cents Per Dozen
2025-06-18,Large,305.0,309.0,307.0,307.0,Cents Per Dozen
2025-06-18,Medium,279.0,283.0,281.0,281.0,Cents Per Dozen
2025-06-20,Extra Large,307.0,311.0,309.0,309.0,Cents Per Dozen
2025-06-20,Large,305.0,309.0,307.0,307.0,Cents Per Dozen
2025-06-20,Medium,279.0,283.0,281.0,281.0,Cents Per Dozen
2025-06-23,Extra Large,307.0,311.0,309.0,309.0,Cents Per Dozen
2025-06-23,Large,305.0,309.0,307.0,307.0,Cents Per Dozen
2025-06-23,Medium,279.0,283.0,281.0,281.0,Cents Per Dozen
2025-06-24,Extra Large,307.0,311.0,309.0,309.0,Cents Per Dozen
2025-06-24,Large,305.0,309.0,307.0,307.0,Cents Per Dozen
2025-06-24,Medium,277.0,281.0,279.0,281.0,Cents Per Dozen
2025-06-25,Extra Large,307.0,311.0,309.0,309.0,Cents Per Dozen
2025-06-25,Large,305.0,309.0,307.0,307.0,Cents Per Dozen
2025-06-25,Medium,275.0,279.0,277.0,279.0,Cents Per Dozen
2025-06-26,Extra Large,305.0,309.0,307.0,309.0,Cents Per Dozen
2025-06-26,Large,303.0,307.0,305.0,307.0,Cents Per Dozen
2025-06-26,Medium,272.0,276.0,274.0,277.0,Cents Per Dozen
2025-06-27,Extra Large,305.0,309.0,307.0,307.0,Cents Per Dozen
2025-06-27,Large,303.0,307.0,305.0,305.0,Cents Per Dozen
2025-06-27,Medium,270.0,274.0,272.0,274.0,Cents Per Dozen
2025-06-30,Extra Large,305.0,309.0,307.0,307.0,Cents Per Dozen
2025-06-30,Large,303.0,307.0,305.0,305.0,Cents Per Dozen
2025-06-30,Medium,268.0,272.0,270.0,272.0,Cents Per Dozen
2025-07-01,Extra Large,305.0,309.0,307.0,307.0,Cents Per Dozen
2025-07-01,Large,303.0,307.0,305.0,305.0,Cents Per Dozen
2025-07-01,Medium,266.0,270.0,268.0,270.0,Cents Per Dozen
2025-07-02,Extra Large,305.0,309.0,307.0,307.0,Cents Per Dozen
2025-07-02,Large,303.0,307.0,305.0,305.0,Cents Per Dozen
2025-07-02,Medium,262.0,266.0,264.0,268.0,Cents Per Dozen
2025-07-03,Extra Large,305.0,309.0,307.0,307.0,Cents Per Dozen
2025-07-03,Large,303.0,307.0,305.0,305.0,Cents Per Dozen
2025-07-03,Medium,257.0,261.0,259.0,264.0,Cents Per Dozen
2025-07-07,Extra Large,306.0,310.0,308.0,307.0,Cents Per Dozen
2025-07-07,Large,304.0,308.0,306.0,305.0,Cents Per Dozen
2025-07-07,Medium,250.0,254.0,252.0,259.0,Cents Per Dozen
2025-07-08,Extra Large,308.0,312.0,310.0,308.0,Cents Per Dozen
2025-07-08,Large,306.0,310.0,308.0,306.0,Cents Per Dozen
2025-07-08,Medium,243.0,247.0,245.0,252.0,Cents Per Dozen
2025-07-09,Extra Large,312.0,316.0,314.0,310.0,Cents Per Dozen
2025-07-09,Large,310.0,314.0,312.0,308.0,Cents Per Dozen
2025-07-09,Medium,236.0,240.0,238.0,245.0,Cents Per Dozen
2025-07-10,Extra Large,317.0,321.0,319.0,314.0,Cents Per Dozen
2025-07-10,Large,315.0,319.0,317.0,312.0,Cents Per Dozen
2025-07-10,Medium,230.0,234.0,232.0,238.0,Cents Per Dozen
2025-07-11,Extra Large,323.0,327.0,325.0,319.0,Cents Per Dozen
2025-07-11,Large,321.0,325.0,323.0,317.0,Cents Per Dozen
2025-07-11,Medium,224.0,228.0,226.0,232.0,Cents Per Dozen
2025-07-14,Extra Large,329.0,333.0,331.0,325.0,Cents Per Dozen
2025-07-14,Large,327.0,331.0,329.0,323.0,Cents Per Dozen
2025-07-14,Medium,218.0,222.0,220.0,226.0,Cents Per Dozen
2025-07-15,Extra Large,336.0,340.0,338.0,331.0,Cents Per Dozen
2025-07-15,Large,334.0,338.0,336.0,329.0,Cents Per Dozen
2025-07-15,Medium,215.0,219.0,217.0,220.0,Cents Per Dozen
2025-07-16,Extra Large,344.0,348.0,346.0,338.0,Cents Per Dozen
2025-07-16,Large,342.0,346.0,344.0,336.0,Cents Per Dozen
2025-07-16,Medium,212.0,216.0,214.0,217.0,Cents Per Dozen
2025-07-17,Extra Large,351.0,355.0,353.0,346.0,Cents Per Dozen
2025-07-17,Large,349.0,353.0,351.0,344.0,Cents Per Dozen
2025-07-17,Medium,209.0,213.0,211.0,214.0,Cents Per Dozen
2025-07-18,Extra Large,358.0,362.0,360.0,353.0,Cents Per Dozen
2025-07-18,Large,356.0,360.0,358.0,351.0,Cents Per Dozen
2025-07-18,Medium,207.0,211.0,209.0,211.0,Cents Per Dozen
2025-07-21,Extra Large,363.0,367.0,365.0,360.0,Cents Per Dozen
2025-07-21,Large,361.0,365.0,363.0,358.0,Cents Per Dozen
2025-07-21,Medium,205.0,209.0,207.0,209.0,Cents Per Dozen
2025-07-22,Extra Large,368.0,372.0,370.0,365.0,Cents Per Dozen
2025-07-22,Large,366.0,370.0,368.0,363.0,Cents Per Dozen
2025-07-22,Medium,205.0,209.0,207.0,207.0,Cents Per Dozen
2025-07-23,Extra Large,370.0,374.0,372.0,370.0,Cents Per Dozen
2025-07-23,Large,368.0,372.0,370.0,368.0,Cents Per Dozen
2025-07-23,Medium,203.0,207.0,205.0,207.0,Cents Per Dozen
2025-07-24,Extra Large,370.0,374.0,372.0,372.0,Cents Per Dozen
2025-07-24,Large,368.0,372.0,370.0,370.0,Cents Per Dozen
2025-07-24,Medium,203.0,207.0,205.0,205.0,Cents Per Dozen
2025-07-25,Extra Large,370.0,374.0,372.0,372.0,Cents Per Dozen
2025-07-25,Large,368.0,372.0,370.0,370.0,Cents Per Dozen
2025-07-25,Medium,203.0,207.0,205.0,205.0,Cents Per Dozen
2025-07-28,Extra Large,370.0,374.0,372.0,372.0,Cents Per Dozen
2025-07-28,Large,368.0,372.0,370.0,370.0,Cents Per Dozen
2025-07-28,Medium,203.0,207.0,205.0,205.0,Cents Per Dozen
2025-07-29,Extra Large,370.0,374.0,372.0,372.0,Cents Per Dozen
2025-07-29,Large,368.0,372.0,370.0,370.0,Cents Per Dozen
2025-07-29,Medium,203.0,207.0,205.0,205.0,Cents Per Dozen
2025-07-30,Extra Large,367.0,371.0,369.0,372.0,Cents Per Dozen
2025-07-30,Large,365.0,369.0,367.0,370.0,Cents Per Dozen
2025-07-30,Medium,200.0,204.0,202.0,205.0,Cents Per Dozen
2025-07-31,Extra Large,361.0,365.0,363.0,369.0,Cents Per Dozen
2025-07-31,Large,359.0,363.0,361.0,367.0,Cents Per Dozen
2025-07-31,Medium,194.0,198.0,196.0,202.0,Cents Per Dozen
2025-08-01,Extra Large,349.0,353.0,351.0,363.0,Cents Per Dozen
2025-08-01,Large,347.0,351.0,349.0,361.0,Cents Per Dozen
2025-08-01,Medium,182.0,186.0,184.0,196.0,Cents Per Dozen
2025-08-04,Extra Large,334.0,338.0,336.0,351.0,Cents Per Dozen
2025-08-04,Large,332.0,336.0,334.0,349.0,Cents Per Dozen
2025-08-04,Medium,175.0,179.0,177.0,184.0,Cents Per Dozen
2025-08-05,Extra Large,319.0,323.0,321.0,336.0,Cents Per Dozen
2025-08-05,Large,317.0,321.0,319.0,334.0,Cents Per Dozen
2025-08-05,Medium,165.0,169.0,167.0,177.0,Cents Per Dozen
2025-08-06,Extra Large,304.0,308.0,306.0,321.0,Cents Per Dozen
2025-08-06,Large,302.0,306.0,304.0,319.0,Cents Per Dozen
2025-08-06,Medium,155.0,159.0,157.0,167.0,Cents Per Dozen
2025-08-07,Extra Large,289.0,293.0,291.0,306.0,Cents Per Dozen
2025-08-07,Large,287.0,291.0,289.0,304.0,Cents Per Dozen
2025-08-07,Medium,150.0,154.0,152.0,157.0,Cents Per Dozen
2025-08-08,Extra Large,276.0,280.0,278.0,291.0,Cents Per Dozen
2025-08-08,Large,274.0,278.0,276.0,289.0,Cents Per Dozen
2025-08-08,Medium,150.0,154.0,152.0,152.0,Cents Per Dozen
2025-08-11,Extra Large,267.0,271.0,269.0,278.0,Cents Per Dozen
2025-08-11,Large,265.0,269.0,267.0,276.0,Cents Per Dozen
2025-08-11,Medium,150.0,154.0,152.0,152.0,Cents Per Dozen
2025-08-12,Extra Large,264.0,268.0,266.0,269.0,Cents Per Dozen
2025-08-12,Large,262.0,266.0,264.0,267.0,Cents Per Dozen
2025-08-12,Medium,150.0,154.0,152.0,152.0,Cents Per Dozen
2025-08-13,Extra Large,264.0,268.0,266.0,266.0,Cents Per Dozen
2025-08-13,Large,262.0,266.0,264.0,264.0,Cents Per Dozen
2025-08-13,Medium,150.0,154.0,152.0,152.0,Cents Per Dozen
2025-08-14,Extra Large,264.0,268.0,266.0,266.0,Cents Per Dozen
2025-08-14,Large,262.0,266.0,264.0,264.0,Cents Per Dozen
2025-08-14,Medium,150.0,154.0,152.0,152.0,Cents Per Dozen
2025-08-15,Extra Large,264.0,268.0,266.0,266.0,Cents Per Dozen
2025-08-15,Large,262.0,266.0,264.0,264.0,Cents Per Dozen
2025-08-15,Medium,150.0,154.0,152.0,152.0,Cents Per Dozen
2025-08-18,Extra Large,264.0,268.0,266.0,266.0,Cents Per Dozen
2025-08-18,Large,262.0,266.0,264.0,264.0,Cents Per Dozen
2025-08-18,Medium,153.0,157.0,155.0,152.0,Cents Per Dozen
2025-08-19,Extra Large,264.0,268.0,266.0,266.0,Cents Per Dozen
2025-08-19,Large,262.0,266.0,264.0,264.0,Cents Per Dozen
2025-08-19,Medium,158.0,162.0,160.0,155.0,Cents Per Dozen
2025-08-20,Extra Large,262.0,266.0,264.0,266.0,Cents Per Dozen
2025-08-20,Large,260.0,264.0,262.0,264.0,Cents Per Dozen
2025-08-20,Medium,163.0,167.0,165.0,160.0,Cents Per Dozen
2025-08-21,Extra Large,261.0,265.0,263.0,264.0,Cents Per Dozen
2025-08-21,Large,259.0,263.0,261.0,262.0,Cents Per Dozen
2025-08-21,Medium,168.0,172.0,170.0,165.0,Cents Per Dozen
2025-08-22,Extra Large,261.0,265.0,263.0,263.0,Cents Per Dozen
2025-08-22,Large,259.0,263.0,261.0,261.0,Cents Per Dozen
2025-08-22,Medium,171.0,175.0,173.0,170.0,Cents Per Dozen
2025-08-25,Extra Large,261.0,265.0,263.0,263.0,Cents Per Dozen
2025-08-25,Large,259.0,263.0,261.0,261.0,Cents Per Dozen
2025-08-25,Medium,171.0,175.0,173.0,173.0,Cents Per Dozen
2025-08-26,Extra Large,261.0,265.0,263.0,263.0,Cents Per Dozen
2025-08-26,Large,259.0,263.0,261.0,261.0,Cents Per Dozen
2025-08-26,Medium,171.0,175.0,173.0,173.0,Cents Per Dozen
2025-08-27,Extra Large,261.0,265.0,263.0,263.0,Cents Per Dozen
2025-08-27,Large,259.0,263.0,261.0,261.0,Cents Per Dozen
2025-08-27,Medium,171.0,175.0,173.0,173.0,Cents Per Dozen
2025-08-28,Extra Large,261.0,265.0,263.0,263.0,Cents Per Dozen
2025-08-28,Large,259.0,263.0,261.0,261.0,Cents Per Dozen
2025-08-28,Medium,171.0,175.0,173.0,173.0,Cents Per Dozen
2025-08-29,Extra Large,261.0,265.0,263.0,263.0,Cents Per Dozen
2025-08-29,Large,259.0,263.0,261.0,261.0,Cents Per Dozen
2025-08-29,Medium,171.0,175.0,173.0,173.0,Cents Per Dozen
2025-09-02,Extra Large,261.0,265.0,263.0,263.0,Cents Per Dozen
2025-09-02,Large,259.0,263.0,261.0,261.0,Cents Per Dozen
2025-09-02,Medium,171.0,175.0,173.0,173.0,Cents Per Dozen
2025-09-03,Extra Large,261.0,265.0,263.0,263.0,Cents Per Dozen
2025-09-03,Large,259.0,263.0,261.0,261.0,Cents Per Dozen
2025-09-03,Medium,171.0,175.0,173.0,173.0,Cents Per Dozen
2025-09-04,Extra Large,261.0,265.0,263.0,263.0,Cents Per Dozen
2025-09-04,Large,259.0,263.0,261.0,261.0,Cents Per Dozen
2025-09-04,Medium,171.0,175.0,173.0,173.0,Cents Per Dozen
2025-09-05,Extra Large,261.0,265.0,263.0,263.0,Cents Per Dozen
2025-09-05,Large,259.0,263.0,261.0,261.0,Cents Per Dozen
2025-09-05,Medium,171.0,175.0,173.0,173.0,Cents Per Dozen
2025-09-08,Extra Large,261.0,265.0,263.0,263.0,Cents Per Dozen
2025-09-08,Large,259.0,263.0,261.0,261.0,Cents Per Dozen
2025-09-08,Medium,171.0,175.0,173.0,173.0,Cents Per Dozen
2025-09-09,Extra Large,261.0,265.0,263.0,263.0,Cents Per Dozen
2025-09-09,Large,259.0,263.0,261.0,261.0,Cents Per Dozen
2025-09-09,Medium,171.0,175.0,173.0,173.0,Cents Per Dozen
2025-09-10,Extra Large,261.0,265.0,263.0,263.0,Cents Per Dozen
2025-09-10,Large,259.0,263.0,261.0,261.0,Cents Per Dozen
2025-09-10,Medium,171.0,175.0,173.0,173.0,Cents Per Dozen
2025-09-11,Extra Large,261.0,265.0,263.0,263.0,Cents Per Dozen
2025-09-11,Large,259.0,263.0,261.0,261.0,Cents Per Dozen
2025-09-11,Medium,171.0,175.0,173.0,173.0,Cents Per Dozen
2025-09-12,Extra Large,261.0,265.0,263.0,263.0,Cents Per Dozen
2025-09-12,Large,259.0,263.0,261.0,261.0,Cents Per Dozen
2025-09-12,Medium,171.0,175.0,173.0,173.0,Cents Per Dozen
2025-09-15,Extra Large,261.0,265.0,263.0,263.0,Cents Per Dozen
2025-09-15,Large,259.0,263.0,261.0,261.0,Cents Per Dozen
2025-09-15,Medium,171.0,175.0,173.0,173.0,Cents Per Dozen
2025-09-16,Extra Large,258.0,262.0,260.0,263.0,Cents Per Dozen
2025-09-16,Large,256.0,260.0,258.0,261.0,Cents Per Dozen
2025-09-16,Medium,169.0,173.0,171.0,173.0,Cents Per Dozen
2025-09-17,Extra Large,252.0,256.0,254.0,260.0,Cents Per Dozen
2025-09-17,Large,250.0,254.0,252.0,258.0,Cents Per Dozen
2025-09-17,Medium,167.0,171.0,169.0,171.0,Cents Per Dozen
2025-09-18,Extra Large,244.0,248.0,246.0,254.0,Cents Per Dozen
2025-09-18,Large,242.0,246.0,244.0,252.0,Cents Per Dozen
2025-09-18,Medium,167.0,171.0,169.0,169.0,Cents Per Dozen
2025-09-19,Extra Large,229.0,233.0,231.0,246.0,Cents Per Dozen
2025-09-19,Large,227.0,231.0,229.0,244.0,Cents Per Dozen
2025-09-19,Medium,167.0,171.0,169.0,169.0,Cents Per Dozen
2025-09-22,Extra Large,214.0,218.0,216.0,231.0,Cents Per Dozen
2025-09-22,Large,212.0,216.0,214.0,229.0,Cents Per Dozen
2025-09-22,Medium,167.0,171.0,169.0,169.0,Cents Per Dozen
2025-09-23,Extra Large,199.0,203.0,201.0,216.0,Cents Per Dozen
2025-09-23,Large,197.0,201.0,199.0,214.0,Cents Per Dozen
2025-09-23,Medium,165.0,169.0,167.0,169.0,Cents Per Dozen
2025-09-24,Extra Large,184.0,188.0,186.0,201.0,Cents Per Dozen
2025-09-24,Large,182.0,186.0,184.0,199.0,Cents Per Dozen
2025-09-24,Medium,157.0,161.0,159.0,167.0,Cents Per Dozen
2025-09-25,Extra Large,174.0,178.0,176.0,186.0,Cents Per Dozen
2025-09-25,Large,172.0,176.0,174.0,184.0,Cents Per Dozen
2025-09-25,Medium,152.0,156.0,154.0,159.0,Cents Per Dozen
2025-09-26,Extra Large,166.0,170.0,168.0,176.0,Cents Per Dozen
2025-09-26,Large,164.0,168.0,166.0,174.0,Cents Per Dozen
2025-09-26,Medium,150.0,154.0,152.0,154.0,Cents Per Dozen
2025-09-29,Extra Large,162.0,166.0,164.0,168.0,Cents Per Dozen
2025-09-29,Large,160.0,164.0,162.0,166.0,Cents Per Dozen
2025-09-29,Medium,150.0,154.0,152.0,152.0,Cents Per Dozen
2025-09-30,Extra Large,160.0,164.0,162.0,164.0,Cents Per Dozen
2025-09-30,Large,158.0,162.0,160.0,162.0,Cents Per Dozen
2025-09-30,Medium,150.0,154.0,152.0,152.0,Cents Per Dozen
2025-10-01,Extra Large,158.0,162.0,160.0,162.0,Cents Per Dozen
2025-10-01,Large,156.0,160.0,158.0,160.0,Cents Per Dozen
2025-10-01,Medium,148.0,152.0,150.0,152.0,Cents Per Dozen
2025-10-02,Extra Large,157.0,161.0,159.0,160.0,Cents Per Dozen
2025-10-02,Large,155.0,159.0,157.0,158.0,Cents Per Dozen
2025-10-02,Medium,147.0,151.0,149.0,150.0,Cents Per Dozen
2025-10-03,Extra Large,157.0,161.0,159.0,159.0,Cents Per Dozen
2025-10-03,Large,155.0,159.0,157.0,157.0,Cents Per Dozen
2025-10-03,Medium,147.0,151.0,149.0,149.0,Cents Per Dozen
2025-10-06,Extra Large,157.0,161.0,159.0,159.0,Cents Per Dozen
2025-10-06,Large,155.0,159.0,157.0,157.0,Cents Per Dozen
2025-10-06,Medium,147.0,151.0,149.0,149.0,Cents Per Dozen
2025-10-07,Extra Large,157.0,161.0,159.0,159.0,Cents Per Dozen
2025-10-07,Large,155.0,159.0,157.0,157.0,Cents Per Dozen
2025-10-07,Medium,147.0,151.0,149.0,149.0,Cents Per Dozen
2025-10-08,Extra Large,157.0,161.0,159.0,159.0,Cents Per Dozen
2025-10-08,Large,155.0,159.0,157.0,157.0,Cents Per Dozen
2025-10-08,Medium,147.0,151.0,149.0,149.0,Cents Per Dozen
2025-10-09,Extra Large,157.0,161.0,159.0,159.0,Cents Per Dozen
2025-10-09,Large,155.0,159.0,157.0,157.0,Cents Per Dozen
2025-10-09,Medium,147.0,151.0,149.0,149.0,Cents Per Dozen
2025-10-10,Extra Large,157.0,161.0,159.0,159.0,Cents Per Dozen
2025-10-10,Large,155.0,159.0,157.0,157.0,Cents Per Dozen
2025-10-10,Medium,147.0,151.0,149.0,149.0,Cents Per Dozen
2025-10-14,Extra Large,157.0,161.0,159.0,159.0,Cents Per Dozen
2025-10-14,Large,155.0,159.0,157.0,157.0,Cents Per Dozen
2025-10-14,Medium,147.0,151.0,149.0,149.0,Cents Per Dozen
2025-10-15,Extra Large,157.0,161.0,159.0,159.0,Cents Per Dozen
2025-10-15,Large,155.0,159.0,157.0,157.0,Cents Per Dozen
2025-10-15,Medium,147.0,151.0,149.0,149.0,Cents Per Dozen
2025-10-16,Extra Large,157.0,161.0,159.0,159.0,Cents Per Dozen
2025-10-16,Large,155.0,159.0,157.0,157.0,Cents Per Dozen
2025-10-16,Medium,147.0,151.0,149.0,149.0,Cents Per Dozen
2025-10-17,Extra Large,157.0,161.0,159.0,159.0,Cents Per Dozen
2025-10-17,Large,155.0,159.0,157.0,157.0,Cents Per Dozen
2025-10-17,Medium,147.0,151.0,149.0,149.0,Cents Per Dozen
2025-10-20,Extra Large,157.0,161.0,159.0,159.0,Cents Per Dozen
2025-10-20,Large,155.0,159.0,157.0,157.0,Cents Per Dozen
2025-10-20,Medium,147.0,151.0,149.0,149.0,Cents Per Dozen
2025-10-21,Extra Large,158.0,162.0,160.0,159.0,Cents Per Dozen
2025-10-21,Large,156.0,160.0,158.0,157.0,Cents Per Dozen
2025-10-21,Medium,148.0,152.0,150.0,149.0,Cents Per Dozen
2025-10-22,Extra Large,160.0,164.0,162.0,160.0,Cents Per Dozen
2025-10-22,Large,158.0,162.0,160.0,158.0,Cents Per Dozen
2025-10-22,Medium,149.0,153.0,151.0,150.0,Cents Per Dozen
2025-10-23,Extra Large,164.0,168.0,166.0,162.0,Cents Per Dozen
2025-10-23,Large,162.0,166.0,164.0,160.0,Cents Per Dozen
2025-10-23,Medium,152.0,156.0,154.0,151.0,Cents Per Dozen
2025-10-24,Extra Large,168.0,172.0,170.0,166.0,Cents Per Dozen
2025-10-24,Large,166.0,170.0,168.0,164.0,Cents Per Dozen
2025-10-24,Medium,155.0,159.0,157.0,154.0,Cents Per Dozen
2025-10-27,Extra Large,172.0,176.0,174.0,170.0,Cents Per Dozen
2025-10-27,Large,170.0,174.0,172.0,168.0,Cents Per Dozen
2025-10-27,Medium,158.0,162.0,160.0,157.0,Cents Per Dozen
2025-10-28,Extra Large,176.0,180.0,178.0,174.0,Cents Per Dozen
2025-10-28,Large,174.0,178.0,176.0,172.0,Cents Per Dozen
2025-10-28,Medium,161.0,165.0,163.0,160.0,Cents Per Dozen
2025-10-29,Extra Large,181.0,185.0,183.0,178.0,Cents Per Dozen
2025-10-29,Large,179.0,183.0,181.0,176.0,Cents Per Dozen
2025-10-29,Medium,164.0,168.0,166.0,163.0,Cents Per Dozen
2025-10-30,Extra Large,186.0,190.0,188.0,183.0,Cents Per Dozen
2025-10-30,Large,184.0,188.0,186.0,181.0,Cents Per Dozen
2025-10-30,Medium,167.0,171.0,169.0,166.0,Cents Per Dozen
2025-10-31,Extra Large,191.0,195.0,193.0,188.0,Cents Per Dozen
2025-10-31,Large,189.0,193.0,191.0,186.0,Cents Per Dozen
2025-10-31,Medium,170.0,174.0,172.0,169.0,Cents Per Dozen
2025-11-03,Extra Large,195.0,199.0,197.0,193.0,Cents Per Dozen
2025-11-03,Large,193.0,197.0,195.0,191.0,Cents Per Dozen
2025-11-03,Medium,172.0,176.0,174.0,172.0,Cents Per Dozen
2025-11-04,Extra Large,200.0,204.0,202.0,197.0,Cents Per Dozen
2025-11-04,Large,198.0,202.0,200.0,195.0,Cents Per Dozen
2025-11-04,Medium,175.0,179.0,177.0,174.0,Cents Per Dozen
2025-11-05,Extra Large,205.0,209.0,207.0,202.0,Cents Per Dozen
2025-11-05,Large,203.0,207.0,205.0,200.0,Cents Per Dozen
2025-11-05,Medium,179.0,183.0,181.0,177.0,Cents Per Dozen
2025-11-06,Extra Large,212.0,216.0,214.0,207.0,Cents Per Dozen
2025-11-06,Large,210.0,214.0,212.0,205.0,Cents Per Dozen
2025-11-06,Medium,184.0,188.0,186.0,181.0,Cents Per Dozen
2025-11-07,Extra Large,219.0,223.0,221.0,214.0,Cents Per Dozen
2025-11-07,Large,217.0,221.0,219.0,212.0,Cents Per Dozen
2025-11-07,Medium,188.0,192.0,190.0,186.0,Cents Per Dozen
2025-11-10,Extra Large,226.0,230.0,228.0,221.0,Cents Per Dozen
2025-11-10,Large,224.0,228.0,226.0,219.0,Cents Per Dozen
2025-11-10,Medium,192.0,196.0,194.0,190.0,Cents Per Dozen
2025-11-12,Extra Large,231.0,235.0,233.0,228.0,Cents Per Dozen
2025-11-12,Large,229.0,233.0,231.0,226.0,Cents Per Dozen
2025-11-12,Medium,194.0,198.0,196.0,194.0,Cents Per Dozen
2025-11-13,Extra Large,236.0,240.0,238.0,233.0,Cents Per Dozen
2025-11-13,Large,234.0,238.0,236.0,231.0,Cents Per Dozen
2025-11-13,Medium,197.0,201.0,199.0,196.0,Cents Per Dozen
2025-11-14,Extra Large,241.0,245.0,243.0,238.0,Cents Per Dozen
2025-11-14,Large,239.0,243.0,241.0,236.0,Cents Per Dozen
2025-11-14,Medium,199.0,203.0,201.0,199.0,Cents Per Dozen
2025-11-17,Extra Large,246.0,250.0,248.0,243.0,Cents Per Dozen
2025-11-17,Large,244.0,248.0,246.0,241.0,Cents Per Dozen
2025-11-17,Medium,200.0,204.0,202.0,201.0,Cents Per Dozen
2025-11-18,Extra Large,250.0,254.0,252.0,248.0,Cents Per Dozen
2025-11-18,Large,248.0,252.0,250.0,246.0,Cents Per Dozen
2025-11-18,Medium,200.0,204.0,202.0,202.0,Cents Per Dozen
2025-11-19,Extra Large,253.0,257.0,255.0,252.0,Cents Per Dozen
2025-11-19,Large,251.0,255.0,253.0,250.0,Cents Per Dozen
2025-11-19,Medium,200.0,204.0,202.0,202.0,Cents Per Dozen
2025-11-20,Extra Large,255.0,259.0,257.0,255.0,Cents Per Dozen
2025-11-20,Large,253.0,257.0,255.0,253.0,Cents Per Dozen
2025-11-20,Medium,200.0,204.0,202.0,202.0,Cents Per Dozen
2025-11-21,Extra Large,256.0,260.0,258.0,257.0,Cents Per Dozen
2025-11-21,Large,254.0,258.0,256.0,255.0,Cents Per Dozen
2025-11-21,Medium,200.0,204.0,202.0,202.0,Cents Per Dozen
2025-11-24,Extra Large,256.0,260.0,258.0,258.0,Cents Per Dozen
2025-11-24,Large,254.0,258.0,256.0,256.0,Cents Per Dozen
2025-11-24,Medium,200.0,204.0,202.0,202.0,Cents Per Dozen
2025-11-25,Extra Large,256.0,260.0,258.0,258.0,Cents Per Dozen
2025-11-25,Large,254.0,258.0,256.0,256.0,Cents Per Dozen
2025-11-25,Medium,197.0,201.0,199.0,202.0,Cents Per Dozen
2025-11-26,Extra Large,256.0,260.0,258.0,258.0,Cents Per Dozen
2025-11-26,Large,254.0,258.0,256.0,256.0,Cents Per Dozen
2025-11-26,Medium,192.0,196.0,194.0,199.0,Cents Per Dozen
2025-11-28,Extra Large,256.0,260.0,258.0,258.0,Cents Per Dozen
2025-11-28,Large,254.0,258.0,256.0,256.0,Cents Per Dozen
2025-11-28,Medium,192.0,196.0,194.0,194.0,Cents Per Dozen
2025-12-01,Extra Large,256.0,260.0,258.0,258.0,Cents Per Dozen
2025-12-01,Large,254.0,258.0,256.0,256.0,Cents Per Dozen
2025-12-01,Medium,187.0,191.0,189.0,194.0,Cents Per Dozen
2025-12-02,Extra Large,253.0,257.0,255.0,258.0,Cents Per Dozen
2025-12-02,Large,251.0,255.0,253.0,256.0,Cents Per Dozen
2025-12-02,Medium,182.0,186.0,184.0,189.0,Cents Per Dozen
2025-12-03,Extra Large,248.0,252.0,250.0,255.0,Cents Per Dozen
2025-12-03,Large,246.0,250.0,248.0,253.0,Cents Per Dozen
2025-12-03,Medium,177.0,181.0,179.0,184.0,Cents Per Dozen
2025-12-04,Extra Large,243.0,247.0,245.0,250.0,Cents Per Dozen
2025-12-04,Large,241.0,245.0,243.0,248.0,Cents Per Dozen
2025-12-04,Medium,172.0,176.0,174.0,179.0,Cents Per Dozen
2025-12-05,Extra Large,238.0,242.0,240.0,245.0,Cents Per Dozen
2025-12-05,Large,236.0,240.0,238.0,243.0,Cents Per Dozen
2025-12-05,Medium,166.0,170.0,168.0,174.0,Cents Per Dozen
2025-12-08,Extra Large,233.0,237.0,235.0,240.0,Cents Per Dozen
2025-12-08,Large,231.0,235.0,233.0,238.0,Cents Per Dozen
2025-12-08,Medium,162.0,166.0,164.0,168.0,Cents Per Dozen
2025-12-09,Extra Large,225.0,229.0,227.0,235.0,Cents Per Dozen
2025-12-09,Large,223.0,227.0,225.0,233.0,Cents Per Dozen
2025-12-09,Medium,159.0,163.0,161.0,164.0,Cents Per Dozen
2025-12-10,Extra Large,215.0,219.0,217.0,227.0,Cents Per Dozen
2025-12-10,Large,213.0,217.0,215.0,225.0,Cents Per Dozen
2025-12-10,Medium,154.0,158.0,156.0,161.0,Cents Per Dozen
2025-12-11,Extra Large,200.0,204.0,202.0,217.0,Cents Per Dozen
2025-12-11,Large,198.0,202.0,200.0,215.0,Cents Per Dozen
2025-12-11,Medium,146.0,150.0,148.0,156.0,Cents Per Dozen
2025-12-12,Extra Large,185.0,189.0,187.0,202.0,Cents Per Dozen
2025-12-12,Large,183.0,187.0,185.0,200.0,Cents Per Dozen
2025-12-12,Medium,139.0,143.0,141.0,148.0,Cents Per Dozen
2025-12-15,Extra Large,170.0,174.0,172.0,187.0,Cents Per Dozen
2025-12-15,Large,168.0,172.0,170.0,185.0,Cents Per Dozen
2025-12-15,Medium,130.0,134.0,132.0,141.0,Cents Per Dozen
2025-12-16,Extra Large,158.0,162.0,160.0,172.0,Cents Per Dozen
2025-12-16,Large,156.0,160.0,158.0,170.0,Cents Per Dozen
2025-12-16,Medium,120.0,124.0,122.0,132.0,Cents Per Dozen
2025-12-17,Extra Large,149.0,153.0,151.0,160.0,Cents Per Dozen
2025-12-17,Large,147.0,151.0,149.0,158.0,Cents Per Dozen
2025-12-17,Medium,111.0,115.0,113.0,122.0,Cents Per Dozen
2025-12-18,Extra Large,144.0,148.0,146.0,151.0,Cents Per Dozen
2025-12-18,Large,142.0,146.0,144.0,149.0,Cents Per Dozen
2025-12-18,Medium,107.0,111.0,109.0,113.0,Cents Per Dozen
2025-12-19,Extra Large,139.0,143.0,141.0,146.0,Cents Per Dozen
2025-12-19,Large,137.0,141.0,139.0,144.0,Cents Per Dozen
2025-12-19,Medium,104.0,108.0,106.0,109.0,Cents Per Dozen
2025-12-22,Extra Large,134.0,138.0,136.0,141.0,Cents Per Dozen
2025-12-22,Large,132.0,136.0,134.0,139.0,Cents Per Dozen
2025-12-22,Medium,99.0,103.0,101.0,106.0,Cents Per Dozen
2025-12-23,Extra Large,128.0,132.0,130.0,136.0,Cents Per Dozen
2025-12-23,Large,126.0,130.0,128.0,134.0,Cents Per Dozen
2025-12-23,Medium,91.0,95.0,93.0,101.0,Cents Per Dozen
2025-12-24,Extra Large,122.0,126.0,124.0,130.0,Cents Per Dozen
2025-12-24,Large,120.0,124.0,122.0,128.0,Cents Per Dozen
2025-12-24,Medium,84.0,88.0,86.0,93.0,Cents Per Dozen
2025-12-26,Extra Large,117.0,121.0,119.0,124.0,Cents Per Dozen
2025-12-26,Large,115.0,119.0,117.0,122.0,Cents Per Dozen
2025-12-26,Medium,77.0,81.0,79.0,86.0,Cents Per Dozen
2025-12-29,Extra Large,112.0,116.0,114.0,119.0,Cents Per Dozen
2025-12-29,Large,110.0,114.0,112.0,117.0,Cents Per Dozen
2025-12-29,Medium,70.0,74.0,72.0,79.0,Cents Per Dozen
2025-12-30,Extra Large,108.0,112.0,110.0,114.0,Cents Per Dozen
2025-12-30,Large,106.0,110.0,108.0,112.0,Cents Per Dozen
2025-12-30,Medium,66.0,70.0,68.0,72.0,Cents Per Dozen
2025-12-31,Extra Large,104.0,108.0,106.0,110.0,Cents Per Dozen
2025-12-31,Large,102.0,106.0,104.0,108.0,Cents Per Dozen
2025-12-31,Medium,61.0,65.0,63.0,68.0,Cents Per Dozen
2026-01-02,Extra Large,100.0,104.0,102.0,106.0,Cents Per Dozen
2026-01-02,Large,98.0,102.0,100.0,104.0,Cents Per Dozen
2026-01-02,Medium,58.0,62.0,60.0,63.0,Cents Per Dozen
2026-01-05,Extra Large,96.0,100.0,98.0,102.0,Cents Per Dozen
2026-01-05,Large,94.0,98.0,96.0,100.0,Cents Per Dozen
2026-01-05,Medium,55.0,59.0,57.0,60.0,Cents Per Dozen
2026-01-06,Extra Large,92.0,96.0,94.0,98.0,Cents Per Dozen
2026-01-06,Large,90.0,94.0,92.0,96.0,Cents Per Dozen
2026-01-06,Medium,52.0,56.0,54.0,57.0,Cents Per Dozen
2026-01-07,Extra Large,85.0,89.0,87.0,94.0,Cents Per Dozen
2026-01-07,Large,83.0,87.0,85.0,92.0,Cents Per Dozen
2026-01-07,Medium,49.0,53.0,51.0,54.0,Cents Per Dozen
2026-01-08,Extra Large,80.0,84.0,82.0,87.0,Cents Per Dozen
2026-01-08,Large,78.0,82.0,80.0,85.0,Cents Per Dozen
2026-01-08,Medium,49.0,53.0,51.0,51.0,Cents Per Dozen
2026-01-09,Extra Large,74.0,78.0,76.0,82.0,Cents Per Dozen
2026-01-09,Large,72.0,76.0,74.0,80.0,Cents Per Dozen
2026-01-09,Medium,49.0,53.0,51.0,51.0,Cents Per Dozen
2026-01-12,Extra Large,72.0,76.0,74.0,76.0,Cents Per Dozen
2026-01-12,Large,70.0,74.0,72.0,74.0,Cents Per Dozen
2026-01-12,Medium,49.0,53.0,51.0,51.0,Cents Per Dozen
2026-01-13,Extra Large,72.0,76.0,74.0,74.0,Cents Per Dozen
2026-01-13,Large,70.0,74.0,72.0,72.0,Cents Per Dozen
2026-01-13,Medium,49.0,53.0,51.0,51.0,Cents Per Dozen
2026-01-14,Extra Large,72.0,76.0,74.0,74.0,Cents Per Dozen
2026-01-14,Large,70.0,74.0,72.0,72.0,Cents Per Dozen
2026-01-14,Medium,49.0,53.0,51.0,51.0,Cents Per Dozen
2026-01-15,Extra Large,72.0,76.0,74.0,74.0,Cents Per Dozen
2026-01-15,Large,70.0,74.0,72.0,72.0,Cents Per Dozen
2026-01-15,Medium,49.0,53.0,51.0,51.0,Cents Per Dozen
2026-01-16,Extra Large,74.0,78.0,76.0,74.0,Cents Per Dozen
2026-01-16,Large,72.0,76.0,74.0,72.0,Cents Per Dozen
2026-01-16,Medium,51.0,55.0,53.0,51.0,Cents Per Dozen
2026-01-20,Extra Large,81.0,85.0,83.0,76.0,Cents Per Dozen
2026-01-20,Large,79.0,83.0,81.0,74.0,Cents Per Dozen
2026-01-20,Medium,61.0,65.0,63.0,53.0,Cents Per Dozen
2026-01-21,Extra Large,89.0,93.0,91.0,83.0,Cents Per Dozen
2026-01-21,Large,87.0,91.0,89.0,81.0,Cents Per Dozen
2026-01-21,Medium,68.0,72.0,70.0,63.0,Cents Per Dozen
2026-01-22,Extra Large,99.0,103.0,101.0,91.0,Cents Per Dozen
2026-01-22,Large,97.0,101.0,99.0,89.0,Cents Per Dozen
2026-01-22,Medium,75.0,79.0,77.0,70.0,Cents Per Dozen
2026-01-23,Extra Large,109.0,113.0,111.0,101.0,Cents Per Dozen
2026-01-23,Large,107.0,111.0,109.0,99.0,Cents Per Dozen
2026-01-23,Medium,85.0,89.0,87.0,77.0,Cents Per Dozen
2026-01-26,Extra Large,119.0,123.0,121.0,111.0,Cents Per Dozen
2026-01-26,Large,117.0,121.0,119.0,109.0,Cents Per Dozen
2026-01-26,Medium,95.0,99.0,97.0,87.0,Cents Per Dozen
2026-01-27,Extra Large,128.0,132.0,130.0,121.0,Cents Per Dozen
2026-01-27,Large,126.0,130.0,128.0,119.0,Cents Per Dozen
2026-01-27,Medium,104.0,108.0,106.0,97.0,Cents Per Dozen
2026-01-28,Extra Large,136.0,140.0,138.0,130.0,Cents Per Dozen
2026-01-28,Large,134.0,138.0,136.0,128.0,Cents Per Dozen
2026-01-28,Medium,108.0,112.0,110.0,106.0,Cents Per Dozen
2026-01-29,Extra Large,144.0,148.0,146.0,138.0,Cents Per Dozen
2026-01-29,Large,142.0,146.0,144.0,136.0,Cents Per Dozen
2026-01-29,Medium,112.0,116.0,114.0,110.0,Cents Per Dozen
2026-01-30,Extra Large,150.0,154.0,152.0,146.0,Cents Per Dozen
2026-01-30,Large,148.0,152.0,150.0,144.0,Cents Per Dozen
2026-01-30,Medium,114.0,118.0,116.0,114.0,Cents Per Dozen
2026-02-02,Extra Large,154.0,158.0,156.0,152.0,Cents Per Dozen
2026-02-02,Large,152.0,156.0,154.0,150.0,Cents Per Dozen
2026-02-02,Medium,117.0,121.0,119.0,116.0,Cents Per Dozen
2026-02-03,Extra Large,157.0,161.0,159.0,156.0,Cents Per Dozen
2026-02-03,Large,155.0,159.0,157.0,154.0,Cents Per Dozen
2026-02-03,Medium,117.0,121.0,119.0,119.0,Cents Per Dozen
2026-02-04,Extra Large,158.0,162.0,160.0,159.0,Cents Per Dozen
2026-02-04,Large,156.0,160.0,158.0,157.0,Cents Per Dozen
2026-02-04,Medium,118.0,122.0,120.0,119.0,Cents Per Dozen
2026-02-05,Extra Large,158.0,162.0,160.0,160.0,Cents Per Dozen
2026-02-05,Large,156.0,160.0,158.0,158.0,Cents Per Dozen
2026-02-05,Medium,118.0,122.0,120.0,120.0,Cents Per Dozen
2026-02-06,Extra Large,158.0,162.0,160.0,160.0,Cents Per Dozen
2026-02-06,Large,156.0,160.0,158.0,158.0,Cents Per Dozen
2026-02-06,Medium,118.0,122.0,120.0,120.0,Cents Per Dozen
2026-02-09,Extra Large,158.0,162.0,160.0,160.0,Cents Per Dozen
2026-02-09,Large,156.0,160.0,158.0,158.0,Cents Per Dozen
2026-02-09,Medium,118.0,122.0,120.0,120.0,Cents Per Dozen
2026-02-10,Extra Large,154.0,158.0,156.0,160.0,Cents Per Dozen
2026-02-10,Large,152.0,156.0,154.0,158.0,Cents Per Dozen
2026-02-10,Medium,115.0,119.0,117.0,120.0,Cents Per Dozen
2026-02-11,Extra Large,146.0,150.0,148.0,156.0,Cents Per Dozen
2026-02-11,Large,144.0,148.0,146.0,154.0,Cents Per Dozen
2026-02-11,Medium,108.0,112.0,110.0,117.0,Cents Per Dozen
2026-02-12,Extra Large,133.0,137.0,135.0,148.0,Cents Per Dozen
2026-02-12,Large,131.0,135.0,133.0,146.0,Cents Per Dozen
2026-02-12,Medium,96.0,100.0,98.0,110.0,Cents Per Dozen
2026-02-13,Extra Large,121.0,125.0,123.0,135.0,Cents Per Dozen
2026-02-13,Large,119.0,123.0,121.0,133.0,Cents Per Dozen
2026-02-13,Medium,85.0,89.0,87.0,98.0,Cents Per Dozen
2026-02-17,Extra Large,113.0,117.0,115.0,123.0,Cents Per Dozen
2026-02-17,Large,111.0,115.0,113.0,121.0,Cents Per Dozen
2026-02-17,Medium,82.0,86.0,84.0,87.0,Cents Per Dozen
2026-02-18,Extra Large,107.0,111.0,109.0,115.0,Cents Per Dozen
2026-02-18,Large,105.0,109.0,107.0,113.0,Cents Per Dozen
2026-02-18,Medium,82.0,86.0,84.0,84.0,Cents Per Dozen
2026-02-19,Extra Large,102.0,106.0,104.0,109.0,Cents Per Dozen
2026-02-19,Large,100.0,104.0,102.0,107.0,Cents Per Dozen
2026-02-19,Medium,82.0,86.0,84.0,84.0,Cents Per Dozen
2026-02-20,Extra Large,98.0,102.0,100.0,104.0,Cents Per Dozen
2026-02-20,Large,96.0,100.0,98.0,102.0,Cents Per Dozen
2026-02-20,Medium,80.0,84.0,82.0,84.0,Cents Per Dozen
2026-02-23,Extra Large,94.0,98.0,96.0,100.0,Cents Per Dozen
2026-02-23,Large,92.0,96.0,94.0,98.0,Cents Per Dozen
2026-02-23,Medium,78.0,82.0,80.0,82.0,Cents Per Dozen
2026-02-24,Extra Large,90.0,94.0,92.0,96.0,Cents Per Dozen
2026-02-24,Large,88.0,92.0,90.0,94.0,Cents Per Dozen
2026-02-24,Medium,78.0,82.0,80.0,80.0,Cents Per Dozen
2026-02-25,Extra Large,86.0,90.0,88.0,92.0,Cents Per Dozen
2026-02-25,Large,84.0,88.0,86.0,90.0,Cents Per Dozen
2026-02-25,Medium,78.0,82.0,80.0,80.0,Cents Per Dozen
2026-02-26,Extra Large,81.0,85.0,83.0,88.0,Cents Per Dozen
2026-02-26,Large,79.0,83.0,81.0,86.0,Cents Per Dozen
2026-02-26,Medium,74.0,78.0,76.0,80.0,Cents Per Dozen
2026-02-27,Extra Large,81.0,85.0,83.0,83.0,Cents Per Dozen
2026-02-27,Large,79.0,83.0,81.0,81.0,Cents Per Dozen
2026-02-27,Medium,74.0,78.0,76.0,76.0,Cents Per Dozen
2026-03-02,Extra Large,85.0,89.0,87.0,83.0,Cents Per Dozen
2026-03-02,Large,83.0,87.0,85.0,81.0,Cents Per Dozen
2026-03-02,Medium,74.0,78.0,76.0,76.0,Cents Per Dozen
2026-03-03,Extra Large,94.0,98.0,96.0,87.0,Cents Per Dozen
2026-03-03,Large,92.0,96.0,94.0,85.0,Cents Per Dozen
2026-03-03,Medium,79.0,83.0,81.0,76.0,Cents Per Dozen
2026-03-04,Extra Large,106.0,110.0,108.0,96.0,Cents Per Dozen
2026-03-04,Large,104.0,108.0,106.0,94.0,Cents Per Dozen
2026-03-04,Medium,85.0,89.0,87.0,81.0,Cents Per Dozen
2026-03-05,Extra Large,118.0,122.0,120.0,108.0,Cents Per Dozen
2026-03-05,Large,116.0,120.0,118.0,106.0,Cents Per Dozen
2026-03-05,Medium,90.0,94.0,92.0,87.0,Cents Per Dozen
2026-03-06,Extra Large,128.0,132.0,130.0,120.0,Cents Per Dozen
2026-03-06,Large,126.0,130.0,128.0,118.0,Cents Per Dozen
2026-03-06,Medium,95.0,99.0,97.0,92.0,Cents Per Dozen
2026-03-09,Extra Large,138.0,142.0,140.0,130.0,Cents Per Dozen
2026-03-09,Large,136.0,140.0,138.0,128.0,Cents Per Dozen
2026-03-09,Medium,97.0,101.0,99.0,97.0,Cents Per Dozen
2026-03-10,Extra Large,151.0,155.0,153.0,140.0,Cents Per Dozen
2026-03-10,Large,149.0,153.0,151.0,138.0,Cents Per Dozen
2026-03-10,Medium,98.0,102.0,100.0,99.0,Cents Per Dozen
2026-03-11,Extra Large,165.0,169.0,167.0,153.0,Cents Per Dozen
2026-03-11,Large,163.0,167.0,165.0,151.0,Cents Per Dozen
2026-03-11,Medium,100.0,104.0,102.0,100.0,Cents Per Dozen
2026-03-12,Extra Large,177.0,181.0,179.0,167.0,Cents Per Dozen
2026-03-12,Large,175.0,179.0,177.0,165.0,Cents Per Dozen
2026-03-12,Medium,101.0,105.0,103.0,102.0,Cents Per Dozen
2026-03-13,Extra Large,186.0,190.0,188.0,179.0,Cents Per Dozen
2026-03-13,Large,184.0,188.0,186.0,177.0,Cents Per Dozen
2026-03-13,Medium,104.0,108.0,106.0,103.0,Cents Per Dozen
