report_date,region,class,price_low,price_high,avg_price,avg_price_prev,price_unit
2025-01-27,Midwest,Extra Large,746.0,754.0,750.0,,Cents Per Dozen
2025-01-27,Midwest,Extra Large,739.0,748.0,743.5,,Cents Per Dozen
2025-01-27,Midwest,Large,744.0,752.0,748.0,,Cents Per Dozen
2025-01-27,Midwest,Large,720.0,730.0,725.0,,Cents Per Dozen
2025-01-27,Midwest,Large,738.0,747.0,742.5,,Cents Per Dozen
2025-01-27,Midwest,Medium,639.0,647.0,643.0,,Cents Per Dozen
2025-01-27,Midwest,Medium,615.0,619.0,617.0,,Cents Per Dozen
2025-01-27,Midwest,Medium,633.0,642.0,637.5,,Cents Per Dozen
2025-01-27,Midwest,Small,254.0,260.0,257.0,,Cents Per Dozen
2025-01-27,National,Extra Large,739.0,766.0,753.63,,Cents Per Dozen
2025-01-27,National,Large,738.0,765.0,751.69,,Cents Per Dozen
2025-01-27,National,Medium,633.0,658.0,646.0,,Cents Per Dozen
2025-01-27,Northeast,Extra Large,743.0,757.0,750.0,,Cents Per Dozen
2025-01-27,Northeast,Large,740.0,754.0,747.0,,Cents Per Dozen
2025-01-27,Northeast,Medium,635.0,648.0,641.5,,Cents Per Dozen
2025-01-27,South Central,Extra Large,757.5,766.0,761.75,,Cents Per Dozen
2025-01-27,South Central,Large,756.5,765.0,760.75,,Cents Per Dozen
2025-01-27,South Central,Medium,649.5,658.0,653.75,,Cents Per Dozen
2025-01-27,Southeast,Extra Large,755.5,763.0,759.25,,Cents Per Dozen
2025-01-27,Southeast,Large,753.0,760.0,756.5,,Cents Per Dozen
2025-01-27,Southeast,Medium,647.5,655.0,651.25,,Cents Per Dozen
2025-02-03,Midwest,Extra Large,780.0,788.0,784.0,750.0,Cents Per Dozen
2025-02-03,Midwest,Extra Large,773.0,782.0,777.5,743.5,Cents Per Dozen
2025-02-03,Midwest,Large,778.0,786.0,782.0,748.0,Cents Per Dozen
2025-02-03,Midwest,Large,754.0,764.0,759.0,725.0,Cents Per Dozen
2025-02-03,Midwest,Large,772.0,781.0,776.5,742.5,Cents Per Dozen
2025-02-03,Midwest,Medium,674.0,682.0,678.0,643.0,Cents Per Dozen
2025-02-03,Midwest,Medium,650.0,654.0,652.0,617.0,Cents Per Dozen
2025-02-03,Midwest,Medium,668.0,677.0,672.5,637.5,Cents Per Dozen
2025-02-03,Midwest,Small,254.0,260.0,257.0,257.0,Cents Per Dozen
2025-02-03,National,Extra Large,773.0,800.0,787.63,753.63,Cents Per Dozen
2025-02-03,National,Large,772.0,799.0,785.69,751.69,Cents Per Dozen
2025-02-03,National,Medium,668.0,693.0,681.0,646.0,Cents Per Dozen
2025-02-03,Northeast,Extra Large,777.0,791.0,784.0,750.0,Cents Per Dozen
2025-02-03,Northeast,Large,774.0,788.0,781.0,747.0,Cents Per Dozen
2025-02-03,Northeast,Medium,670.0,683.0,676.5,641.5,Cents Per Dozen
2025-02-03,South Central,Extra Large,791.5,800.0,795.75,761.75,Cents Per Dozen
2025-02-03,South Central,Large,790.5,799.0,794.75,760.75,Cents Per Dozen
2025-02-03,South Central,Medium,684.5,693.0,688.75,653.75,Cents Per Dozen
2025-02-03,Southeast,Extra Large,789.5,797.0,793.25,759.25,Cents Per Dozen
2025-02-03,Southeast,Large,787.0,794.0,790.5,756.5,Cents Per Dozen
2025-02-03,Southeast,Medium,682.5,690.0,686.25,651.25,Cents Per Dozen
2025-02-10,Midwest,Extra Large,808.0,816.0,812.0,784.0,Cents Per Dozen
2025-02-10,Midwest,Extra Large,801.0,810.0,805.5,777.5,Cents Per Dozen
2025-02-10,Midwest,Large,806.0,814.0,810.0,782.0,Cents Per Dozen
2025-02-10,Midwest,Large,782.0,792.0,787.0,759.0,Cents Per Dozen
2025-02-10,Midwest,Large,800.0,809.0,804.5,776.5,Cents Per Dozen
2025-02-10,Midwest,Medium,708.0,716.0,712.0,678.0,Cents Per Dozen
2025-02-10,Midwest,Medium,684.0,688.0,686.0,652.0,Cents Per Dozen
2025-02-10,Midwest,Medium,702.0,711.0,706.5,672.5,Cents Per Dozen
2025-02-10,Midwest,Small,261.0,267.0,264.0,257.0,Cents Per Dozen
2025-02-10,National,Extra Large,801.0,828.0,815.63,787.63,Cents Per Dozen
2025-02-10,National,Large,800.0,827.0,813.69,785.69,Cents Per Dozen
2025-02-10,National,Medium,702.0,727.0,715.0,681.0,Cents Per Dozen
2025-02-10,Northeast,Extra Large,805.0,819.0,812.0,784.0,Cents Per Dozen
2025-02-10,Northeast,Large,802.0,816.0,809.0,781.0,Cents Per Dozen
2025-02-10,Northeast,Medium,704.0,717.0,710.5,676.5,Cents Per Dozen
2025-02-10,South Central,Extra Large,819.5,828.0,823.75,795.75,Cents Per Dozen
2025-02-10,South Central,Large,818.5,827.0,822.75,794.75,Cents Per Dozen
2025-02-10,South Central,Medium,718.5,727.0,722.75,688.75,Cents Per Dozen
2025-02-10,Southeast,Extra Large,817.5,825.0,821.25,793.25,Cents Per Dozen
2025-02-10,Southeast,Large,815.0,822.0,818.5,790.5,Cents Per Dozen
2025-02-10,Southeast,Medium,716.5,724.0,720.25,686.25,Cents Per Dozen
2025-02-17,Midwest,Extra Large,833.0,841.0,837.0,812.0,Cents Per Dozen
2025-02-17,Midwest,Extra Large,826.0,835.0,830.5,805.5,Cents Per Dozen
2025-02-17,Midwest,Large,831.0,839.0,835.0,810.0,Cents Per Dozen
2025-02-17,Midwest,Large,807.0,817.0,812.0,787.0,Cents Per Dozen
2025-02-17,Midwest,Large,825.0,834.0,829.5,804.5,Cents Per Dozen
2025-02-17,Midwest,Medium,740.0,748.0,744.0,712.0,Cents Per Dozen
2025-02-17,Midwest,Medium,716.0,720.0,718.0,686.0,Cents Per Dozen
2025-02-17,Midwest,Medium,734.0,743.0,738.5,706.5,Cents Per Dozen
2025-02-17,Midwest,Small,277.0,283.0,280.0,264.0,Cents Per Dozen
2025-02-17,National,Extra Large,826.0,852.0,839.88,815.63,Cents Per Dozen
2025-02-17,National,Large,825.0,852.0,838.69,813.69,Cents Per Dozen
2025-02-17,National,Medium,734.0,759.0,747.0,715.0,Cents Per Dozen
2025-02-17,Northeast,Extra Large,829.0,843.0,836.0,812.0,Cents Per Dozen
2025-02-17,Northeast,Large,827.0,841.0,834.0,809.0,Cents Per Dozen
2025-02-17,Northeast,Medium,736.0,749.0,742.5,710.5,Cents Per Dozen
2025-02-17,South Central,Extra Large,843.5,852.0,847.75,823.75,Cents Per Dozen
2025-02-17,South Central,Large,843.5,852.0,847.75,822.75,Cents Per Dozen
2025-02-17,South Central,Medium,750.5,759.0,754.75,722.75,Cents Per Dozen
2025-02-17,Southeast,Extra Large,841.5,849.0,845.25,821.25,Cents Per Dozen
2025-02-17,Southeast,Large,840.0,847.0,843.5,818.5,Cents Per Dozen
2025-02-17,Southeast,Medium,748.5,756.0,752.25,720.25,Cents Per Dozen
2025-02-24,Midwest,Extra Large,845.0,853.0,849.0,837.0,Cents Per Dozen
2025-02-24,Midwest,Extra Large,838.0,847.0,842.5,830.5,Cents Per Dozen
2025-02-24,Midwest,Large,843.0,851.0,847.0,835.0,Cents Per Dozen
2025-02-24,Midwest,Large,819.0,829.0,824.0,812.0,Cents Per Dozen
2025-02-24,Midwest,Large,837.0,846.0,841.5,829.5,Cents Per Dozen
2025-02-24,Midwest,Medium,752.0,760.0,756.0,744.0,Cents Per Dozen
2025-02-24,Midwest,Medium,728.0,732.0,730.0,718.0,Cents Per Dozen
2025-02-24,Midwest,Medium,746.0,755.0,750.5,738.5,Cents Per Dozen
2025-02-24,Midwest,Small,277.0,283.0,280.0,280.0,Cents Per Dozen
2025-02-24,National,Extra Large,838.0,864.0,851.88,839.88,Cents Per Dozen
2025-02-24,National,Large,837.0,864.0,850.69,838.69,Cents Per Dozen
2025-02-24,National,Medium,746.0,771.0,759.0,747.0,Cents Per Dozen
2025-02-24,Northeast,Extra Large,841.0,855.0,848.0,836.0,Cents Per Dozen
2025-02-24,Northeast,Large,839.0,853.0,846.0,834.0,Cents Per Dozen
2025-02-24,Northeast,Medium,748.0,761.0,754.5,742.5,Cents Per Dozen
2025-02-24,South Central,Extra Large,855.5,864.0,859.75,847.75,Cents Per Dozen
2025-02-24,South Central,Large,855.5,864.0,859.75,847.75,Cents Per Dozen
2025-02-24,South Central,Medium,762.5,771.0,766.75,754.75,Cents Per Dozen
2025-02-24,Southeast,Extra Large,853.5,861.0,857.25,845.25,Cents Per Dozen
2025-02-24,Southeast,Large,852.0,859.0,855.5,843.5,Cents Per Dozen
2025-02-24,Southeast,Medium,760.5,768.0,764.25,752.25,Cents Per Dozen
2025-03-03,Midwest,Extra Large,750.0,758.0,754.0,849.0,Cents Per Dozen
2025-03-03,Midwest,Extra Large,743.0,752.0,747.5,842.5,Cents Per Dozen
2025-03-03,Midwest,Large,748.0,756.0,752.0,847.0,Cents Per Dozen
2025-03-03,Midwest,Large,724.0,734.0,729.0,824.0,Cents Per Dozen
2025-03-03,Midwest,Large,742.0,751.0,746.5,841.5,Cents Per Dozen
2025-03-03,Midwest,Medium,642.0,650.0,646.0,756.0,Cents Per Dozen
2025-03-03,Midwest,Medium,618.0,622.0,620.0,730.0,Cents Per Dozen
2025-03-03,Midwest,Medium,636.0,645.0,640.5,750.5,Cents Per Dozen
2025-03-03,Midwest,Small,247.0,253.0,250.0,280.0,Cents Per Dozen
2025-03-03,National,Extra Large,743.0,784.0,766.75,851.88,Cents Per Dozen
2025-03-03,National,Large,742.0,769.0,755.69,850.69,Cents Per Dozen
2025-03-03,National,Medium,636.0,661.0,649.0,759.0,Cents Per Dozen
2025-03-03,Northeast,Extra Large,750.0,775.0,762.5,848.0,Cents Per Dozen
2025-03-03,Northeast,Large,744.0,758.0,751.0,846.0,Cents Per Dozen
2025-03-03,Northeast,Medium,638.0,651.0,644.5,754.5,Cents Per Dozen
2025-03-03,South Central,Extra Large,775.5,784.0,779.75,859.75,Cents Per Dozen
2025-03-03,South Central,Large,760.5,769.0,764.75,859.75,Cents Per Dozen
2025-03-03,South Central,Medium,652.5,661.0,656.75,766.75,Cents Per Dozen
2025-03-03,Southeast,Extra Large,773.5,781.0,777.25,857.25,Cents Per Dozen
2025-03-03,Southeast,Large,757.0,764.0,760.5,855.5,Cents Per Dozen
2025-03-03,Southeast,Medium,650.5,658.0,654.25,764.25,Cents Per Dozen
2025-03-10,Midwest,Extra Large,510.0,518.0,514.0,754.0,Cents Per Dozen
2025-03-10,Midwest,Extra Large,503.0,512.0,507.5,747.5,Cents Per Dozen
2025-03-10,Midwest,Large,508.0,516.0,512.0,752.0,Cents Per Dozen
2025-03-10,Midwest,Large,484.0,494.0,489.0,729.0,Cents Per Dozen
2025-03-10,Midwest,Large,502.0,511.0,506.5,746.5,Cents Per Dozen
2025-03-10,Midwest,Medium,437.0,445.0,441.0,646.0,Cents Per Dozen
2025-03-10,Midwest,Medium,413.0,417.0,415.0,620.0,Cents Per Dozen
2025-03-10,Midwest,Medium,431.0,440.0,435.5,640.5,Cents Per Dozen
2025-03-10,Midwest,Small,232.0,238.0,235.0,250.0,Cents Per Dozen
2025-03-10,National,Extra Large,503.0,564.0,539.25,766.75,Cents Per Dozen
2025-03-10,National,Large,502.0,529.0,515.69,755.69,Cents Per Dozen
2025-03-10,National,Medium,431.0,456.0,444.0,649.0,Cents Per Dozen
2025-03-10,Northeast,Extra Large,510.0,555.0,532.5,762.5,Cents Per Dozen
2025-03-10,Northeast,Large,504.0,518.0,511.0,751.0,Cents Per Dozen
2025-03-10,Northeast,Medium,433.0,446.0,439.5,644.5,Cents Per Dozen
2025-03-10,South Central,Extra Large,555.5,564.0,559.75,779.75,Cents Per Dozen
2025-03-10,South Central,Large,520.5,529.0,524.75,764.75,Cents Per Dozen
2025-03-10,South Central,Medium,447.5,456.0,451.75,656.75,Cents Per Dozen
2025-03-10,Southeast,Extra Large,553.5,561.0,557.25,777.25,Cents Per Dozen
2025-03-10,Southeast,Large,517.0,524.0,520.5,760.5,Cents Per Dozen
2025-03-10,Southeast,Medium,445.5,453.0,449.25,654.25,Cents Per Dozen
2025-03-17,Midwest,Extra Large,390.0,398.0,394.0,514.0,Cents Per Dozen
2025-03-17,Midwest,Extra Large,383.0,392.0,387.5,507.5,Cents Per Dozen
2025-03-17,Midwest,Large,388.0,396.0,392.0,512.0,Cents Per Dozen
2025-03-17,Midwest,Large,364.0,374.0,369.0,489.0,Cents Per Dozen
2025-03-17,Midwest,Large,382.0,391.0,386.5,506.5,Cents Per Dozen
2025-03-17,Midwest,Medium,342.0,350.0,346.0,441.0,Cents Per Dozen
2025-03-17,Midwest,Medium,318.0,322.0,320.0,415.0,Cents Per Dozen
2025-03-17,Midwest,Medium,336.0,345.0,340.5,435.5,Cents Per Dozen
2025-03-17,Midwest,Small,232.0,238.0,235.0,235.0,Cents Per Dozen
2025-03-17,National,Extra Large,383.0,444.0,419.25,539.25,Cents Per Dozen
2025-03-17,National,Large,382.0,409.0,395.69,515.69,Cents Per Dozen
2025-03-17,National,Medium,336.0,361.0,349.0,444.0,Cents Per Dozen
2025-03-17,Northeast,Extra Large,390.0,435.0,412.5,532.5,Cents Per Dozen
2025-03-17,Northeast,Large,384.0,398.0,391.0,511.0,Cents Per Dozen
2025-03-17,Northeast,Medium,338.0,351.0,344.5,439.5,Cents Per Dozen
2025-03-17,South Central,Extra Large,435.5,444.0,439.75,559.75,Cents Per Dozen
2025-03-17,South Central,Large,400.5,409.0,404.75,524.75,Cents Per Dozen
2025-03-17,South Central,Medium,352.5,361.0,356.75,451.75,Cents Per Dozen
2025-03-17,Southeast,Extra Large,433.5,441.0,437.25,557.25,Cents Per Dozen
2025-03-17,Southeast,Large,397.0,404.0,400.5,520.5,Cents Per Dozen
2025-03-17,Southeast,Medium,350.5,358.0,354.25,449.25,Cents Per Dozen
2025-03-24,Midwest,Extra Large,378.0,386.0,382.0,394.0,Cents Per Dozen
2025-03-24,Midwest,Extra Large,371.0,380.0,375.5,387.5,Cents Per Dozen
2025-03-24,Midwest,Large,376.0,384.0,380.0,392.0,Cents Per Dozen
2025-03-24,Midwest,Large,352.0,362.0,357.0,369.0,Cents Per Dozen
2025-03-24,Midwest,Large,370.0,379.0,374.5,386.5,Cents Per Dozen
2025-03-24,Midwest,Medium,317.0,325.0,321.0,346.0,Cents Per Dozen
2025-03-24,Midwest,Medium,293.0,297.0,295.0,320.0,Cents Per Dozen
2025-03-24,Midwest,Medium,311.0,320.0,315.5,340.5,Cents Per Dozen
2025-03-24,Midwest,Small,232.0,238.0,235.0,235.0,Cents Per Dozen
2025-03-24,National,Extra Large,371.0,430.0,406.0,419.25,Cents Per Dozen
2025-03-24,National,Large,370.0,397.0,383.69,395.69,Cents Per Dozen
2025-03-24,National,Medium,311.0,336.0,324.0,349.0,Cents Per Dozen
2025-03-24,Northeast,Extra Large,378.0,421.0,399.5,412.5,Cents Per Dozen
2025-03-24,Northeast,Large,372.0,386.0,379.0,391.0,Cents Per Dozen
2025-03-24,Northeast,Medium,313.0,326.0,319.5,344.5,Cents Per Dozen
2025-03-24,South Central,Extra Large,421.5,430.0,425.75,439.75,Cents Per Dozen
2025-03-24,South Central,Large,388.5,397.0,392.75,404.75,Cents Per Dozen
2025-03-24,South Central,Medium,327.5,336.0,331.75,356.75,Cents Per Dozen
2025-03-24,Southeast,Extra Large,419.5,427.0,423.25,437.25,Cents Per Dozen
2025-03-24,Southeast,Large,385.0,392.0,388.5,400.5,Cents Per Dozen
2025-03-24,Southeast,Medium,325.5,333.0,329.25,354.25,Cents Per Dozen
2025-03-31,Midwest,Extra Large,374.0,382.0,378.0,382.0,Cents Per Dozen
2025-03-31,Midwest,Extra Large,367.0,376.0,371.5,375.5,Cents Per Dozen
2025-03-31,Midwest,Large,372.0,380.0,376.0,380.0,Cents Per Dozen
2025-03-31,Midwest,Large,348.0,358.0,353.0,357.0,Cents Per Dozen
2025-03-31,Midwest,Large,366.0,375.0,370.5,374.5,Cents Per Dozen
2025-03-31,Midwest,Medium,317.0,325.0,321.0,321.0,Cents Per Dozen
2025-03-31,Midwest,Medium,293.0,297.0,295.0,295.0,Cents Per Dozen
2025-03-31,Midwest,Medium,311.0,320.0,315.5,315.5,Cents Per Dozen
2025-03-31,Midwest,Small,232.0,238.0,235.0,235.0,Cents Per Dozen
2025-03-31,National,Extra Large,367.0,419.0,397.63,406.0,Cents Per Dozen
2025-03-31,National,Large,366.0,393.0,379.69,383.69,Cents Per Dozen
2025-03-31,National,Medium,311.0,336.0,324.0,324.0,Cents Per Dozen
2025-03-31,Northeast,Extra Large,374.0,410.0,392.0,399.5,Cents Per Dozen
2025-03-31,Northeast,Large,368.0,382.0,375.0,379.0,Cents Per Dozen
2025-03-31,Northeast,Medium,313.0,326.0,319.5,319.5,Cents Per Dozen
2025-03-31,South Central,Extra Large,410.5,419.0,414.75,425.75,Cents Per Dozen
2025-03-31,South Central,Large,384.5,393.0,388.75,392.75,Cents Per Dozen
2025-03-31,South Central,Medium,327.5,336.0,331.75,331.75,Cents Per Dozen
2025-03-31,Southeast,Extra Large,408.5,416.0,412.25,423.25,Cents Per Dozen
2025-03-31,Southeast,Large,381.0,388.0,384.5,388.5,Cents Per Dozen
2025-03-31,Southeast,Medium,325.5,333.0,329.25,329.25,Cents Per Dozen
2025-04-07,Midwest,Extra Large,364.0,372.0,368.0,378.0,Cents Per Dozen
2025-04-07,Midwest,Extra Large,357.0,366.0,361.5,371.5,Cents Per Dozen
2025-04-07,Midwest,Large,362.0,370.0,366.0,376.0,Cents Per Dozen
2025-04-07,Midwest,Large,338.0,348.0,343.0,353.0,Cents Per Dozen
2025-04-07,Midwest,Large,356.0,365.0,360.5,370.5,Cents Per Dozen
2025-04-07,Midwest,Medium,311.0,319.0,315.0,321.0,Cents Per Dozen
2025-04-07,Midwest,Medium,287.0,291.0,289.0,295.0,Cents Per Dozen
2025-04-07,Midwest,Medium,305.0,314.0,309.5,315.5,Cents Per Dozen
2025-04-07,Midwest,Small,193.0,199.0,196.0,235.0,Cents Per Dozen
2025-04-07,National,Extra Large,357.0,384.0,371.63,397.63,Cents Per Dozen
2025-04-07,National,Large,356.0,383.0,369.69,379.69,Cents Per Dozen
2025-04-07,National,Medium,305.0,330.0,318.0,324.0,Cents Per Dozen
2025-04-07,Northeast,Extra Large,361.0,375.0,368.0,392.0,Cents Per Dozen
2025-04-07,Northeast,Large,358.0,372.0,365.0,375.0,Cents Per Dozen
2025-04-07,Northeast,Medium,307.0,320.0,313.5,319.5,Cents Per Dozen
2025-04-07,South Central,Extra Large,375.5,384.0,379.75,414.75,Cents Per Dozen
2025-04-07,South Central,Large,374.5,383.0,378.75,388.75,Cents Per Dozen
2025-04-07,South Central,Medium,321.5,330.0,325.75,331.75,Cents Per Dozen
2025-04-07,Southeast,Extra Large,373.5,381.0,377.25,412.25,Cents Per Dozen
2025-04-07,Southeast,Large,371.0,378.0,374.5,384.5,Cents Per Dozen
2025-04-07,Southeast,Medium,319.5,327.0,323.25,329.25,Cents Per Dozen
2025-04-14,Midwest,Extra Large,364.0,372.0,368.0,368.0,Cents Per Dozen
2025-04-14,Midwest,Extra Large,357.0,366.0,361.5,361.5,Cents Per Dozen
2025-04-14,Midwest,Large,362.0,370.0,366.0,366.0,Cents Per Dozen
2025-04-14,Midwest,Large,338.0,348.0,343.0,343.0,Cents Per Dozen
2025-04-14,Midwest,Large,356.0,365.0,360.5,360.5,Cents Per Dozen
2025-04-14,Midwest,Medium,311.0,319.0,315.0,315.0,Cents Per Dozen
2025-04-14,Midwest,Medium,287.0,291.0,289.0,289.0,Cents Per Dozen
2025-04-14,Midwest,Medium,305.0,314.0,309.5,309.5,Cents Per Dozen
2025-04-14,Midwest,Small,193.0,199.0,196.0,196.0,Cents Per Dozen
2025-04-14,National,Extra Large,357.0,384.0,371.63,371.63,Cents Per Dozen
2025-04-14,National,Large,356.0,383.0,369.69,369.69,Cents Per Dozen
2025-04-14,National,Medium,305.0,330.0,318.0,318.0,Cents Per Dozen
2025-04-14,Northeast,Extra Large,361.0,375.0,368.0,368.0,Cents Per Dozen
2025-04-14,Northeast,Large,358.0,372.0,365.0,365.0,Cents Per Dozen
2025-04-14,Northeast,Medium,307.0,320.0,313.5,313.5,Cents Per Dozen
2025-04-14,South Central,Extra Large,375.5,384.0,379.75,379.75,Cents Per Dozen
2025-04-14,South Central,Large,374.5,383.0,378.75,378.75,Cents Per Dozen
2025-04-14,South Central,Medium,321.5,330.0,325.75,325.75,Cents Per Dozen
2025-04-14,Southeast,Extra Large,373.5,381.0,377.25,377.25,Cents Per Dozen
2025-04-14,Southeast,Large,371.0,378.0,374.5,374.5,Cents Per Dozen
2025-04-14,Southeast,Medium,319.5,327.0,323.25,323.25,Cents Per Dozen
2025-04-21,Midwest,Extra Large,364.0,372.0,368.0,368.0,Cents Per Dozen
2025-04-21,Midwest,Extra Large,357.0,366.0,361.5,361.5,Cents Per Dozen
2025-04-21,Midwest,Large,362.0,370.0,366.0,366.0,Cents Per Dozen
2025-04-21,Midwest,Large,338.0,348.0,343.0,343.0,Cents Per Dozen
2025-04-21,Midwest,Large,356.0,365.0,360.5,360.5,Cents Per Dozen
2025-04-21,Midwest,Medium,312.0,320.0,316.0,315.0,Cents Per Dozen
2025-04-21,Midwest,Medium,288.0,292.0,290.0,289.0,Cents Per Dozen
2025-04-21,Midwest,Medium,306.0,315.0,310.5,309.5,Cents Per Dozen
2025-04-21,Midwest,Small,193.0,199.0,196.0,196.0,Cents Per Dozen
2025-04-21,National,Extra Large,357.0,384.0,371.63,371.63,Cents Per Dozen
2025-04-21,National,Large,356.0,383.0,369.69,369.69,Cents Per Dozen
2025-04-21,National,Medium,306.0,331.0,319.0,318.0,Cents Per Dozen
2025-04-21,Northeast,Extra Large,361.0,375.0,368.0,368.0,Cents Per Dozen
2025-04-21,Northeast,Large,358.0,372.0,365.0,365.0,Cents Per Dozen
2025-04-21,Northeast,Medium,308.0,321.0,314.5,313.5,Cents Per Dozen
2025-04-21,South Central,Extra Large,375.5,384.0,379.75,379.75,Cents Per Dozen
2025-04-21,South Central,Large,374.5,383.0,378.75,378.75,Cents Per Dozen
2025-04-21,South Central,Medium,322.5,331.0,326.75,325.75,Cents Per Dozen
2025-04-21,Southeast,Extra Large,373.5,381.0,377.25,377.25,Cents Per Dozen
2025-04-21,Southeast,Large,371.0,378.0,374.5,374.5,Cents Per Dozen
2025-04-21,Southeast,Medium,320.5,328.0,324.25,323.25,Cents Per Dozen
2025-04-28,Midwest,Extra Large,364.0,372.0,368.0,368.0,Cents Per Dozen
2025-04-28,Midwest,Extra Large,357.0,366.0,361.5,361.5,Cents Per Dozen
2025-04-28,Midwest,Large,362.0,370.0,366.0,366.0,Cents Per Dozen
2025-04-28,Midwest,Large,338.0,348.0,343.0,343.0,Cents Per Dozen
2025-04-28,Midwest,Large,356.0,365.0,360.5,360.5,Cents Per Dozen
2025-04-28,Midwest,Medium,323.0,331.0,327.0,316.0,Cents Per Dozen
2025-04-28,Midwest,Medium,299.0,303.0,301.0,290.0,Cents Per Dozen
2025-04-28,Midwest,Medium,317.0,326.0,321.5,310.5,Cents Per Dozen
2025-04-28,Midwest,Small,193.0,199.0,196.0,196.0,Cents Per Dozen
2025-04-28,National,Extra Large,357.0,384.0,371.63,371.63,Cents Per Dozen
2025-04-28,National,Large,356.0,383.0,369.69,369.69,Cents Per Dozen
2025-04-28,National,Medium,317.0,342.0,330.0,319.0,Cents Per Dozen
2025-04-28,Northeast,Extra Large,361.0,375.0,368.0,368.0,Cents Per Dozen
2025-04-28,Northeast,Large,358.0,372.0,365.0,365.0,Cents Per Dozen
2025-04-28,Northeast,Medium,319.0,332.0,325.5,314.5,Cents Per Dozen
2025-04-28,South Central,Extra Large,375.5,384.0,379.75,379.75,Cents Per Dozen
2025-04-28,South Central,Large,374.5,383.0,378.75,378.75,Cents Per Dozen
2025-04-28,South Central,Medium,333.5,342.0,337.75,326.75,Cents Per Dozen
2025-04-28,Southeast,Extra Large,373.5,381.0,377.25,377.25,Cents Per Dozen
2025-04-28,Southeast,Large,371.0,378.0,374.5,374.5,Cents Per Dozen
2025-04-28,Southeast,Medium,331.5,339.0,335.25,324.25,Cents Per Dozen
2025-05-05,Midwest,Extra Large,365.0,373.0,369.0,368.0,Cents Per Dozen
2025-05-05,Midwest,Extra Large,358.0,367.0,362.5,361.5,Cents Per Dozen
2025-05-05,Midwest,Large,363.0,371.0,367.0,366.0,Cents Per Dozen
2025-05-05,Midwest,Large,339.0,349.0,344.0,343.0,Cents Per Dozen
2025-05-05,Midwest,Large,357.0,366.0,361.5,360.5,Cents Per Dozen
2025-05-05,Midwest,Medium,338.0,346.0,342.0,327.0,Cents Per Dozen
2025-05-05,Midwest,Medium,314.0,318.0,316.0,301.0,Cents Per Dozen
2025-05-05,Midwest,Medium,332.0,341.0,336.5,321.5,Cents Per Dozen
2025-05-05,Midwest,Small,193.0,199.0,196.0,196.0,Cents Per Dozen
2025-05-05,National,Extra Large,358.0,388.0,374.88,371.63,Cents Per Dozen
2025-05-05,National,Large,357.0,384.0,370.69,369.69,Cents Per Dozen
2025-05-05,National,Medium,332.0,357.0,345.0,330.0,Cents Per Dozen
2025-05-05,Northeast,Extra Large,365.0,379.0,372.0,368.0,Cents Per Dozen
2025-05-05,Northeast,Large,359.0,373.0,366.0,365.0,Cents Per Dozen
2025-05-05,Northeast,Medium,334.0,347.0,340.5,325.5,Cents Per Dozen
2025-05-05,South Central,Extra Large,379.5,388.0,383.75,379.75,Cents Per Dozen
2025-05-05,South Central,Large,375.5,384.0,379.75,378.75,Cents Per Dozen
2025-05-05,South Central,Medium,348.5,357.0,352.75,337.75,Cents Per Dozen
2025-05-05,Southeast,Extra Large,377.5,385.0,381.25,377.25,Cents Per Dozen
2025-05-05,Southeast,Large,372.0,379.0,375.5,374.5,Cents Per Dozen
2025-05-05,Southeast,Medium,346.5,354.0,350.25,335.25,Cents Per Dozen
2025-05-12,Midwest,Extra Large,367.0,375.0,371.0,369.0,Cents Per Dozen
2025-05-12,Midwest,Extra Large,360.0,369.0,364.5,362.5,Cents Per Dozen
2025-05-12,Midwest,Large,365.0,373.0,369.0,367.0,Cents Per Dozen
2025-05-12,Midwest,Large,341.0,351.0,346.0,344.0,Cents Per Dozen
2025-05-12,Midwest,Large,359.0,368.0,363.5,361.5,Cents Per Dozen
2025-05-12,Midwest,Medium,348.0,356.0,352.0,342.0,Cents Per Dozen
2025-05-12,Midwest,Medium,324.0,328.0,326.0,316.0,Cents Per Dozen
2025-05-12,Midwest,Medium,342.0,351.0,346.5,336.5,Cents Per Dozen
2025-05-12,Midwest,Small,188.0,194.0,191.0,196.0,Cents Per Dozen
2025-05-12,National,Extra Large,360.0,398.0,381.88,374.88,Cents Per Dozen
2025-05-12,National,Large,359.0,386.0,372.69,370.69,Cents Per Dozen
2025-05-12,National,Medium,342.0,367.0,355.0,345.0,Cents Per Dozen
2025-05-12,Northeast,Extra Large,367.0,389.0,378.0,372.0,Cents Per Dozen
2025-05-12,Northeast,Large,361.0,375.0,368.0,366.0,Cents Per Dozen
2025-05-12,Northeast,Medium,344.0,357.0,350.5,340.5,Cents Per Dozen
2025-05-12,South Central,Extra Large,389.5,398.0,393.75,383.75,Cents Per Dozen
2025-05-12,South Central,Large,377.5,386.0,381.75,379.75,Cents Per Dozen
2025-05-12,South Central,Medium,358.5,367.0,362.75,352.75,Cents Per Dozen
2025-05-12,Southeast,Extra Large,387.5,395.0,391.25,381.25,Cents Per Dozen
2025-05-12,Southeast,Large,374.0,381.0,377.5,375.5,Cents Per Dozen
2025-05-12,Southeast,Medium,356.5,364.0,360.25,350.25,Cents Per Dozen
2025-05-19,Midwest,Extra Large,334.0,342.0,338.0,371.0,Cents Per Dozen
2025-05-19,Midwest,Extra Large,327.0,336.0,331.5,364.5,Cents Per Dozen
2025-05-19,Midwest,Large,332.0,340.0,336.0,369.0,Cents Per Dozen
2025-05-19,Midwest,Large,308.0,318.0,313.0,346.0,Cents Per Dozen
2025-05-19,Midwest,Large,326.0,335.0,330.5,363.5,Cents Per Dozen
2025-05-19,Midwest,Medium,316.0,324.0,320.0,352.0,Cents Per Dozen
2025-05-19,Midwest,Medium,292.0,296.0,294.0,326.0,Cents Per Dozen
2025-05-19,Midwest,Medium,310.0,319.0,314.5,346.5,Cents Per Dozen
2025-05-19,Midwest,Small,173.0,179.0,176.0,191.0,Cents Per Dozen
2025-05-19,National,Extra Large,327.0,363.0,347.63,381.88,Cents Per Dozen
2025-05-19,National,Large,326.0,353.0,339.69,372.69,Cents Per Dozen
2025-05-19,National,Medium,310.0,335.0,323.0,355.0,Cents Per Dozen
2025-05-19,Northeast,Extra Large,334.0,354.0,344.0,378.0,Cents Per Dozen
2025-05-19,Northeast,Large,328.0,342.0,335.0,368.0,Cents Per Dozen
2025-05-19,Northeast,Medium,312.0,325.0,318.5,350.5,Cents Per Dozen
2025-05-19,South Central,Extra Large,354.5,363.0,358.75,393.75,Cents Per Dozen
2025-05-19,South Central,Large,344.5,353.0,348.75,381.75,Cents Per Dozen
2025-05-19,South Central,Medium,326.5,335.0,330.75,362.75,Cents Per Dozen
2025-05-19,Southeast,Extra Large,352.5,360.0,356.25,391.25,Cents Per Dozen
2025-05-19,Southeast,Large,341.0,348.0,344.5,377.5,Cents Per Dozen
2025-05-19,Southeast,Medium,324.5,332.0,328.25,360.25,Cents Per Dozen
2025-05-26,Midwest,Extra Large,292.0,300.0,296.0,338.0,Cents Per Dozen
2025-05-26,Midwest,Extra Large,285.0,294.0,289.5,331.5,Cents Per Dozen
2025-05-26,Midwest,Large,290.0,298.0,294.0,336.0,Cents Per Dozen
2025-05-26,Midwest,Large,266.0,276.0,271.0,313.0,Cents Per Dozen
2025-05-26,Midwest,Large,284.0,293.0,288.5,330.5,Cents Per Dozen
2025-05-26,Midwest,Medium,279.0,287.0,283.0,320.0,Cents Per Dozen
2025-05-26,Midwest,Medium,255.0,259.0,257.0,294.0,Cents Per Dozen
2025-05-26,Midwest,Medium,273.0,282.0,277.5,314.5,Cents Per Dozen
2025-05-26,Midwest,Small,173.0,179.0,176.0,176.0,Cents Per Dozen
2025-05-26,National,Extra Large,285.0,321.0,305.63,347.63,Cents Per Dozen
2025-05-26,National,Large,284.0,311.0,297.69,339.69,Cents Per Dozen
2025-05-26,National,Medium,273.0,298.0,286.0,323.0,Cents Per Dozen
2025-05-26,Northeast,Extra Large,292.0,312.0,302.0,344.0,Cents Per Dozen
2025-05-26,Northeast,Large,286.0,300.0,293.0,335.0,Cents Per Dozen
2025-05-26,Northeast,Medium,275.0,288.0,281.5,318.5,Cents Per Dozen
2025-05-26,South Central,Extra Large,312.5,321.0,316.75,358.75,Cents Per Dozen
2025-05-26,South Central,Large,302.5,311.0,306.75,348.75,Cents Per Dozen
2025-05-26,South Central,Medium,289.5,298.0,293.75,330.75,Cents Per Dozen
2025-05-26,Southeast,Extra Large,310.5,318.0,314.25,356.25,Cents Per Dozen
2025-05-26,Southeast,Large,299.0,306.0,302.5,344.5,Cents Per Dozen
2025-05-26,Southeast,Medium,287.5,295.0,291.25,328.25,Cents Per Dozen
2025-06-02,Midwest,Extra Large,292.0,300.0,296.0,296.0,Cents Per Dozen
2025-06-02,Midwest,Extra Large,285.0,294.0,289.5,289.5,Cents Per Dozen
2025-06-02,Midwest,Large,290.0,298.0,294.0,294.0,Cents Per Dozen
2025-06-02,Midwest,Large,266.0,276.0,271.0,271.0,Cents Per Dozen
2025-06-02,Midwest,Large,284.0,293.0,288.5,288.5,Cents Per Dozen
2025-06-02,Midwest,Medium,273.0,281.0,277.0,283.0,Cents Per Dozen
2025-06-02,Midwest,Medium,249.0,253.0,251.0,257.0,Cents Per Dozen
2025-06-02,Midwest,Medium,267.0,276.0,271.5,277.5,Cents Per Dozen
2025-06-02,Midwest,Small,173.0,179.0,176.0,176.0,Cents Per Dozen
2025-06-02,National,Extra Large,285.0,321.0,305.63,305.63,Cents Per Dozen
2025-06-02,National,Large,284.0,311.0,297.69,297.69,Cents Per Dozen
2025-06-02,National,Medium,267.0,292.0,280.0,286.0,Cents Per Dozen
2025-06-02,Northeast,Extra Large,292.0,312.0,302.0,302.0,Cents Per Dozen
2025-06-02,Northeast,Large,286.0,300.0,293.0,293.0,Cents Per Dozen
2025-06-02,Northeast,Medium,269.0,282.0,275.5,281.5,Cents Per Dozen
2025-06-02,South Central,Extra Large,312.5,321.0,316.75,316.75,Cents Per Dozen
2025-06-02,South Central,Large,302.5,311.0,306.75,306.75,Cents Per Dozen
2025-06-02,South Central,Medium,283.5,292.0,287.75,293.75,Cents Per Dozen
2025-06-02,Southeast,Extra Large,310.5,318.0,314.25,314.25,Cents Per Dozen
2025-06-02,Southeast,Large,299.0,306.0,302.5,302.5,Cents Per Dozen
2025-06-02,Southeast,Medium,281.5,289.0,285.25,291.25,Cents Per Dozen
2025-06-09,Midwest,Extra Large,295.0,303.0,299.0,296.0,Cents Per Dozen
2025-06-09,Midwest,Extra Large,288.0,297.0,292.5,289.5,Cents Per Dozen
2025-06-09,Midwest,Large,293.0,301.0,297.0,294.0,Cents Per Dozen
2025-06-09,Midwest,Large,269.0,279.0,274.0,271.0,Cents Per Dozen
2025-06-09,Midwest,Large,287.0,296.0,291.5,288.5,Cents Per Dozen
2025-06-09,Midwest,Medium,271.0,279.0,275.0,277.0,Cents Per Dozen
2025-06-09,Midwest,Medium,247.0,251.0,249.0,251.0,Cents Per Dozen
2025-06-09,Midwest,Medium,265.0,274.0,269.5,271.5,Cents Per Dozen
2025-06-09,Midwest,Small,173.0,179.0,176.0,176.0,Cents Per Dozen
2025-06-09,National,Extra Large,288.0,324.0,308.63,305.63,Cents Per Dozen
2025-06-09,National,Large,287.0,314.0,300.69,297.69,Cents Per Dozen
2025-06-09,National,Medium,265.0,290.0,278.0,280.0,Cents Per Dozen
2025-06-09,Northeast,Extra Large,295.0,315.0,305.0,302.0,Cents Per Dozen
2025-06-09,Northeast,Large,289.0,303.0,296.0,293.0,Cents Per Dozen
2025-06-09,Northeast,Medium,267.0,280.0,273.5,275.5,Cents Per Dozen
2025-06-09,South Central,Extra Large,315.5,324.0,319.75,316.75,Cents Per Dozen
2025-06-09,South Central,Large,305.5,314.0,309.75,306.75,Cents Per Dozen
2025-06-09,South Central,Medium,281.5,290.0,285.75,287.75,Cents Per Dozen
2025-06-09,Southeast,Extra Large,313.5,321.0,317.25,314.25,Cents Per Dozen
2025-06-09,Southeast,Large,302.0,309.0,305.5,302.5,Cents Per Dozen
2025-06-09,Southeast,Medium,279.5,287.0,283.25,285.25,Cents Per Dozen
2025-06-16,Midwest,Extra Large,299.0,307.0,303.0,299.0,Cents Per Dozen
2025-06-16,Midwest,Extra Large,292.0,301.0,296.5,292.5,Cents Per Dozen
2025-06-16,Midwest,Large,297.0,305.0,301.0,297.0,Cents Per Dozen
2025-06-16,Midwest,Large,273.0,283.0,278.0,274.0,Cents Per Dozen
2025-06-16,Midwest,Large,291.0,300.0,295.5,291.5,Cents Per Dozen
2025-06-16,Midwest,Medium,271.0,279.0,275.0,275.0,Cents Per Dozen
2025-06-16,Midwest,Medium,247.0,251.0,249.0,249.0,Cents Per Dozen
2025-06-16,Midwest,Medium,265.0,274.0,269.5,269.5,Cents Per Dozen
2025-06-16,Midwest,Small,173.0,179.0,176.0,176.0,Cents Per Dozen
2025-06-16,National,Extra Large,292.0,328.0,312.63,308.63,Cents Per Dozen
2025-06-16,National,Large,291.0,318.0,304.69,300.69,Cents Per Dozen
2025-06-16,National,Medium,265.0,290.0,278.0,278.0,Cents Per Dozen
2025-06-16,Northeast,Extra Large,299.0,319.0,309.0,305.0,Cents Per Dozen
2025-06-16,Northeast,Large,293.0,307.0,300.0,296.0,Cents Per Dozen
2025-06-16,Northeast,Medium,267.0,280.0,273.5,273.5,Cents Per Dozen
2025-06-16,South Central,Extra Large,319.5,328.0,323.75,319.75,Cents Per Dozen
2025-06-16,South Central,Large,309.5,318.0,313.75,309.75,Cents Per Dozen
2025-06-16,South Central,Medium,281.5,290.0,285.75,285.75,Cents Per Dozen
2025-06-16,Southeast,Extra Large,317.5,325.0,321.25,317.25,Cents Per Dozen
2025-06-16,Southeast,Large,306.0,313.0,309.5,305.5,Cents Per Dozen
2025-06-16,Southeast,Medium,279.5,287.0,283.25,283.25,Cents Per Dozen
2025-06-23,Midwest,Extra Large,297.0,305.0,301.0,303.0,Cents Per Dozen
2025-06-23,Midwest,Extra Large,290.0,299.0,294.5,296.5,Cents Per Dozen
2025-06-23,Midwest,Large,295.0,303.0,299.0,301.0,Cents Per Dozen
2025-06-23,Midwest,Large,271.0,281.0,276.0,278.0,Cents Per Dozen
2025-06-23,Midwest,Large,289.0,298.0,293.5,295.5,Cents Per Dozen
2025-06-23,Midwest,Medium,264.0,272.0,268.0,275.0,Cents Per Dozen
2025-06-23,Midwest,Medium,240.0,244.0,242.0,249.0,Cents Per Dozen
2025-06-23,Midwest,Medium,258.0,267.0,262.5,269.5,Cents Per Dozen
2025-06-23,Midwest,Small,171.0,177.0,174.0,176.0,Cents Per Dozen
2025-06-23,National,Extra Large,290.0,327.0,311.25,312.63,Cents Per Dozen
2025-06-23,National,Large,289.0,316.0,302.69,304.69,Cents Per Dozen
2025-06-23,National,Medium,258.0,283.0,271.0,278.0,Cents Per Dozen
2025-06-23,Northeast,Extra Large,297.0,318.0,307.5,309.0,Cents Per Dozen
2025-06-23,Northeast,Large,291.0,305.0,298.0,300.0,Cents Per Dozen
2025-06-23,Northeast,Medium,260.0,273.0,266.5,273.5,Cents Per Dozen
2025-06-23,South Central,Extra Large,318.5,327.0,322.75,323.75,Cents Per Dozen
2025-06-23,South Central,Large,307.5,316.0,311.75,313.75,Cents Per Dozen
2025-06-23,South Central,Medium,274.5,283.0,278.75,285.75,Cents Per Dozen
2025-06-23,Southeast,Extra Large,316.5,324.0,320.25,321.25,Cents Per Dozen
2025-06-23,Southeast,Large,304.0,311.0,307.5,309.5,Cents Per Dozen
2025-06-23,Southeast,Medium,272.5,280.0,276.25,283.25,Cents Per Dozen
2025-06-30,Midwest,Extra Large,297.0,305.0,301.0,301.0,Cents Per Dozen
2025-06-30,Midwest,Extra Large,290.0,299.0,294.5,294.5,Cents Per Dozen
2025-06-30,Midwest,Large,295.0,303.0,299.0,299.0,Cents Per Dozen
2025-06-30,Midwest,Large,271.0,281.0,276.0,276.0,Cents Per Dozen
2025-06-30,Midwest,Large,289.0,298.0,293.5,293.5,Cents Per Dozen
2025-06-30,Midwest,Medium,249.0,257.0,253.0,268.0,Cents Per Dozen
2025-06-30,Midwest,Medium,225.0,229.0,227.0,242.0,Cents Per Dozen
2025-06-30,Midwest,Medium,243.0,252.0,247.5,262.5,Cents Per Dozen
2025-06-30,Midwest,Small,171.0,177.0,174.0,174.0,Cents Per Dozen
2025-06-30,National,Extra Large,290.0,327.0,311.25,311.25,Cents Per Dozen
2025-06-30,National,Large,289.0,316.0,302.69,302.69,Cents Per Dozen
2025-06-30,National,Medium,243.0,268.0,256.0,271.0,Cents Per Dozen
2025-06-30,Northeast,Extra Large,297.0,318.0,307.5,307.5,Cents Per Dozen
2025-06-30,Northeast,Large,291.0,305.0,298.0,298.0,Cents Per Dozen
2025-06-30,Northeast,Medium,245.0,258.0,251.5,266.5,Cents Per Dozen
2025-06-30,South Central,Extra Large,318.5,327.0,322.75,322.75,Cents Per Dozen
2025-06-30,South Central,Large,307.5,316.0,311.75,311.75,Cents Per Dozen
2025-06-30,South Central,Medium,259.5,268.0,263.75,278.75,Cents Per Dozen
2025-06-30,Southeast,Extra Large,316.5,324.0,320.25,320.25,Cents Per Dozen
2025-06-30,Southeast,Large,304.0,311.0,307.5,307.5,Cents Per Dozen
2025-06-30,Southeast,Medium,257.5,265.0,261.25,276.25,Cents Per Dozen
2025-07-07,Midwest,Extra Large,309.0,317.0,313.0,301.0,Cents Per Dozen
2025-07-07,Midwest,Extra Large,302.0,311.0,306.5,294.5,Cents Per Dozen
2025-07-07,Midwest,Large,307.0,315.0,311.0,299.0,Cents Per Dozen
2025-07-07,Midwest,Large,283.0,293.0,288.0,276.0,Cents Per Dozen
2025-07-07,Midwest,Large,301.0,310.0,305.5,293.5,Cents Per Dozen
2025-07-07,Midwest,Medium,222.0,230.0,226.0,253.0,Cents Per Dozen
2025-07-07,Midwest,Medium,198.0,202.0,200.0,227.0,Cents Per Dozen
2025-07-07,Midwest,Medium,216.0,225.0,220.5,247.5,Cents Per Dozen
2025-07-07,Midwest,Small,172.0,178.0,175.0,174.0,Cents Per Dozen
2025-07-07,National,Extra Large,302.0,341.0,324.5,311.25,Cents Per Dozen
2025-07-07,National,Large,301.0,328.0,314.69,302.69,Cents Per Dozen
2025-07-07,National,Medium,216.0,241.0,229.0,256.0,Cents Per Dozen
2025-07-07,Northeast,Extra Large,309.0,332.0,320.5,307.5,Cents Per Dozen
2025-07-07,Northeast,Large,303.0,317.0,310.0,298.0,Cents Per Dozen
2025-07-07,Northeast,Medium,218.0,231.0,224.5,251.5,Cents Per Dozen
2025-07-07,South Central,Extra Large,332.5,341.0,336.75,322.75,Cents Per Dozen
2025-07-07,South Central,Large,319.5,328.0,323.75,311.75,Cents Per Dozen
2025-07-07,South Central,Medium,232.5,241.0,236.75,263.75,Cents Per Dozen
2025-07-07,Southeast,Extra Large,330.5,338.0,334.25,320.25,Cents Per Dozen
2025-07-07,Southeast,Large,316.0,323.0,319.5,307.5,Cents Per Dozen
2025-07-07,Southeast,Medium,230.5,238.0,234.25,261.25,Cents Per Dozen
2025-07-14,Midwest,Extra Large,343.0,351.0,347.0,313.0,Cents Per Dozen
2025-07-14,Midwest,Extra Large,336.0,345.0,340.5,306.5,Cents Per Dozen
2025-07-14,Midwest,Large,341.0,349.0,345.0,311.0,Cents Per Dozen
2025-07-14,Midwest,Large,317.0,327.0,322.0,288.0,Cents Per Dozen
2025-07-14,Midwest,Large,335.0,344.0,339.5,305.5,Cents Per Dozen
2025-07-14,Midwest,Medium,201.0,209.0,205.0,226.0,Cents Per Dozen
2025-07-14,Midwest,Medium,177.0,181.0,179.0,200.0,Cents Per Dozen
2025-07-14,Midwest,Medium,195.0,204.0,199.5,220.5,Cents Per Dozen
2025-07-14,Midwest,Small,172.0,178.0,175.0,175.0,Cents Per Dozen
2025-07-14,National,Extra Large,336.0,377.0,359.75,324.5,Cents Per Dozen
2025-07-14,National,Large,335.0,362.0,348.69,314.69,Cents Per Dozen
2025-07-14,National,Medium,195.0,220.0,208.0,229.0,Cents Per Dozen
2025-07-14,Northeast,Extra Large,343.0,368.0,355.5,320.5,Cents Per Dozen
2025-07-14,Northeast,Large,337.0,351.0,344.0,310.0,Cents Per Dozen
2025-07-14,Northeast,Medium,197.0,210.0,203.5,224.5,Cents Per Dozen
2025-07-14,South Central,Extra Large,368.5,377.0,372.75,336.75,Cents Per Dozen
2025-07-14,South Central,Large,353.5,362.0,357.75,323.75,Cents Per Dozen
2025-07-14,South Central,Medium,211.5,220.0,215.75,236.75,Cents Per Dozen
2025-07-14,Southeast,Extra Large,366.5,374.0,370.25,334.25,Cents Per Dozen
2025-07-14,Southeast,Large,350.0,357.0,353.5,319.5,Cents Per Dozen
2025-07-14,Southeast,Medium,209.5,217.0,213.25,234.25,Cents Per Dozen
2025-07-21,Midwest,Extra Large,362.0,370.0,366.0,347.0,Cents Per Dozen
2025-07-21,Midwest,Extra Large,355.0,364.0,359.5,340.5,Cents Per Dozen
2025-07-21,Midwest,Large,360.0,368.0,364.0,345.0,Cents Per Dozen
2025-07-21,Midwest,Large,336.0,346.0,341.0,322.0,Cents Per Dozen
2025-07-21,Midwest,Large,354.0,363.0,358.5,339.5,Cents Per Dozen
2025-07-21,Midwest,Medium,195.0,203.0,199.0,205.0,Cents Per Dozen
2025-07-21,Midwest,Medium,171.0,175.0,173.0,179.0,Cents Per Dozen
2025-07-21,Midwest,Medium,189.0,198.0,193.5,199.5,Cents Per Dozen
2025-07-21,Midwest,Small,142.0,148.0,145.0,175.0,Cents Per Dozen
2025-07-21,National,Extra Large,355.0,392.0,376.25,359.75,Cents Per Dozen
2025-07-21,National,Large,354.0,381.0,367.69,348.69,Cents Per Dozen
2025-07-21,National,Medium,189.0,214.0,202.0,208.0,Cents Per Dozen
2025-07-21,Northeast,Extra Large,362.0,383.0,372.5,355.5,Cents Per Dozen
2025-07-21,Northeast,Large,356.0,370.0,363.0,344.0,Cents Per Dozen
2025-07-21,Northeast,Medium,191.0,204.0,197.5,203.5,Cents Per Dozen
2025-07-21,South Central,Extra Large,383.5,392.0,387.75,372.75,Cents Per Dozen
2025-07-21,South Central,Large,372.5,381.0,376.75,357.75,Cents Per Dozen
2025-07-21,South Central,Medium,205.5,214.0,209.75,215.75,Cents Per Dozen
2025-07-21,Southeast,Extra Large,381.5,389.0,385.25,370.25,Cents Per Dozen
2025-07-21,Southeast,Large,369.0,376.0,372.5,353.5,Cents Per Dozen
2025-07-21,Southeast,Medium,203.5,211.0,207.25,213.25,Cents Per Dozen
2025-07-28,Midwest,Extra Large,353.0,361.0,357.0,366.0,Cents Per Dozen
2025-07-28,Midwest,Extra Large,346.0,355.0,350.5,359.5,Cents Per Dozen
2025-07-28,Midwest,Large,351.0,359.0,355.0,364.0,Cents Per Dozen
2025-07-28,Midwest,Large,327.0,337.0,332.0,341.0,Cents Per Dozen
2025-07-28,Midwest,Large,345.0,354.0,349.5,358.5,Cents Per Dozen
2025-07-28,Midwest,Medium,186.0,194.0,190.0,199.0,Cents Per Dozen
2025-07-28,Midwest,Medium,162.0,166.0,164.0,173.0,Cents Per Dozen
2025-07-28,Midwest,Medium,180.0,189.0,184.5,193.5,Cents Per Dozen
2025-07-28,Midwest,Small,92.0,98.0,95.0,145.0,Cents Per Dozen
2025-07-28,National,Extra Large,346.0,383.0,367.25,376.25,Cents Per Dozen
2025-07-28,National,Large,345.0,372.0,358.69,367.69,Cents Per Dozen
2025-07-28,National,Medium,180.0,205.0,193.0,202.0,Cents Per Dozen
2025-07-28,Northeast,Extra Large,353.0,374.0,363.5,372.5,Cents Per Dozen
2025-07-28,Northeast,Large,347.0,361.0,354.0,363.0,Cents Per Dozen
2025-07-28,Northeast,Medium,182.0,195.0,188.5,197.5,Cents Per Dozen
2025-07-28,South Central,Extra Large,374.5,383.0,378.75,387.75,Cents Per Dozen
2025-07-28,South Central,Large,363.5,372.0,367.75,376.75,Cents Per Dozen
2025-07-28,South Central,Medium,196.5,205.0,200.75,209.75,Cents Per Dozen
2025-07-28,Southeast,Extra Large,372.5,380.0,376.25,385.25,Cents Per Dozen
2025-07-28,Southeast,Large,360.0,367.0,363.5,372.5,Cents Per Dozen
2025-07-28,Southeast,Medium,194.5,202.0,198.25,207.25,Cents Per Dozen
2025-08-04,Midwest,Extra Large,281.0,289.0,285.0,357.0,Cents Per Dozen
2025-08-04,Midwest,Extra Large,274.0,283.0,278.5,350.5,Cents Per Dozen
2025-08-04,Midwest,Large,279.0,287.0,283.0,355.0,Cents Per Dozen
2025-08-04,Midwest,Large,255.0,265.0,260.0,332.0,Cents Per Dozen
2025-08-04,Midwest,Large,273.0,282.0,277.5,349.5,Cents Per Dozen
2025-08-04,Midwest,Medium,142.0,150.0,146.0,190.0,Cents Per Dozen
2025-08-04,Midwest,Medium,118.0,122.0,120.0,164.0,Cents Per Dozen
2025-08-04,Midwest,Medium,136.0,145.0,140.5,184.5,Cents Per Dozen
2025-08-04,Midwest,Small,77.0,83.0,80.0,95.0,Cents Per Dozen
2025-08-04,National,Extra Large,274.0,311.0,295.25,367.25,Cents Per Dozen
2025-08-04,National,Large,273.0,300.0,286.69,358.69,Cents Per Dozen
2025-08-04,National,Medium,136.0,161.0,149.0,193.0,Cents Per Dozen
2025-08-04,Northeast,Extra Large,281.0,302.0,291.5,363.5,Cents Per Dozen
2025-08-04,Northeast,Large,275.0,289.0,282.0,354.0,Cents Per Dozen
2025-08-04,Northeast,Medium,138.0,151.0,144.5,188.5,Cents Per Dozen
2025-08-04,South Central,Extra Large,302.5,311.0,306.75,378.75,Cents Per Dozen
2025-08-04,South Central,Large,291.5,300.0,295.75,367.75,Cents Per Dozen
2025-08-04,South Central,Medium,152.5,161.0,156.75,200.75,Cents Per Dozen
2025-08-04,Southeast,Extra Large,300.5,308.0,304.25,376.25,Cents Per Dozen
2025-08-04,Southeast,Large,288.0,295.0,291.5,363.5,Cents Per Dozen
2025-08-04,Southeast,Medium,150.5,158.0,154.25,198.25,Cents Per Dozen
2025-08-11,Midwest,Extra Large,256.0,264.0,260.0,285.0,Cents Per Dozen
2025-08-11,Midwest,Extra Large,249.0,258.0,253.5,278.5,Cents Per Dozen
2025-08-11,Midwest,Large,254.0,262.0,258.0,283.0,Cents Per Dozen
2025-08-11,Midwest,Large,230.0,240.0,235.0,260.0,Cents Per Dozen
2025-08-11,Midwest,Large,248.0,257.0,252.5,277.5,Cents Per Dozen
2025-08-11,Midwest,Medium,142.0,150.0,146.0,146.0,Cents Per Dozen
2025-08-11,Midwest,Medium,118.0,122.0,120.0,120.0,Cents Per Dozen
2025-08-11,Midwest,Medium,136.0,145.0,140.5,140.5,Cents Per Dozen
2025-08-11,Midwest,Small,77.0,83.0,80.0,80.0,Cents Per Dozen
2025-08-11,National,Extra Large,249.0,290.0,272.75,295.25,Cents Per Dozen
2025-08-11,National,Large,248.0,275.0,261.69,286.69,Cents Per Dozen
2025-08-11,National,Medium,136.0,161.0,149.0,149.0,Cents Per Dozen
2025-08-11,Northeast,Extra Large,256.0,281.0,268.5,291.5,Cents Per Dozen
2025-08-11,Northeast,Large,250.0,264.0,257.0,282.0,Cents Per Dozen
2025-08-11,Northeast,Medium,138.0,151.0,144.5,144.5,Cents Per Dozen
2025-08-11,South Central,Extra Large,281.5,290.0,285.75,306.75,Cents Per Dozen
2025-08-11,South Central,Large,266.5,275.0,270.75,295.75,Cents Per Dozen
2025-08-11,South Central,Medium,152.5,161.0,156.75,156.75,Cents Per Dozen
2025-08-11,Southeast,Extra Large,279.5,287.0,283.25,304.25,Cents Per Dozen
2025-08-11,Southeast,Large,263.0,270.0,266.5,291.5,Cents Per Dozen
2025-08-11,Southeast,Medium,150.5,158.0,154.25,154.25,Cents Per Dozen
2025-08-18,Midwest,Extra Large,253.0,261.0,257.0,260.0,Cents Per Dozen
2025-08-18,Midwest,Extra Large,246.0,255.0,250.5,253.5,Cents Per Dozen
2025-08-18,Midwest,Large,251.0,259.0,255.0,258.0,Cents Per Dozen
2025-08-18,Midwest,Large,227.0,237.0,232.0,235.0,Cents Per Dozen
2025-08-18,Midwest,Large,245.0,254.0,249.5,252.5,Cents Per Dozen
2025-08-18,Midwest,Medium,160.0,168.0,164.0,146.0,Cents Per Dozen
2025-08-18,Midwest,Medium,136.0,140.0,138.0,120.0,Cents Per Dozen
2025-08-18,Midwest,Medium,154.0,163.0,158.5,140.5,Cents Per Dozen
2025-08-18,Midwest,Small,75.0,81.0,78.0,80.0,Cents Per Dozen
2025-08-18,National,Extra Large,246.0,284.0,267.88,272.75,Cents Per Dozen
2025-08-18,National,Large,245.0,272.0,258.69,261.69,Cents Per Dozen
2025-08-18,National,Medium,154.0,179.0,167.0,149.0,Cents Per Dozen
2025-08-18,Northeast,Extra Large,253.0,275.0,264.0,268.5,Cents Per Dozen
2025-08-18,Northeast,Large,247.0,261.0,254.0,257.0,Cents Per Dozen
2025-08-18,Northeast,Medium,156.0,169.0,162.5,144.5,Cents Per Dozen
2025-08-18,South Central,Extra Large,275.5,284.0,279.75,285.75,Cents Per Dozen
2025-08-18,South Central,Large,263.5,272.0,267.75,270.75,Cents Per Dozen
2025-08-18,South Central,Medium,170.5,179.0,174.75,156.75,Cents Per Dozen
2025-08-18,Southeast,Extra Large,273.5,281.0,277.25,283.25,Cents Per Dozen
2025-08-18,Southeast,Large,260.0,267.0,263.5,266.5,Cents Per Dozen
2025-08-18,Southeast,Medium,168.5,176.0,172.25,154.25,Cents Per Dozen
2025-08-25,Midwest,Extra Large,253.0,261.0,257.0,257.0,Cents Per Dozen
2025-08-25,Midwest,Extra Large,246.0,255.0,250.5,250.5,Cents Per Dozen
2025-08-25,Midwest,Large,251.0,259.0,255.0,255.0,Cents Per Dozen
2025-08-25,Midwest,Large,227.0,237.0,232.0,232.0,Cents Per Dozen
2025-08-25,Midwest,Large,245.0,254.0,249.5,249.5,Cents Per Dozen
2025-08-25,Midwest,Medium,163.0,171.0,167.0,164.0,Cents Per Dozen
2025-08-25,Midwest,Medium,139.0,143.0,141.0,138.0,Cents Per Dozen
2025-08-25,Midwest,Medium,157.0,166.0,161.5,158.5,Cents Per Dozen
2025-08-25,Midwest,Small,69.0,75.0,72.0,78.0,Cents Per Dozen
2025-08-25,National,Extra Large,246.0,281.0,266.0,267.88,Cents Per Dozen
2025-08-25,National,Large,245.0,272.0,258.69,258.69,Cents Per Dozen
2025-08-25,National,Medium,157.0,182.0,170.0,167.0,Cents Per Dozen
2025-08-25,Northeast,Extra Large,253.0,272.0,262.5,264.0,Cents Per Dozen
2025-08-25,Northeast,Large,247.0,261.0,254.0,254.0,Cents Per Dozen
2025-08-25,Northeast,Medium,159.0,172.0,165.5,162.5,Cents Per Dozen
2025-08-25,South Central,Extra Large,272.5,281.0,276.75,279.75,Cents Per Dozen
2025-08-25,South Central,Large,263.5,272.0,267.75,267.75,Cents Per Dozen
2025-08-25,South Central,Medium,173.5,182.0,177.75,174.75,Cents Per Dozen
2025-08-25,Southeast,Extra Large,270.5,278.0,274.25,277.25,Cents Per Dozen
2025-08-25,Southeast,Large,260.0,267.0,263.5,263.5,Cents Per Dozen
2025-08-25,Southeast,Medium,171.5,179.0,175.25,172.25,Cents Per Dozen
2025-09-01,Midwest,Extra Large,253.0,261.0,257.0,257.0,Cents Per Dozen
2025-09-01,Midwest,Extra Large,246.0,255.0,250.5,250.5,Cents Per Dozen
2025-09-01,Midwest,Large,251.0,259.0,255.0,255.0,Cents Per Dozen
2025-09-01,Midwest,Large,227.0,237.0,232.0,232.0,Cents Per Dozen
2025-09-01,Midwest,Large,245.0,254.0,249.5,249.5,Cents Per Dozen
2025-09-01,Midwest,Medium,163.0,171.0,167.0,167.0,Cents Per Dozen
2025-09-01,Midwest,Medium,139.0,143.0,141.0,141.0,Cents Per Dozen
2025-09-01,Midwest,Medium,157.0,166.0,161.5,161.5,Cents Per Dozen
2025-09-01,Midwest,Small,69.0,75.0,72.0,72.0,Cents Per Dozen
2025-09-01,National,Extra Large,246.0,279.0,264.75,266.0,Cents Per Dozen
2025-09-01,National,Large,245.0,272.0,258.69,258.69,Cents Per Dozen
2025-09-01,National,Medium,157.0,182.0,170.0,170.0,Cents Per Dozen
2025-09-01,Northeast,Extra Large,253.0,270.0,261.5,262.5,Cents Per Dozen
2025-09-01,Northeast,Large,247.0,261.0,254.0,254.0,Cents Per Dozen
2025-09-01,Northeast,Medium,159.0,172.0,165.5,165.5,Cents Per Dozen
2025-09-01,South Central,Extra Large,270.5,279.0,274.75,276.75,Cents Per Dozen
2025-09-01,South Central,Large,263.5,272.0,267.75,267.75,Cents Per Dozen
2025-09-01,South Central,Medium,173.5,182.0,177.75,177.75,Cents Per Dozen
2025-09-01,Southeast,Extra Large,268.5,276.0,272.25,274.25,Cents Per Dozen
2025-09-01,Southeast,Large,260.0,267.0,263.5,263.5,Cents Per Dozen
2025-09-01,Southeast,Medium,171.5,179.0,175.25,175.25,Cents Per Dozen
2025-09-08,Midwest,Extra Large,253.0,261.0,257.0,257.0,Cents Per Dozen
2025-09-08,Midwest,Extra Large,246.0,255.0,250.5,250.5,Cents Per Dozen
2025-09-08,Midwest,Large,251.0,259.0,255.0,255.0,Cents Per Dozen
2025-09-08,Midwest,Large,227.0,237.0,232.0,232.0,Cents Per Dozen
2025-09-08,Midwest,Large,245.0,254.0,249.5,249.5,Cents Per Dozen
2025-09-08,Midwest,Medium,163.0,171.0,167.0,167.0,Cents Per Dozen
2025-09-08,Midwest,Medium,139.0,143.0,141.0,141.0,Cents Per Dozen
2025-09-08,Midwest,Medium,157.0,166.0,161.5,161.5,Cents Per Dozen
2025-09-08,Midwest,Small,69.0,75.0,72.0,72.0,Cents Per Dozen
2025-09-08,National,Extra Large,246.0,279.0,264.75,264.75,Cents Per Dozen
2025-09-08,National,Large,245.0,272.0,258.69,258.69,Cents Per Dozen
2025-09-08,National,Medium,157.0,182.0,170.0,170.0,Cents Per Dozen
2025-09-08,Northeast,Extra Large,253.0,270.0,261.5,261.5,Cents Per Dozen
2025-09-08,Northeast,Large,247.0,261.0,254.0,254.0,Cents Per Dozen
2025-09-08,Northeast,Medium,159.0,172.0,165.5,165.5,Cents Per Dozen
2025-09-08,South Central,Extra Large,270.5,279.0,274.75,274.75,Cents Per Dozen
2025-09-08,South Central,Large,263.5,272.0,267.75,267.75,Cents Per Dozen
2025-09-08,South Central,Medium,173.5,182.0,177.75,177.75,Cents Per Dozen
2025-09-08,Southeast,Extra Large,268.5,276.0,272.25,272.25,Cents Per Dozen
2025-09-08,Southeast,Large,260.0,267.0,263.5,263.5,Cents Per Dozen
2025-09-08,Southeast,Medium,171.5,179.0,175.25,175.25,Cents Per Dozen
2025-09-15,Midwest,Extra Large,236.0,244.0,240.0,257.0,Cents Per Dozen
2025-09-15,Midwest,Extra Large,229.0,238.0,233.5,250.5,Cents Per Dozen
2025-09-15,Midwest,Large,234.0,242.0,238.0,255.0,Cents Per Dozen
2025-09-15,Midwest,Large,210.0,220.0,215.0,232.0,Cents Per Dozen
2025-09-15,Midwest,Large,228.0,237.0,232.5,249.5,Cents Per Dozen
2025-09-15,Midwest,Medium,159.0,167.0,163.0,167.0,Cents Per Dozen
2025-09-15,Midwest,Medium,135.0,139.0,137.0,141.0,Cents Per Dozen
2025-09-15,Midwest,Medium,153.0,162.0,157.5,161.5,Cents Per Dozen
2025-09-15,Midwest,Small,69.0,75.0,72.0,72.0,Cents Per Dozen
2025-09-15,National,Extra Large,229.0,256.0,244.75,264.75,Cents Per Dozen
2025-09-15,National,Large,228.0,249.0,238.69,258.69,Cents Per Dozen
2025-09-15,National,Medium,153.0,174.0,164.0,170.0,Cents Per Dozen
2025-09-15,Northeast,Extra Large,236.0,253.0,244.5,261.5,Cents Per Dozen
2025-09-15,Northeast,Large,230.0,244.0,237.0,254.0,Cents Per Dozen
2025-09-15,Northeast,Medium,155.0,168.0,161.5,165.5,Cents Per Dozen
2025-09-15,South Central,Extra Large,247.5,256.0,251.75,274.75,Cents Per Dozen
2025-09-15,South Central,Large,240.5,249.0,244.75,267.75,Cents Per Dozen
2025-09-15,South Central,Medium,165.5,174.0,169.75,177.75,Cents Per Dozen
2025-09-15,Southeast,Extra Large,245.5,253.0,249.25,272.25,Cents Per Dozen
2025-09-15,Southeast,Large,237.0,244.0,240.5,263.5,Cents Per Dozen
2025-09-15,Southeast,Medium,163.5,171.0,167.25,175.25,Cents Per Dozen
2025-09-22,Midwest,Extra Large,166.0,174.0,170.0,240.0,Cents Per Dozen
2025-09-22,Midwest,Extra Large,159.0,168.0,163.5,233.5,Cents Per Dozen
2025-09-22,Midwest,Large,164.0,172.0,168.0,238.0,Cents Per Dozen
2025-09-22,Midwest,Large,140.0,150.0,145.0,215.0,Cents Per Dozen
2025-09-22,Midwest,Large,158.0,167.0,162.5,232.5,Cents Per Dozen
2025-09-22,Midwest,Medium,144.0,152.0,148.0,163.0,Cents Per Dozen
2025-09-22,Midwest,Medium,120.0,124.0,122.0,137.0,Cents Per Dozen
2025-09-22,Midwest,Medium,138.0,147.0,142.5,157.5,Cents Per Dozen
2025-09-22,Midwest,Small,59.0,65.0,62.0,72.0,Cents Per Dozen
2025-09-22,National,Extra Large,159.0,186.0,174.75,244.75,Cents Per Dozen
2025-09-22,National,Large,158.0,179.0,168.69,238.69,Cents Per Dozen
2025-09-22,National,Medium,138.0,159.0,149.0,164.0,Cents Per Dozen
2025-09-22,Northeast,Extra Large,166.0,183.0,174.5,244.5,Cents Per Dozen
2025-09-22,Northeast,Large,160.0,174.0,167.0,237.0,Cents Per Dozen
2025-09-22,Northeast,Medium,140.0,153.0,146.5,161.5,Cents Per Dozen
2025-09-22,South Central,Extra Large,177.5,186.0,181.75,251.75,Cents Per Dozen
2025-09-22,South Central,Large,170.5,179.0,174.75,244.75,Cents Per Dozen
2025-09-22,South Central,Medium,150.5,159.0,154.75,169.75,Cents Per Dozen
2025-09-22,Southeast,Extra Large,175.5,183.0,179.25,249.25,Cents Per Dozen
2025-09-22,Southeast,Large,167.0,174.0,170.5,240.5,Cents Per Dozen
2025-09-22,Southeast,Medium,148.5,156.0,152.25,167.25,Cents Per Dozen
2025-09-29,Midwest,Extra Large,149.0,157.0,153.0,170.0,Cents Per Dozen
2025-09-29,Midwest,Extra Large,142.0,151.0,146.5,163.5,Cents Per Dozen
2025-09-29,Midwest,Large,147.0,155.0,151.0,168.0,Cents Per Dozen
2025-09-29,Midwest,Large,123.0,133.0,128.0,145.0,Cents Per Dozen
2025-09-29,Midwest,Large,141.0,150.0,145.5,162.5,Cents Per Dozen
2025-09-29,Midwest,Medium,139.0,147.0,143.0,148.0,Cents Per Dozen
2025-09-29,Midwest,Medium,115.0,119.0,117.0,122.0,Cents Per Dozen
2025-09-29,Midwest,Medium,133.0,142.0,137.5,142.5,Cents Per Dozen
2025-09-29,Midwest,Small,53.0,59.0,56.0,62.0,Cents Per Dozen
2025-09-29,National,Extra Large,142.0,170.0,157.88,174.75,Cents Per Dozen
2025-09-29,National,Large,141.0,162.0,151.69,168.69,Cents Per Dozen
2025-09-29,National,Medium,133.0,154.0,144.0,149.0,Cents Per Dozen
2025-09-29,Northeast,Extra Large,149.0,167.0,158.0,174.5,Cents Per Dozen
2025-09-29,Northeast,Large,143.0,157.0,150.0,167.0,Cents Per Dozen
2025-09-29,Northeast,Medium,135.0,148.0,141.5,146.5,Cents Per Dozen
2025-09-29,South Central,Extra Large,161.5,170.0,165.75,181.75,Cents Per Dozen
2025-09-29,South Central,Large,153.5,162.0,157.75,174.75,Cents Per Dozen
2025-09-29,South Central,Medium,145.5,154.0,149.75,154.75,Cents Per Dozen
2025-09-29,Southeast,Extra Large,157.5,165.0,161.25,179.25,Cents Per Dozen
2025-09-29,Southeast,Large,150.0,157.0,153.5,170.5,Cents Per Dozen
2025-09-29,Southeast,Medium,143.5,151.0,147.25,152.25,Cents Per Dozen
2025-10-06,Midwest,Extra Large,149.0,157.0,153.0,153.0,Cents Per Dozen
2025-10-06,Midwest,Extra Large,142.0,151.0,146.5,146.5,Cents Per Dozen
2025-10-06,Midwest,Large,147.0,155.0,151.0,151.0,Cents Per Dozen
2025-10-06,Midwest,Large,123.0,133.0,128.0,128.0,Cents Per Dozen
2025-10-06,Midwest,Large,141.0,150.0,145.5,145.5,Cents Per Dozen
2025-10-06,Midwest,Medium,139.0,147.0,143.0,143.0,Cents Per Dozen
2025-10-06,Midwest,Medium,115.0,119.0,117.0,117.0,Cents Per Dozen
2025-10-06,Midwest,Medium,133.0,142.0,137.5,137.5,Cents Per Dozen
2025-10-06,Midwest,Small,51.0,57.0,54.0,56.0,Cents Per Dozen
2025-10-06,National,Extra Large,142.0,170.0,157.88,157.88,Cents Per Dozen
2025-10-06,National,Large,141.0,162.0,151.69,151.69,Cents Per Dozen
2025-10-06,National,Medium,133.0,154.0,144.0,144.0,Cents Per Dozen
2025-10-06,Northeast,Extra Large,149.0,167.0,158.0,158.0,Cents Per Dozen
2025-10-06,Northeast,Large,143.0,157.0,150.0,150.0,Cents Per Dozen
2025-10-06,Northeast,Medium,135.0,148.0,141.5,141.5,Cents Per Dozen
2025-10-06,South Central,Extra Large,161.5,170.0,165.75,165.75,Cents Per Dozen
2025-10-06,South Central,Large,153.5,162.0,157.75,157.75,Cents Per Dozen
2025-10-06,South Central,Medium,145.5,154.0,149.75,149.75,Cents Per Dozen
2025-10-06,Southeast,Extra Large,157.5,165.0,161.25,161.25,Cents Per Dozen
2025-10-06,Southeast,Large,150.0,157.0,153.5,153.5,Cents Per Dozen
2025-10-06,Southeast,Medium,143.5,151.0,147.25,147.25,Cents Per Dozen
2025-10-13,Midwest,Extra Large,149.0,157.0,153.0,153.0,Cents Per Dozen
2025-10-13,Midwest,Extra Large,142.0,151.0,146.5,146.5,Cents Per Dozen
2025-10-13,Midwest,Large,147.0,155.0,151.0,151.0,Cents Per Dozen
2025-10-13,Midwest,Large,123.0,133.0,128.0,128.0,Cents Per Dozen
2025-10-13,Midwest,Large,141.0,150.0,145.5,145.5,Cents Per Dozen
2025-10-13,Midwest,Medium,139.0,147.0,143.0,143.0,Cents Per Dozen
2025-10-13,Midwest,Medium,115.0,119.0,117.0,117.0,Cents Per Dozen
2025-10-13,Midwest,Medium,133.0,142.0,137.5,137.5,Cents Per Dozen
2025-10-13,Midwest,Small,52.0,58.0,55.0,54.0,Cents Per Dozen
2025-10-13,National,Extra Large,142.0,170.0,157.88,157.88,Cents Per Dozen
2025-10-13,National,Large,141.0,162.0,151.69,151.69,Cents Per Dozen
2025-10-13,National,Medium,133.0,154.0,144.0,144.0,Cents Per Dozen
2025-10-13,Northeast,Extra Large,149.0,167.0,158.0,158.0,Cents Per Dozen
2025-10-13,Northeast,Large,143.0,157.0,150.0,150.0,Cents Per Dozen
2025-10-13,Northeast,Medium,135.0,148.0,141.5,141.5,Cents Per Dozen
2025-10-13,South Central,Extra Large,161.5,170.0,165.75,165.75,Cents Per Dozen
2025-10-13,South Central,Large,153.5,162.0,157.75,157.75,Cents Per Dozen
2025-10-13,South Central,Medium,145.5,154.0,149.75,149.75,Cents Per Dozen
2025-10-13,Southeast,Extra Large,157.5,165.0,161.25,161.25,Cents Per Dozen
2025-10-13,Southeast,Large,150.0,157.0,153.5,153.5,Cents Per Dozen
2025-10-13,Southeast,Medium,143.5,151.0,147.25,147.25,Cents Per Dozen
2025-10-20,Midwest,Extra Large,156.0,164.0,160.0,153.0,Cents Per Dozen
2025-10-20,Midwest,Extra Large,149.0,158.0,153.5,146.5,Cents Per Dozen
2025-10-20,Midwest,Large,154.0,162.0,158.0,151.0,Cents Per Dozen
2025-10-20,Midwest,Large,130.0,140.0,135.0,128.0,Cents Per Dozen
2025-10-20,Midwest,Large,148.0,157.0,152.5,145.5,Cents Per Dozen
2025-10-20,Midwest,Medium,144.0,152.0,148.0,143.0,Cents Per Dozen
2025-10-20,Midwest,Medium,120.0,124.0,122.0,117.0,Cents Per Dozen
2025-10-20,Midwest,Medium,138.0,147.0,142.5,137.5,Cents Per Dozen
2025-10-20,Midwest,Small,56.0,62.0,59.0,55.0,Cents Per Dozen
2025-10-20,National,Extra Large,149.0,184.0,169.0,157.88,Cents Per Dozen
2025-10-20,National,Large,148.0,171.0,159.69,151.69,Cents Per Dozen
2025-10-20,National,Medium,138.0,159.0,149.0,144.0,Cents Per Dozen
2025-10-20,Northeast,Extra Large,156.0,179.0,167.5,158.0,Cents Per Dozen
2025-10-20,Northeast,Large,150.0,164.0,157.0,150.0,Cents Per Dozen
2025-10-20,Northeast,Medium,140.0,153.0,146.5,141.5,Cents Per Dozen
2025-10-20,South Central,Extra Large,175.5,184.0,179.75,165.75,Cents Per Dozen
2025-10-20,South Central,Large,162.5,171.0,166.75,157.75,Cents Per Dozen
2025-10-20,South Central,Medium,150.5,159.0,154.75,149.75,Cents Per Dozen
2025-10-20,Southeast,Extra Large,171.5,179.0,175.25,161.25,Cents Per Dozen
2025-10-20,Southeast,Large,159.0,166.0,162.5,153.5,Cents Per Dozen
2025-10-20,Southeast,Medium,148.5,156.0,152.25,147.25,Cents Per Dozen
2025-10-27,Midwest,Extra Large,178.0,186.0,182.0,160.0,Cents Per Dozen
2025-10-27,Midwest,Extra Large,171.0,180.0,175.5,153.5,Cents Per Dozen
2025-10-27,Midwest,Large,176.0,184.0,180.0,158.0,Cents Per Dozen
2025-10-27,Midwest,Large,152.0,162.0,157.0,135.0,Cents Per Dozen
2025-10-27,Midwest,Large,170.0,179.0,174.5,152.5,Cents Per Dozen
2025-10-27,Midwest,Medium,159.0,167.0,163.0,148.0,Cents Per Dozen
2025-10-27,Midwest,Medium,135.0,139.0,137.0,122.0,Cents Per Dozen
2025-10-27,Midwest,Medium,153.0,162.0,157.5,142.5,Cents Per Dozen
2025-10-27,Midwest,Small,64.0,70.0,67.0,59.0,Cents Per Dozen
2025-10-27,National,Extra Large,171.0,211.0,194.0,169.0,Cents Per Dozen
2025-10-27,National,Large,170.0,194.0,182.19,159.69,Cents Per Dozen
2025-10-27,National,Medium,153.0,174.0,164.0,149.0,Cents Per Dozen
2025-10-27,Northeast,Extra Large,178.0,205.0,191.5,167.5,Cents Per Dozen
2025-10-27,Northeast,Large,172.0,186.0,179.0,157.0,Cents Per Dozen
2025-10-27,Northeast,Medium,155.0,168.0,161.5,146.5,Cents Per Dozen
2025-10-27,South Central,Extra Large,202.5,211.0,206.75,179.75,Cents Per Dozen
2025-10-27,South Central,Large,185.5,194.0,189.75,166.75,Cents Per Dozen
2025-10-27,South Central,Medium,165.5,174.0,169.75,154.75,Cents Per Dozen
2025-10-27,Southeast,Extra Large,198.5,206.0,202.25,175.25,Cents Per Dozen
2025-10-27,Southeast,Large,182.0,189.0,185.5,162.5,Cents Per Dozen
2025-10-27,Southeast,Medium,163.5,171.0,167.25,152.25,Cents Per Dozen
2025-11-03,Midwest,Extra Large,204.0,212.0,208.0,182.0,Cents Per Dozen
2025-11-03,Midwest,Extra Large,197.0,206.0,201.5,175.5,Cents Per Dozen
2025-11-03,Midwest,Large,202.0,210.0,206.0,180.0,Cents Per Dozen
2025-11-03,Midwest,Large,178.0,188.0,183.0,157.0,Cents Per Dozen
2025-11-03,Midwest,Large,196.0,205.0,200.5,174.5,Cents Per Dozen
2025-11-03,Midwest,Medium,176.0,184.0,180.0,163.0,Cents Per Dozen
2025-11-03,Midwest,Medium,152.0,156.0,154.0,137.0,Cents Per Dozen
2025-11-03,Midwest,Medium,170.0,179.0,174.5,157.5,Cents Per Dozen
2025-11-03,Midwest,Small,77.0,83.0,80.0,67.0,Cents Per Dozen
2025-11-03,National,Extra Large,197.0,230.0,215.63,194.0,Cents Per Dozen
2025-11-03,National,Large,196.0,220.0,208.19,182.19,Cents Per Dozen
2025-11-03,National,Medium,170.0,191.0,181.0,164.0,Cents Per Dozen
2025-11-03,Northeast,Extra Large,204.0,224.0,214.0,191.5,Cents Per Dozen
2025-11-03,Northeast,Large,198.0,212.0,205.0,179.0,Cents Per Dozen
2025-11-03,Northeast,Medium,172.0,185.0,178.5,161.5,Cents Per Dozen
2025-11-03,South Central,Extra Large,221.5,230.0,225.75,206.75,Cents Per Dozen
2025-11-03,South Central,Large,211.5,220.0,215.75,189.75,Cents Per Dozen
2025-11-03,South Central,Medium,182.5,191.0,186.75,169.75,Cents Per Dozen
2025-11-03,Southeast,Extra Large,217.5,225.0,221.25,202.25,Cents Per Dozen
2025-11-03,Southeast,Large,208.0,215.0,211.5,185.5,Cents Per Dozen
2025-11-03,Southeast,Medium,180.5,188.0,184.25,167.25,Cents Per Dozen
2025-11-10,Midwest,Extra Large,228.0,236.0,232.0,208.0,Cents Per Dozen
2025-11-10,Midwest,Extra Large,221.0,230.0,225.5,201.5,Cents Per Dozen
2025-11-10,Midwest,Large,226.0,234.0,230.0,206.0,Cents Per Dozen
2025-11-10,Midwest,Large,202.0,212.0,207.0,183.0,Cents Per Dozen
2025-11-10,Midwest,Large,220.0,229.0,224.5,200.5,Cents Per Dozen
2025-11-10,Midwest,Medium,189.0,197.0,193.0,180.0,Cents Per Dozen
2025-11-10,Midwest,Medium,165.0,169.0,167.0,154.0,Cents Per Dozen
2025-11-10,Midwest,Medium,183.0,192.0,187.5,174.5,Cents Per Dozen
2025-11-10,Midwest,Small,80.0,86.0,83.0,80.0,Cents Per Dozen
2025-11-10,National,Extra Large,221.0,252.0,238.38,215.63,Cents Per Dozen
2025-11-10,National,Large,220.0,244.0,232.19,208.19,Cents Per Dozen
2025-11-10,National,Medium,183.0,204.0,194.0,181.0,Cents Per Dozen
2025-11-10,Northeast,Extra Large,228.0,246.0,237.0,214.0,Cents Per Dozen
2025-11-10,Northeast,Large,222.0,236.0,229.0,205.0,Cents Per Dozen
2025-11-10,Northeast,Medium,185.0,198.0,191.5,178.5,Cents Per Dozen
2025-11-10,South Central,Extra Large,243.5,252.0,247.75,225.75,Cents Per Dozen
2025-11-10,South Central,Large,235.5,244.0,239.75,215.75,Cents Per Dozen
2025-11-10,South Central,Medium,195.5,204.0,199.75,186.75,Cents Per Dozen
2025-11-10,Southeast,Extra Large,239.5,247.0,243.25,221.25,Cents Per Dozen
2025-11-10,Southeast,Large,232.0,239.0,235.5,211.5,Cents Per Dozen
2025-11-10,Southeast,Medium,193.5,201.0,197.25,184.25,Cents Per Dozen
2025-11-17,Midwest,Extra Large,247.0,255.0,251.0,232.0,Cents Per Dozen
2025-11-17,Midwest,Extra Large,240.0,249.0,244.5,225.5,Cents Per Dozen
2025-11-17,Midwest,Large,245.0,253.0,249.0,230.0,Cents Per Dozen
2025-11-17,Midwest,Large,221.0,231.0,226.0,207.0,Cents Per Dozen
2025-11-17,Midwest,Large,239.0,248.0,243.5,224.5,Cents Per Dozen
2025-11-17,Midwest,Medium,192.0,200.0,196.0,193.0,Cents Per Dozen
2025-11-17,Midwest,Medium,168.0,172.0,170.0,167.0,Cents Per Dozen
2025-11-17,Midwest,Medium,186.0,195.0,190.5,187.5,Cents Per Dozen
2025-11-17,Midwest,Small,80.0,86.0,83.0,83.0,Cents Per Dozen
2025-11-17,National,Extra Large,240.0,265.0,253.88,238.38,Cents Per Dozen
2025-11-17,National,Large,239.0,263.0,251.19,232.19,Cents Per Dozen
2025-11-17,National,Medium,186.0,207.0,197.0,194.0,Cents Per Dozen
2025-11-17,Northeast,Extra Large,245.0,259.0,252.0,237.0,Cents Per Dozen
2025-11-17,Northeast,Large,241.0,255.0,248.0,229.0,Cents Per Dozen
2025-11-17,Northeast,Medium,188.0,201.0,194.5,191.5,Cents Per Dozen
2025-11-17,South Central,Extra Large,256.5,265.0,260.75,247.75,Cents Per Dozen
2025-11-17,South Central,Large,254.5,263.0,258.75,239.75,Cents Per Dozen
2025-11-17,South Central,Medium,198.5,207.0,202.75,199.75,Cents Per Dozen
2025-11-17,Southeast,Extra Large,254.5,262.0,258.25,243.25,Cents Per Dozen
2025-11-17,Southeast,Large,251.0,258.0,254.5,235.5,Cents Per Dozen
2025-11-17,Southeast,Medium,196.5,204.0,200.25,197.25,Cents Per Dozen
2025-11-24,Midwest,Extra Large,248.0,256.0,252.0,251.0,Cents Per Dozen
2025-11-24,Midwest,Extra Large,241.0,250.0,245.5,244.5,Cents Per Dozen
2025-11-24,Midwest,Large,246.0,254.0,250.0,249.0,Cents Per Dozen
2025-11-24,Midwest,Large,222.0,232.0,227.0,226.0,Cents Per Dozen
2025-11-24,Midwest,Large,240.0,249.0,244.5,243.5,Cents Per Dozen
2025-11-24,Midwest,Medium,184.0,192.0,188.0,196.0,Cents Per Dozen
2025-11-24,Midwest,Medium,160.0,164.0,162.0,170.0,Cents Per Dozen
2025-11-24,Midwest,Medium,178.0,187.0,182.5,190.5,Cents Per Dozen
2025-11-24,Midwest,Small,80.0,86.0,83.0,83.0,Cents Per Dozen
2025-11-24,National,Extra Large,241.0,265.0,254.13,253.88,Cents Per Dozen
2025-11-24,National,Large,240.0,264.0,252.19,251.19,Cents Per Dozen
2025-11-24,National,Medium,178.0,199.0,189.0,197.0,Cents Per Dozen
2025-11-24,Northeast,Extra Large,245.0,259.0,252.0,252.0,Cents Per Dozen
2025-11-24,Northeast,Large,242.0,256.0,249.0,248.0,Cents Per Dozen
2025-11-24,Northeast,Medium,180.0,193.0,186.5,194.5,Cents Per Dozen
2025-11-24,South Central,Extra Large,256.5,265.0,260.75,260.75,Cents Per Dozen
2025-11-24,South Central,Large,255.5,264.0,259.75,258.75,Cents Per Dozen
2025-11-24,South Central,Medium,190.5,199.0,194.75,202.75,Cents Per Dozen
2025-11-24,Southeast,Extra Large,254.5,262.0,258.25,258.25,Cents Per Dozen
2025-11-24,Southeast,Large,252.0,259.0,255.5,254.5,Cents Per Dozen
2025-11-24,Southeast,Medium,188.5,196.0,192.25,200.25,Cents Per Dozen
2025-12-01,Midwest,Extra Large,235.0,243.0,239.0,252.0,Cents Per Dozen
2025-12-01,Midwest,Extra Large,228.0,237.0,232.5,245.5,Cents Per Dozen
2025-12-01,Midwest,Large,233.0,241.0,237.0,250.0,Cents Per Dozen
2025-12-01,Midwest,Large,209.0,219.0,214.0,227.0,Cents Per Dozen
2025-12-01,Midwest,Large,227.0,236.0,231.5,244.5,Cents Per Dozen
2025-12-01,Midwest,Medium,164.0,172.0,168.0,188.0,Cents Per Dozen
2025-12-01,Midwest,Medium,140.0,144.0,142.0,162.0,Cents Per Dozen
2025-12-01,Midwest,Medium,158.0,167.0,162.5,182.5,Cents Per Dozen
2025-12-01,Midwest,Small,80.0,86.0,83.0,83.0,Cents Per Dozen
2025-12-01,National,Extra Large,228.0,252.0,241.13,254.13,Cents Per Dozen
2025-12-01,National,Large,227.0,251.0,239.19,252.19,Cents Per Dozen
2025-12-01,National,Medium,158.0,179.0,169.0,189.0,Cents Per Dozen
2025-12-01,Northeast,Extra Large,232.0,246.0,239.0,252.0,Cents Per Dozen
2025-12-01,Northeast,Large,229.0,243.0,236.0,249.0,Cents Per Dozen
2025-12-01,Northeast,Medium,160.0,173.0,166.5,186.5,Cents Per Dozen
2025-12-01,South Central,Extra Large,243.5,252.0,247.75,260.75,Cents Per Dozen
2025-12-01,South Central,Large,242.5,251.0,246.75,259.75,Cents Per Dozen
2025-12-01,South Central,Medium,170.5,179.0,174.75,194.75,Cents Per Dozen
2025-12-01,Southeast,Extra Large,241.5,249.0,245.25,258.25,Cents Per Dozen
2025-12-01,Southeast,Large,239.0,246.0,242.5,255.5,Cents Per Dozen
2025-12-01,Southeast,Medium,168.5,176.0,172.25,192.25,Cents Per Dozen
2025-12-08,Midwest,Extra Large,192.0,200.0,196.0,239.0,Cents Per Dozen
2025-12-08,Midwest,Extra Large,185.0,194.0,189.5,232.5,Cents Per Dozen
2025-12-08,Midwest,Large,190.0,198.0,194.0,237.0,Cents Per Dozen
2025-12-08,Midwest,Large,166.0,176.0,171.0,214.0,Cents Per Dozen
2025-12-08,Midwest,Large,184.0,193.0,188.5,231.5,Cents Per Dozen
2025-12-08,Midwest,Medium,138.0,146.0,142.0,168.0,Cents Per Dozen
2025-12-08,Midwest,Medium,114.0,118.0,116.0,142.0,Cents Per Dozen
2025-12-08,Midwest,Medium,132.0,141.0,136.5,162.5,Cents Per Dozen
2025-12-08,Midwest,Small,70.0,76.0,73.0,83.0,Cents Per Dozen
2025-12-08,National,Extra Large,185.0,209.0,198.13,241.13,Cents Per Dozen
2025-12-08,National,Large,184.0,208.0,196.19,239.19,Cents Per Dozen
2025-12-08,National,Medium,132.0,153.0,143.0,169.0,Cents Per Dozen
2025-12-08,Northeast,Extra Large,189.0,203.0,196.0,239.0,Cents Per Dozen
2025-12-08,Northeast,Large,186.0,200.0,193.0,236.0,Cents Per Dozen
2025-12-08,Northeast,Medium,134.0,147.0,140.5,166.5,Cents Per Dozen
2025-12-08,South Central,Extra Large,200.5,209.0,204.75,247.75,Cents Per Dozen
2025-12-08,South Central,Large,199.5,208.0,203.75,246.75,Cents Per Dozen
2025-12-08,South Central,Medium,144.5,153.0,148.75,174.75,Cents Per Dozen
2025-12-08,Southeast,Extra Large,198.5,206.0,202.25,245.25,Cents Per Dozen
2025-12-08,Southeast,Large,196.0,203.0,199.5,242.5,Cents Per Dozen
2025-12-08,Southeast,Medium,142.5,150.0,146.25,172.25,Cents Per Dozen
2025-12-15,Midwest,Extra Large,136.0,144.0,140.0,196.0,Cents Per Dozen
2025-12-15,Midwest,Extra Large,129.0,138.0,133.5,189.5,Cents Per Dozen
2025-12-15,Midwest,Large,134.0,142.0,138.0,194.0,Cents Per Dozen
2025-12-15,Midwest,Large,110.0,120.0,115.0,171.0,Cents Per Dozen
2025-12-15,Midwest,Large,128.0,137.0,132.5,188.5,Cents Per Dozen
2025-12-15,Midwest,Medium,99.0,107.0,103.0,142.0,Cents Per Dozen
2025-12-15,Midwest,Medium,75.0,79.0,77.0,116.0,Cents Per Dozen
2025-12-15,Midwest,Medium,93.0,102.0,97.5,136.5,Cents Per Dozen
2025-12-15,Midwest,Small,32.0,38.0,35.0,73.0,Cents Per Dozen
2025-12-15,National,Extra Large,129.0,159.0,146.25,198.13,Cents Per Dozen
2025-12-15,National,Large,128.0,152.0,140.19,196.19,Cents Per Dozen
2025-12-15,National,Medium,93.0,114.0,104.0,143.0,Cents Per Dozen
2025-12-15,Northeast,Extra Large,136.0,153.0,144.5,196.0,Cents Per Dozen
2025-12-15,Northeast,Large,130.0,144.0,137.0,193.0,Cents Per Dozen
2025-12-15,Northeast,Medium,95.0,108.0,101.5,140.5,Cents Per Dozen
2025-12-15,South Central,Extra Large,150.5,159.0,154.75,204.75,Cents Per Dozen
2025-12-15,South Central,Large,143.5,152.0,147.75,203.75,Cents Per Dozen
2025-12-15,South Central,Medium,105.5,114.0,109.75,148.75,Cents Per Dozen
2025-12-15,Southeast,Extra Large,148.5,156.0,152.25,202.25,Cents Per Dozen
2025-12-15,Southeast,Large,140.0,147.0,143.5,199.5,Cents Per Dozen
2025-12-15,Southeast,Medium,103.5,111.0,107.25,146.25,Cents Per Dozen
2025-12-22,Midwest,Extra Large,114.0,122.0,118.0,140.0,Cents Per Dozen
2025-12-22,Midwest,Extra Large,107.0,116.0,111.5,133.5,Cents Per Dozen
2025-12-22,Midwest,Large,112.0,120.0,116.0,138.0,Cents Per Dozen
2025-12-22,Midwest,Large,88.0,98.0,93.0,115.0,Cents Per Dozen
2025-12-22,Midwest,Large,106.0,115.0,110.5,132.5,Cents Per Dozen
2025-12-22,Midwest,Medium,76.0,84.0,80.0,103.0,Cents Per Dozen
2025-12-22,Midwest,Medium,52.0,56.0,54.0,77.0,Cents Per Dozen
2025-12-22,Midwest,Medium,70.0,79.0,74.5,97.5,Cents Per Dozen
2025-12-22,Midwest,Small,30.0,36.0,33.0,35.0,Cents Per Dozen
2025-12-22,National,Extra Large,107.0,137.0,124.25,146.25,Cents Per Dozen
2025-12-22,National,Large,106.0,130.0,118.19,140.19,Cents Per Dozen
2025-12-22,National,Medium,70.0,91.0,81.0,104.0,Cents Per Dozen
2025-12-22,Northeast,Extra Large,114.0,131.0,122.5,144.5,Cents Per Dozen
2025-12-22,Northeast,Large,108.0,122.0,115.0,137.0,Cents Per Dozen
2025-12-22,Northeast,Medium,72.0,85.0,78.5,101.5,Cents Per Dozen
2025-12-22,South Central,Extra Large,128.5,137.0,132.75,154.75,Cents Per Dozen
2025-12-22,South Central,Large,121.5,130.0,125.75,147.75,Cents Per Dozen
2025-12-22,South Central,Medium,82.5,91.0,86.75,109.75,Cents Per Dozen
2025-12-22,Southeast,Extra Large,126.5,134.0,130.25,152.25,Cents Per Dozen
2025-12-22,Southeast,Large,118.0,125.0,121.5,143.5,Cents Per Dozen
2025-12-22,Southeast,Medium,80.5,88.0,84.25,107.25,Cents Per Dozen
2025-12-29,Midwest,Extra Large,96.0,104.0,100.0,118.0,Cents Per Dozen
2025-12-29,Midwest,Extra Large,89.0,98.0,93.5,111.5,Cents Per Dozen
2025-12-29,Midwest,Large,94.0,102.0,98.0,116.0,Cents Per Dozen
2025-12-29,Midwest,Large,70.0,80.0,75.0,93.0,Cents Per Dozen
2025-12-29,Midwest,Large,88.0,97.0,92.5,110.5,Cents Per Dozen
2025-12-29,Midwest,Medium,53.0,61.0,57.0,80.0,Cents Per Dozen
2025-12-29,Midwest,Medium,29.0,33.0,31.0,54.0,Cents Per Dozen
2025-12-29,Midwest,Medium,47.0,56.0,51.5,74.5,Cents Per Dozen
2025-12-29,Midwest,Small,26.0,32.0,29.0,33.0,Cents Per Dozen
2025-12-29,National,Extra Large,89.0,119.0,106.25,124.25,Cents Per Dozen
2025-12-29,National,Large,88.0,112.0,100.19,118.19,Cents Per Dozen
2025-12-29,National,Medium,47.0,68.0,58.0,81.0,Cents Per Dozen
2025-12-29,Northeast,Extra Large,96.0,113.0,104.5,122.5,Cents Per Dozen
2025-12-29,Northeast,Large,90.0,104.0,97.0,115.0,Cents Per Dozen
2025-12-29,Northeast,Medium,49.0,62.0,55.5,78.5,Cents Per Dozen
2025-12-29,South Central,Extra Large,110.5,119.0,114.75,132.75,Cents Per Dozen
2025-12-29,South Central,Large,103.5,112.0,107.75,125.75,Cents Per Dozen
2025-12-29,South Central,Medium,59.5,68.0,63.75,86.75,Cents Per Dozen
2025-12-29,Southeast,Extra Large,108.5,116.0,112.25,130.25,Cents Per Dozen
2025-12-29,Southeast,Large,100.0,107.0,103.5,121.5,Cents Per Dozen
2025-12-29,Southeast,Medium,57.5,65.0,61.25,84.25,Cents Per Dozen
2026-01-05,Midwest,Extra Large,71.0,79.0,75.0,100.0,Cents Per Dozen
2026-01-05,Midwest,Extra Large,64.0,73.0,68.5,93.5,Cents Per Dozen
2026-01-05,Midwest,Large,69.0,77.0,73.0,98.0,Cents Per Dozen
2026-01-05,Midwest,Large,45.0,55.0,50.0,75.0,Cents Per Dozen
2026-01-05,Midwest,Large,63.0,72.0,67.5,92.5,Cents Per Dozen
2026-01-05,Midwest,Medium,41.0,49.0,45.0,57.0,Cents Per Dozen
2026-01-05,Midwest,Medium,17.0,21.0,19.0,31.0,Cents Per Dozen
2026-01-05,Midwest,Medium,35.0,44.0,39.5,51.5,Cents Per Dozen
2026-01-05,Midwest,Small,13.0,19.0,16.0,29.0,Cents Per Dozen
2026-01-05,National,Extra Large,64.0,95.0,82.0,106.25,Cents Per Dozen
2026-01-05,National,Large,63.0,88.0,75.94,100.19,Cents Per Dozen
2026-01-05,National,Medium,35.0,56.0,46.0,58.0,Cents Per Dozen
2026-01-05,Northeast,Extra Large,72.0,89.0,80.5,104.5,Cents Per Dozen
2026-01-05,Northeast,Large,66.0,80.0,73.0,97.0,Cents Per Dozen
2026-01-05,Northeast,Medium,37.0,50.0,43.5,55.5,Cents Per Dozen
2026-01-05,South Central,Extra Large,86.5,95.0,90.75,114.75,Cents Per Dozen
2026-01-05,South Central,Large,79.5,88.0,83.75,107.75,Cents Per Dozen
2026-01-05,South Central,Medium,47.5,56.0,51.75,63.75,Cents Per Dozen
2026-01-05,Southeast,Extra Large,84.5,92.0,88.25,112.25,Cents Per Dozen
2026-01-05,Southeast,Large,76.0,83.0,79.5,103.5,Cents Per Dozen
2026-01-05,Southeast,Medium,45.5,53.0,49.25,61.25,Cents Per Dozen
2026-01-12,Midwest,Extra Large,63.0,71.0,67.0,75.0,Cents Per Dozen
2026-01-12,Midwest,Extra Large,56.0,65.0,60.5,68.5,Cents Per Dozen
2026-01-12,Midwest,Large,61.0,69.0,65.0,73.0,Cents Per Dozen
2026-01-12,Midwest,Large,37.0,47.0,42.0,50.0,Cents Per Dozen
2026-01-12,Midwest,Large,55.0,64.0,59.5,67.5,Cents Per Dozen
2026-01-12,Midwest,Medium,41.0,49.0,45.0,45.0,Cents Per Dozen
2026-01-12,Midwest,Medium,17.0,21.0,19.0,19.0,Cents Per Dozen
2026-01-12,Midwest,Medium,35.0,44.0,39.5,39.5,Cents Per Dozen
2026-01-12,Midwest,Small,13.0,19.0,16.0,16.0,Cents Per Dozen
2026-01-12,National,Extra Large,56.0,93.0,77.75,82.0,Cents Per Dozen
2026-01-12,National,Large,55.0,80.0,67.94,75.94,Cents Per Dozen
2026-01-12,National,Medium,35.0,56.0,46.0,46.0,Cents Per Dozen
2026-01-12,Northeast,Extra Large,64.0,87.0,75.5,80.5,Cents Per Dozen
2026-01-12,Northeast,Large,58.0,72.0,65.0,73.0,Cents Per Dozen
2026-01-12,Northeast,Medium,37.0,50.0,43.5,43.5,Cents Per Dozen
2026-01-12,South Central,Extra Large,84.5,93.0,88.75,90.75,Cents Per Dozen
2026-01-12,South Central,Large,71.5,80.0,75.75,83.75,Cents Per Dozen
2026-01-12,South Central,Medium,47.5,56.0,51.75,51.75,Cents Per Dozen
2026-01-12,Southeast,Extra Large,82.5,90.0,86.25,88.25,Cents Per Dozen
2026-01-12,Southeast,Large,68.0,75.0,71.5,79.5,Cents Per Dozen
2026-01-12,Southeast,Medium,45.5,53.0,49.25,49.25,Cents Per Dozen
2026-01-19,Midwest,Extra Large,90.0,98.0,94.0,67.0,Cents Per Dozen
2026-01-19,Midwest,Extra Large,83.0,92.0,87.5,60.5,Cents Per Dozen
2026-01-19,Midwest,Large,88.0,96.0,92.0,65.0,Cents Per Dozen
2026-01-19,Midwest,Large,64.0,74.0,69.0,42.0,Cents Per Dozen
2026-01-19,Midwest,Large,82.0,91.0,86.5,59.5,Cents Per Dozen
2026-01-19,Midwest,Medium,67.0,75.0,71.0,45.0,Cents Per Dozen
2026-01-19,Midwest,Medium,43.0,47.0,45.0,19.0,Cents Per Dozen
2026-01-19,Midwest,Medium,61.0,70.0,65.5,39.5,Cents Per Dozen
2026-01-19,Midwest,Small,18.0,24.0,21.0,16.0,Cents Per Dozen
2026-01-19,National,Extra Large,83.0,124.0,107.25,77.75,Cents Per Dozen
2026-01-19,National,Large,82.0,107.0,94.94,67.94,Cents Per Dozen
2026-01-19,National,Medium,61.0,82.0,72.0,46.0,Cents Per Dozen
2026-01-19,Northeast,Extra Large,91.0,118.0,104.5,75.5,Cents Per Dozen
2026-01-19,Northeast,Large,85.0,99.0,92.0,65.0,Cents Per Dozen
2026-01-19,Northeast,Medium,63.0,76.0,69.5,43.5,Cents Per Dozen
2026-01-19,South Central,Extra Large,115.5,124.0,119.75,88.75,Cents Per Dozen
2026-01-19,South Central,Large,98.5,107.0,102.75,75.75,Cents Per Dozen
2026-01-19,South Central,Medium,73.5,82.0,77.75,51.75,Cents Per Dozen
2026-01-19,Southeast,Extra Large,113.5,121.0,117.25,86.25,Cents Per Dozen
2026-01-19,Southeast,Large,95.0,102.0,98.5,71.5,Cents Per Dozen
2026-01-19,Southeast,Medium,71.5,79.0,75.25,49.25,Cents Per Dozen
2026-01-26,Midwest,Extra Large,133.0,141.0,137.0,94.0,Cents Per Dozen
2026-01-26,Midwest,Extra Large,126.0,135.0,130.5,87.5,Cents Per Dozen
2026-01-26,Midwest,Large,131.0,139.0,135.0,92.0,Cents Per Dozen
2026-01-26,Midwest,Large,107.0,117.0,112.0,69.0,Cents Per Dozen
2026-01-26,Midwest,Large,125.0,134.0,129.5,86.5,Cents Per Dozen
2026-01-26,Midwest,Medium,102.0,110.0,106.0,71.0,Cents Per Dozen
2026-01-26,Midwest,Medium,78.0,82.0,80.0,45.0,Cents Per Dozen
2026-01-26,Midwest,Medium,96.0,105.0,100.5,65.5,Cents Per Dozen
2026-01-26,Midwest,Small,27.0,33.0,30.0,21.0,Cents Per Dozen
2026-01-26,National,Extra Large,126.0,167.0,150.75,107.25,Cents Per Dozen
2026-01-26,National,Large,125.0,150.0,138.44,94.94,Cents Per Dozen
2026-01-26,National,Medium,96.0,117.0,107.5,72.0,Cents Per Dozen
2026-01-26,Northeast,Extra Large,136.0,163.0,149.5,104.5,Cents Per Dozen
2026-01-26,Northeast,Large,130.0,144.0,137.0,92.0,Cents Per Dozen
2026-01-26,Northeast,Medium,100.0,113.0,106.5,69.5,Cents Per Dozen
2026-01-26,South Central,Extra Large,158.5,167.0,162.75,119.75,Cents Per Dozen
2026-01-26,South Central,Large,141.5,150.0,145.75,102.75,Cents Per Dozen
2026-01-26,South Central,Medium,108.5,117.0,112.75,77.75,Cents Per Dozen
2026-01-26,Southeast,Extra Large,156.5,164.0,160.25,117.25,Cents Per Dozen
2026-01-26,Southeast,Large,138.0,145.0,141.5,98.5,Cents Per Dozen
2026-01-26,Southeast,Medium,106.5,114.0,110.25,75.25,Cents Per Dozen
2026-02-02,Midwest,Extra Large,147.0,155.0,151.0,137.0,Cents Per Dozen
2026-02-02,Midwest,Extra Large,140.0,149.0,144.5,130.5,Cents Per Dozen
2026-02-02,Midwest,Large,145.0,153.0,149.0,135.0,Cents Per Dozen
2026-02-02,Midwest,Large,121.0,131.0,126.0,112.0,Cents Per Dozen
2026-02-02,Midwest,Large,139.0,148.0,143.5,129.5,Cents Per Dozen
2026-02-02,Midwest,Medium,108.0,116.0,112.0,106.0,Cents Per Dozen
2026-02-02,Midwest,Medium,84.0,88.0,86.0,80.0,Cents Per Dozen
2026-02-02,Midwest,Medium,102.0,111.0,106.5,100.5,Cents Per Dozen
2026-02-02,Midwest,Small,27.0,33.0,30.0,30.0,Cents Per Dozen
2026-02-02,National,Extra Large,140.0,181.0,164.38,150.75,Cents Per Dozen
2026-02-02,National,Large,139.0,165.0,152.69,138.44,Cents Per Dozen
2026-02-02,National,Medium,102.0,124.0,113.75,107.5,Cents Per Dozen
2026-02-02,Northeast,Extra Large,150.0,176.0,163.0,149.5,Cents Per Dozen
2026-02-02,Northeast,Large,144.0,158.0,151.0,137.0,Cents Per Dozen
2026-02-02,Northeast,Medium,106.0,119.0,112.5,106.5,Cents Per Dozen
2026-02-02,South Central,Extra Large,172.5,181.0,176.75,162.75,Cents Per Dozen
2026-02-02,South Central,Large,156.5,165.0,160.75,145.75,Cents Per Dozen
2026-02-02,South Central,Medium,115.5,124.0,119.75,112.75,Cents Per Dozen
2026-02-02,Southeast,Extra Large,169.5,177.0,173.25,160.25,Cents Per Dozen
2026-02-02,Southeast,Large,152.0,159.0,155.5,141.5,Cents Per Dozen
2026-02-02,Southeast,Medium,112.5,120.0,116.25,110.25,Cents Per Dozen
2026-02-09,Midwest,Extra Large,122.0,130.0,126.0,151.0,Cents Per Dozen
2026-02-09,Midwest,Extra Large,115.0,124.0,119.5,144.5,Cents Per Dozen
2026-02-09,Midwest,Large,120.0,128.0,124.0,149.0,Cents Per Dozen
2026-02-09,Midwest,Large,96.0,106.0,101.0,126.0,Cents Per Dozen
2026-02-09,Midwest,Large,114.0,123.0,118.5,143.5,Cents Per Dozen
2026-02-09,Midwest,Medium,86.0,94.0,90.0,112.0,Cents Per Dozen
2026-02-09,Midwest,Medium,62.0,66.0,64.0,86.0,Cents Per Dozen
2026-02-09,Midwest,Medium,80.0,89.0,84.5,106.5,Cents Per Dozen
2026-02-09,Midwest,Small,27.0,33.0,30.0,30.0,Cents Per Dozen
2026-02-09,National,Extra Large,115.0,155.0,138.75,164.38,Cents Per Dozen
2026-02-09,National,Large,114.0,140.0,127.69,152.69,Cents Per Dozen
2026-02-09,National,Medium,80.0,102.0,91.75,113.75,Cents Per Dozen
2026-02-09,Northeast,Extra Large,125.0,150.0,137.5,163.0,Cents Per Dozen
2026-02-09,Northeast,Large,119.0,133.0,126.0,151.0,Cents Per Dozen
2026-02-09,Northeast,Medium,84.0,97.0,90.5,112.5,Cents Per Dozen
2026-02-09,South Central,Extra Large,146.5,155.0,150.75,176.75,Cents Per Dozen
2026-02-09,South Central,Large,131.5,140.0,135.75,160.75,Cents Per Dozen
2026-02-09,South Central,Medium,93.5,102.0,97.75,119.75,Cents Per Dozen
2026-02-09,Southeast,Extra Large,143.5,151.0,147.25,173.25,Cents Per Dozen
2026-02-09,Southeast,Large,127.0,134.0,130.5,155.5,Cents Per Dozen
2026-02-09,Southeast,Medium,90.5,98.0,94.25,116.25,Cents Per Dozen
2026-02-16,Midwest,Extra Large,87.0,95.0,91.0,126.0,Cents Per Dozen
2026-02-16,Midwest,Extra Large,80.0,89.0,84.5,119.5,Cents Per Dozen
2026-02-16,Midwest,Large,85.0,93.0,89.0,124.0,Cents Per Dozen
2026-02-16,Midwest,Large,61.0,71.0,66.0,101.0,Cents Per Dozen
2026-02-16,Midwest,Large,79.0,88.0,83.5,118.5,Cents Per Dozen
2026-02-16,Midwest,Medium,72.0,80.0,76.0,90.0,Cents Per Dozen
2026-02-16,Midwest,Medium,48.0,52.0,50.0,64.0,Cents Per Dozen
2026-02-16,Midwest,Medium,66.0,75.0,70.5,84.5,Cents Per Dozen
2026-02-16,Midwest,Small,27.0,33.0,30.0,30.0,Cents Per Dozen
2026-02-16,National,Extra Large,80.0,118.0,103.5,138.75,Cents Per Dozen
2026-02-16,National,Large,79.0,105.0,93.69,127.69,Cents Per Dozen
2026-02-16,National,Medium,66.0,88.0,77.75,91.75,Cents Per Dozen
2026-02-16,Northeast,Extra Large,94.0,117.0,105.5,137.5,Cents Per Dozen
2026-02-16,Northeast,Large,88.0,102.0,95.0,126.0,Cents Per Dozen
2026-02-16,Northeast,Medium,70.0,83.0,76.5,90.5,Cents Per Dozen
2026-02-16,South Central,Extra Large,109.5,118.0,113.75,150.75,Cents Per Dozen
2026-02-16,South Central,Large,96.5,105.0,100.75,135.75,Cents Per Dozen
2026-02-16,South Central,Medium,79.5,88.0,83.75,97.75,Cents Per Dozen
2026-02-16,Southeast,Extra Large,106.5,114.0,110.25,147.25,Cents Per Dozen
2026-02-16,Southeast,Large,92.0,99.0,95.5,130.5,Cents Per Dozen
2026-02-16,Southeast,Medium,76.5,84.0,80.25,94.25,Cents Per Dozen
2026-02-23,Midwest,Extra Large,66.0,74.0,70.0,91.0,Cents Per Dozen
2026-02-23,Midwest,Extra Large,59.0,68.0,63.5,84.5,Cents Per Dozen
2026-02-23,Midwest,Large,64.0,72.0,68.0,89.0,Cents Per Dozen
2026-02-23,Midwest,Large,40.0,50.0,45.0,66.0,Cents Per Dozen
2026-02-23,Midwest,Large,58.0,67.0,62.5,83.5,Cents Per Dozen
2026-02-23,Midwest,Medium,64.0,72.0,68.0,76.0,Cents Per Dozen
2026-02-23,Midwest,Medium,40.0,44.0,42.0,50.0,Cents Per Dozen
2026-02-23,Midwest,Medium,58.0,67.0,62.5,70.5,Cents Per Dozen
2026-02-23,Midwest,Small,27.0,33.0,30.0,30.0,Cents Per Dozen
2026-02-23,National,Extra Large,59.0,93.0,80.0,103.5,Cents Per Dozen
2026-02-23,National,Large,58.0,84.0,72.69,93.69,Cents Per Dozen
2026-02-23,National,Medium,58.0,80.0,69.75,77.75,Cents Per Dozen
2026-02-23,Northeast,Extra Large,73.0,92.0,82.5,105.5,Cents Per Dozen
2026-02-23,Northeast,Large,67.0,81.0,74.0,95.0,Cents Per Dozen
2026-02-23,Northeast,Medium,62.0,75.0,68.5,76.5,Cents Per Dozen
2026-02-23,South Central,Extra Large,84.5,93.0,88.75,113.75,Cents Per Dozen
2026-02-23,South Central,Large,75.5,84.0,79.75,100.75,Cents Per Dozen
2026-02-23,South Central,Medium,71.5,80.0,75.75,83.75,Cents Per Dozen
2026-02-23,Southeast,Extra Large,81.5,89.0,85.25,110.25,Cents Per Dozen
2026-02-23,Southeast,Large,71.0,78.0,74.5,95.5,Cents Per Dozen
2026-02-23,Southeast,Medium,68.5,76.0,72.25,80.25,Cents Per Dozen
2026-03-02,Midwest,Extra Large,103.0,111.0,107.0,70.0,Cents Per Dozen
2026-03-02,Midwest,Extra Large,96.0,105.0,100.5,63.5,Cents Per Dozen
2026-03-02,Midwest,Large,101.0,109.0,105.0,68.0,Cents Per Dozen
2026-03-02,Midwest,Large,77.0,87.0,82.0,45.0,Cents Per Dozen
2026-03-02,Midwest,Large,95.0,104.0,99.5,62.5,Cents Per Dozen
2026-03-02,Midwest,Medium,80.0,88.0,84.0,68.0,Cents Per Dozen
2026-03-02,Midwest,Medium,56.0,60.0,58.0,42.0,Cents Per Dozen
2026-03-02,Midwest,Medium,74.0,83.0,78.5,62.5,Cents Per Dozen
2026-03-02,Midwest,Small,32.0,38.0,35.0,30.0,Cents Per Dozen
2026-03-02,National,Extra Large,96.0,128.0,115.75,80.0,Cents Per Dozen
2026-03-02,National,Large,95.0,121.0,109.69,72.69,Cents Per Dozen
2026-03-02,National,Medium,74.0,96.0,85.75,69.75,Cents Per Dozen
2026-03-02,Northeast,Extra Large,110.0,127.0,118.5,82.5,Cents Per Dozen
2026-03-02,Northeast,Large,104.0,118.0,111.0,74.0,Cents Per Dozen
2026-03-02,Northeast,Medium,78.0,91.0,84.5,68.5,Cents Per Dozen
2026-03-02,South Central,Extra Large,119.5,128.0,123.75,88.75,Cents Per Dozen
2026-03-02,South Central,Large,112.5,121.0,116.75,79.75,Cents Per Dozen
2026-03-02,South Central,Medium,87.5,96.0,91.75,75.75,Cents Per Dozen
2026-03-02,Southeast,Extra Large,116.5,124.0,120.25,85.25,Cents Per Dozen
2026-03-02,Southeast,Large,108.0,115.0,111.5,74.5,Cents Per Dozen
2026-03-02,Southeast,Medium,84.5,92.0,88.25,72.25,Cents Per Dozen
2026-03-09,Midwest,Extra Large,164.0,172.0,168.0,107.0,Cents Per Dozen
2026-03-09,Midwest,Extra Large,157.0,166.0,161.5,100.5,Cents Per Dozen
2026-03-09,Midwest,Large,162.0,170.0,166.0,105.0,Cents Per Dozen
2026-03-09,Midwest,Large,138.0,148.0,143.0,82.0,Cents Per Dozen
2026-03-09,Midwest,Large,156.0,165.0,160.5,99.5,Cents Per Dozen
2026-03-09,Midwest,Medium,92.0,100.0,96.0,84.0,Cents Per Dozen
2026-03-09,Midwest,Medium,68.0,72.0,70.0,58.0,Cents Per Dozen
2026-03-09,Midwest,Medium,86.0,95.0,90.5,78.5,Cents Per Dozen
2026-03-09,Midwest,Small,45.0,51.0,48.0,35.0,Cents Per Dozen
2026-03-09,National,Extra Large,157.0,180.0,170.75,115.75,Cents Per Dozen
2026-03-09,National,Large,156.0,180.0,169.69,109.69,Cents Per Dozen
2026-03-09,National,Medium,86.0,107.0,97.25,85.75,Cents Per Dozen
2026-03-09,Northeast,Extra Large,164.0,179.0,171.5,118.5,Cents Per Dozen
2026-03-09,Northeast,Large,163.0,177.0,170.0,111.0,Cents Per Dozen
2026-03-09,Northeast,Medium,89.0,102.0,95.5,84.5,Cents Per Dozen
2026-03-09,South Central,Extra Large,171.5,180.0,175.75,123.75,Cents Per Dozen
2026-03-09,South Central,Large,171.5,180.0,175.75,116.75,Cents Per Dozen
2026-03-09,South Central,Medium,98.5,107.0,102.75,91.75,Cents Per Dozen
2026-03-09,Southeast,Extra Large,170.5,178.0,174.25,120.25,Cents Per Dozen
2026-03-09,Southeast,Large,169.0,176.0,172.5,111.5,Cents Per Dozen
2026-03-09,Southeast,Medium,96.5,104.0,100.25,88.25,Cents Per Dozen
2026-03-16,Midwest,Extra Large,188.0,196.0,192.0,168.0,Cents Per Dozen
2026-03-16,Midwest,Extra Large,181.0,190.0,185.5,161.5,Cents Per Dozen
2026-03-16,Midwest,Large,186.0,194.0,190.0,166.0,Cents Per Dozen
2026-03-16,Midwest,Large,162.0,172.0,167.0,143.0,Cents Per Dozen
2026-03-16,Midwest,Large,180.0,189.0,184.5,160.5,Cents Per Dozen
2026-03-16,Midwest,Medium,98.0,106.0,102.0,96.0,Cents Per Dozen
2026-03-16,Midwest,Medium,74.0,78.0,76.0,70.0,Cents Per Dozen
2026-03-16,Midwest,Medium,92.0,101.0,96.5,90.5,Cents Per Dozen
2026-03-16,Midwest,Small,51.0,57.0,54.0,48.0,Cents Per Dozen
2026-03-16,National,Extra Large,181.0,200.0,191.88,170.75,Cents Per Dozen
2026-03-16,National,Large,180.0,200.0,190.69,169.69,Cents Per Dozen
2026-03-16,National,Medium,92.0,113.0,103.5,97.25,Cents Per Dozen
2026-03-16,Northeast,Extra Large,183.0,197.0,190.0,171.5,Cents Per Dozen
2026-03-16,Northeast,Large,181.0,195.0,188.0,170.0,Cents Per Dozen
2026-03-16,Northeast,Medium,95.0,108.0,101.5,95.5,Cents Per Dozen
2026-03-16,South Central,Extra Large,191.5,200.0,195.75,175.75,Cents Per Dozen
2026-03-16,South Central,Large,191.5,200.0,195.75,175.75,Cents Per Dozen
2026-03-16,South Central,Medium,104.5,113.0,108.75,102.75,Cents Per Dozen
2026-03-16,Southeast,Extra Large,192.5,200.0,196.25,174.25,Cents Per Dozen
2026-03-16,Southeast,Large,191.0,198.0,194.5,172.5,Cents Per Dozen
2026-03-16,Southeast,Medium,103.5,111.0,107.25,100.25,Cents Per Dozen
